id_celda,dwell_medio_ms,forma_gamma,mezcla,largo,n_tray,canal,k,estimador,modo,fpr_h0,magnitud_minima_detectable,potencia_max_barrida
0,10,1,dominante_8nm,50,50,dwell,4,plugin,ar1,0.04,0.1,1
0,10,1,dominante_8nm,50,50,dwell,4,plugin,limping,0.04,0.35,1
0,10,1,dominante_8nm,50,50,dwell,4,mm,ar1,0.04,0.1,1
0,10,1,dominante_8nm,50,50,dwell,4,mm,limping,0.04,0.35,1
0,10,1,dominante_8nm,50,50,dwell,4,pt,ar1,0.04,0.1,1
0,10,1,dominante_8nm,50,50,dwell,4,pt,limping,0.04,0.35,1
0,10,1,dominante_8nm,50,50,dwell,4,nsb,ar1,0.036,0.1,1
0,10,1,dominante_8nm,50,50,dwell,4,nsb,limping,0.036,0.35,1
0,10,1,dominante_8nm,50,50,dwell,8,plugin,ar1,0.044,0.2,1
0,10,1,dominante_8nm,50,50,dwell,8,plugin,limping,0.044,0.5,1
0,10,1,dominante_8nm,50,50,dwell,8,mm,ar1,0.044,0.2,1
0,10,1,dominante_8nm,50,50,dwell,8,mm,limping,0.044,0.5,1
0,10,1,dominante_8nm,50,50,dwell,8,pt,ar1,0.044,0.2,1
0,10,1,dominante_8nm,50,50,dwell,8,pt,limping,0.044,0.5,1
0,10,1,dominante_8nm,50,50,dwell,8,nsb,ar1,0.046,0.2,1
0,10,1,dominante_8nm,50,50,dwell,8,nsb,limping,0.046,0.5,1
0,10,1,dominante_8nm,50,50,dwell_paso,8,plugin,ar1,0.038,,0.052
0,10,1,dominante_8nm,50,50,dwell_paso,8,plugin,limping,0.038,,0.066
0,10,1,dominante_8nm,50,50,dwell_paso,8,mm,ar1,0.038,,0.052
0,10,1,dominante_8nm,50,50,dwell_paso,8,mm,limping,0.038,,0.066
0,10,1,dominante_8nm,50,50,dwell_paso,8,pt,ar1,0.038,,0.052
0,10,1,dominante_8nm,50,50,dwell_paso,8,pt,limping,0.038,,0.066
0,10,1,dominante_8nm,50,50,dwell_paso,8,nsb,ar1,0.038,,0.052
0,10,1,dominante_8nm,50,50,dwell_paso,8,nsb,limping,0.038,,0.064
1,10,1,dominante_8nm,50,100,evento,4,plugin,ar1,0.04,0.2,1
1,10,1,dominante_8nm,50,100,evento,4,plugin,limping,0.04,0.5,1
1,10,1,dominante_8nm,50,100,evento,4,mm,ar1,0.038,0.2,1
1,10,1,dominante_8nm,50,100,evento,4,mm,limping,0.038,0.5,1
1,10,1,dominante_8nm,50,100,evento,4,pt,ar1,0.038,0.2,1
1,10,1,dominante_8nm,50,100,evento,4,pt,limping,0.038,0.5,1
1,10,1,dominante_8nm,50,100,evento,4,nsb,ar1,0.042,0.2,1
1,10,1,dominante_8nm,50,100,evento,4,nsb,limping,0.042,0.5,1
1,10,1,dominante_8nm,50,100,evento,8,plugin,ar1,0.046,0.2,1
1,10,1,dominante_8nm,50,100,evento,8,plugin,limping,0.046,0.5,1
1,10,1,dominante_8nm,50,100,evento,8,mm,ar1,0.05,0.2,1
1,10,1,dominante_8nm,50,100,evento,8,mm,limping,0.05,0.5,1
1,10,1,dominante_8nm,50,100,evento,8,pt,ar1,0.046,0.2,1
1,10,1,dominante_8nm,50,100,evento,8,pt,limping,0.046,0.5,1
1,10,1,dominante_8nm,50,100,dwell,4,plugin,ar1,0.05,0.1,1
1,10,1,dominante_8nm,50,100,dwell,4,plugin,limping,0.05,0.35,1
1,10,1,dominante_8nm,50,100,dwell,4,mm,ar1,0.05,0.1,1
1,10,1,dominante_8nm,50,100,dwell,4,mm,limping,0.05,0.35,1
1,10,1,dominante_8nm,50,100,dwell,4,pt,ar1,0.05,0.1,1
1,10,1,dominante_8nm,50,100,dwell,4,pt,limping,0.05,0.35,1
1,10,1,dominante_8nm,50,100,dwell,4,nsb,ar1,0.05,0.1,1
1,10,1,dominante_8nm,50,100,dwell,4,nsb,limping,0.05,0.35,1
1,10,1,dominante_8nm,50,100,dwell,8,plugin,ar1,0.04,0.1,1
1,10,1,dominante_8nm,50,100,dwell,8,plugin,limping,0.04,0.35,1
1,10,1,dominante_8nm,50,100,dwell,8,mm,ar1,0.04,0.1,1
1,10,1,dominante_8nm,50,100,dwell,8,mm,limping,0.04,0.35,1
1,10,1,dominante_8nm,50,100,dwell,8,pt,ar1,0.04,0.1,1
1,10,1,dominante_8nm,50,100,dwell,8,pt,limping,0.04,0.35,1
1,10,1,dominante_8nm,50,100,dwell,8,nsb,ar1,0.04,0.1,1
1,10,1,dominante_8nm,50,100,dwell,8,nsb,limping,0.04,0.35,1
1,10,1,dominante_8nm,50,100,paso,4,plugin,ar1,0.036,,0.072
1,10,1,dominante_8nm,50,100,paso,4,plugin,limping,0.036,,0.062
1,10,1,dominante_8nm,50,100,paso,4,mm,ar1,0.036,,0.072
1,10,1,dominante_8nm,50,100,paso,4,mm,limping,0.036,,0.062
1,10,1,dominante_8nm,50,100,paso,4,pt,ar1,0.036,,0.072
1,10,1,dominante_8nm,50,100,paso,4,pt,limping,0.036,,0.062
1,10,1,dominante_8nm,50,100,paso,4,nsb,ar1,0.036,,0.07
1,10,1,dominante_8nm,50,100,paso,4,nsb,limping,0.036,,0.064
1,10,1,dominante_8nm,50,100,paso,8,plugin,ar1,0.036,,0.072
1,10,1,dominante_8nm,50,100,paso,8,plugin,limping,0.036,,0.062
1,10,1,dominante_8nm,50,100,paso,8,mm,ar1,0.036,,0.072
1,10,1,dominante_8nm,50,100,paso,8,mm,limping,0.036,,0.062
1,10,1,dominante_8nm,50,100,paso,8,pt,ar1,0.036,,0.072
1,10,1,dominante_8nm,50,100,paso,8,pt,limping,0.036,,0.062
1,10,1,dominante_8nm,50,100,paso,8,nsb,ar1,0.036,,0.07
1,10,1,dominante_8nm,50,100,paso,8,nsb,limping,0.036,,0.064
1,10,1,dominante_8nm,50,100,dwell_paso,4,plugin,ar1,0.05,,0.06
1,10,1,dominante_8nm,50,100,dwell_paso,4,plugin,limping,0.05,,0.082
1,10,1,dominante_8nm,50,100,dwell_paso,4,mm,ar1,0.05,,0.06
1,10,1,dominante_8nm,50,100,dwell_paso,4,mm,limping,0.05,,0.082
1,10,1,dominante_8nm,50,100,dwell_paso,4,pt,ar1,0.05,,0.06
1,10,1,dominante_8nm,50,100,dwell_paso,4,pt,limping,0.05,,0.082
1,10,1,dominante_8nm,50,100,dwell_paso,4,nsb,ar1,0.05,,0.062
1,10,1,dominante_8nm,50,100,dwell_paso,4,nsb,limping,0.05,,0.082
2,10,1,dominante_8nm,50,300,dwell_paso,4,plugin,ar1,0.048,,0.05
2,10,1,dominante_8nm,50,300,dwell_paso,4,plugin,limping,0.048,,0.064
2,10,1,dominante_8nm,50,300,dwell_paso,4,mm,ar1,0.048,,0.05
2,10,1,dominante_8nm,50,300,dwell_paso,4,mm,limping,0.048,,0.064
2,10,1,dominante_8nm,50,300,dwell_paso,4,pt,ar1,0.048,,0.05
2,10,1,dominante_8nm,50,300,dwell_paso,4,pt,limping,0.048,,0.064
2,10,1,dominante_8nm,50,300,dwell_paso,4,nsb,ar1,0.05,,0.05
2,10,1,dominante_8nm,50,300,dwell_paso,4,nsb,limping,0.05,,0.064
2,10,1,dominante_8nm,50,300,dwell_paso,8,plugin,ar1,0.038,,0.052
2,10,1,dominante_8nm,50,300,dwell_paso,8,plugin,limping,0.038,,0.06
2,10,1,dominante_8nm,50,300,dwell_paso,8,mm,ar1,0.038,,0.052
2,10,1,dominante_8nm,50,300,dwell_paso,8,mm,limping,0.038,,0.06
2,10,1,dominante_8nm,50,300,dwell_paso,8,pt,ar1,0.038,,0.052
2,10,1,dominante_8nm,50,300,dwell_paso,8,pt,limping,0.038,,0.06
2,10,1,dominante_8nm,50,300,dwell_paso,8,nsb,ar1,0.038,,0.052
2,10,1,dominante_8nm,50,300,dwell_paso,8,nsb,limping,0.038,,0.06
3,10,1,dominante_8nm,100,50,evento,4,plugin,ar1,0.036,0.2,1
3,10,1,dominante_8nm,100,50,evento,4,plugin,limping,0.036,0.5,1
3,10,1,dominante_8nm,100,50,evento,4,mm,ar1,0.034,0.2,1
3,10,1,dominante_8nm,100,50,evento,4,mm,limping,0.034,0.5,1
3,10,1,dominante_8nm,100,50,evento,4,pt,ar1,0.034,0.2,1
3,10,1,dominante_8nm,100,50,evento,4,pt,limping,0.034,0.5,1
3,10,1,dominante_8nm,100,50,evento,4,nsb,ar1,0.042,0.2,1
3,10,1,dominante_8nm,100,50,evento,4,nsb,limping,0.042,0.5,1
3,10,1,dominante_8nm,100,50,evento,8,plugin,ar1,0.032,0.2,1
3,10,1,dominante_8nm,100,50,evento,8,plugin,limping,0.032,0.5,1
3,10,1,dominante_8nm,100,50,evento,8,mm,ar1,0.032,0.2,1
3,10,1,dominante_8nm,100,50,evento,8,mm,limping,0.032,0.5,1
3,10,1,dominante_8nm,100,50,evento,8,pt,ar1,0.032,0.2,1
3,10,1,dominante_8nm,100,50,evento,8,pt,limping,0.032,0.5,1
3,10,1,dominante_8nm,100,50,evento,8,nsb,ar1,0.032,0.2,1
3,10,1,dominante_8nm,100,50,evento,8,nsb,limping,0.032,0.5,1
3,10,1,dominante_8nm,100,50,dwell,8,plugin,ar1,0.048,0.1,1
3,10,1,dominante_8nm,100,50,dwell,8,plugin,limping,0.048,0.35,1
3,10,1,dominante_8nm,100,50,dwell,8,mm,ar1,0.048,0.1,1
3,10,1,dominante_8nm,100,50,dwell,8,mm,limping,0.048,0.35,1
3,10,1,dominante_8nm,100,50,dwell,8,pt,ar1,0.048,0.1,1
3,10,1,dominante_8nm,100,50,dwell,8,pt,limping,0.048,0.35,1
3,10,1,dominante_8nm,100,50,dwell,8,nsb,ar1,0.048,0.1,1
3,10,1,dominante_8nm,100,50,dwell,8,nsb,limping,0.048,0.35,1
3,10,1,dominante_8nm,100,50,paso,4,plugin,ar1,0.05,,0.066
3,10,1,dominante_8nm,100,50,paso,4,plugin,limping,0.05,,0.064
3,10,1,dominante_8nm,100,50,paso,4,mm,ar1,0.05,,0.066
3,10,1,dominante_8nm,100,50,paso,4,mm,limping,0.05,,0.064
3,10,1,dominante_8nm,100,50,paso,4,pt,ar1,0.05,,0.066
3,10,1,dominante_8nm,100,50,paso,4,pt,limping,0.05,,0.064
3,10,1,dominante_8nm,100,50,paso,4,nsb,ar1,0.05,,0.068
3,10,1,dominante_8nm,100,50,paso,4,nsb,limping,0.05,,0.064
3,10,1,dominante_8nm,100,50,paso,8,plugin,ar1,0.05,,0.066
3,10,1,dominante_8nm,100,50,paso,8,plugin,limping,0.05,,0.064
3,10,1,dominante_8nm,100,50,paso,8,mm,ar1,0.05,,0.066
3,10,1,dominante_8nm,100,50,paso,8,mm,limping,0.05,,0.064
3,10,1,dominante_8nm,100,50,paso,8,pt,ar1,0.05,,0.066
3,10,1,dominante_8nm,100,50,paso,8,pt,limping,0.05,,0.064
3,10,1,dominante_8nm,100,50,paso,8,nsb,ar1,0.05,,0.068
3,10,1,dominante_8nm,100,50,paso,8,nsb,limping,0.05,,0.064
3,10,1,dominante_8nm,100,50,dwell_paso,4,plugin,ar1,0.05,,0.07
3,10,1,dominante_8nm,100,50,dwell_paso,4,plugin,limping,0.05,,0.06
3,10,1,dominante_8nm,100,50,dwell_paso,4,mm,ar1,0.05,,0.07
3,10,1,dominante_8nm,100,50,dwell_paso,4,mm,limping,0.05,,0.06
3,10,1,dominante_8nm,100,50,dwell_paso,4,pt,ar1,0.05,,0.07
3,10,1,dominante_8nm,100,50,dwell_paso,4,pt,limping,0.05,,0.06
3,10,1,dominante_8nm,100,50,dwell_paso,4,nsb,ar1,0.05,,0.07
3,10,1,dominante_8nm,100,50,dwell_paso,4,nsb,limping,0.05,,0.06
3,10,1,dominante_8nm,100,50,dwell_paso,8,plugin,ar1,0.042,,0.078
3,10,1,dominante_8nm,100,50,dwell_paso,8,plugin,limping,0.042,,0.052
3,10,1,dominante_8nm,100,50,dwell_paso,8,mm,ar1,0.042,,0.078
3,10,1,dominante_8nm,100,50,dwell_paso,8,mm,limping,0.042,,0.052
3,10,1,dominante_8nm,100,50,dwell_paso,8,pt,ar1,0.042,,0.078
3,10,1,dominante_8nm,100,50,dwell_paso,8,pt,limping,0.042,,0.052
3,10,1,dominante_8nm,100,50,dwell_paso,8,nsb,ar1,0.042,,0.076
3,10,1,dominante_8nm,100,50,dwell_paso,8,nsb,limping,0.042,,0.052
4,10,1,dominante_8nm,100,100,evento,8,plugin,ar1,0.034,0.2,1
4,10,1,dominante_8nm,100,100,evento,8,plugin,limping,0.034,0.35,1
4,10,1,dominante_8nm,100,100,evento,8,mm,ar1,0.034,0.2,1
4,10,1,dominante_8nm,100,100,evento,8,mm,limping,0.034,0.35,1
4,10,1,dominante_8nm,100,100,evento,8,pt,ar1,0.034,0.2,1
4,10,1,dominante_8nm,100,100,evento,8,pt,limping,0.034,0.35,1
4,10,1,dominante_8nm,100,100,evento,8,nsb,ar1,0.032,0.2,1
4,10,1,dominante_8nm,100,100,evento,8,nsb,limping,0.032,0.35,1
5,10,1,dominante_8nm,100,300,evento,8,plugin,ar1,0.05,0.1,1
5,10,1,dominante_8nm,100,300,evento,8,plugin,limping,0.05,0.35,1
5,10,1,dominante_8nm,100,300,evento,8,mm,ar1,0.05,0.1,1
5,10,1,dominante_8nm,100,300,evento,8,mm,limping,0.05,0.35,1
5,10,1,dominante_8nm,100,300,evento,8,pt,ar1,0.05,0.1,1
5,10,1,dominante_8nm,100,300,evento,8,pt,limping,0.05,0.35,1
5,10,1,dominante_8nm,100,300,evento,8,nsb,ar1,0.048,0.1,1
5,10,1,dominante_8nm,100,300,evento,8,nsb,limping,0.048,0.35,1
5,10,1,dominante_8nm,100,300,dwell,8,plugin,ar1,0.048,0.05,1
5,10,1,dominante_8nm,100,300,dwell,8,plugin,limping,0.048,0.2,1
5,10,1,dominante_8nm,100,300,dwell,8,mm,ar1,0.048,0.05,1
5,10,1,dominante_8nm,100,300,dwell,8,mm,limping,0.048,0.2,1
5,10,1,dominante_8nm,100,300,dwell,8,pt,ar1,0.048,0.05,1
5,10,1,dominante_8nm,100,300,dwell,8,pt,limping,0.048,0.2,1
5,10,1,dominante_8nm,100,300,paso,4,plugin,ar1,0.048,,0.058
5,10,1,dominante_8nm,100,300,paso,4,plugin,limping,0.048,,0.058
5,10,1,dominante_8nm,100,300,paso,4,mm,ar1,0.048,,0.058
5,10,1,dominante_8nm,100,300,paso,4,mm,limping,0.048,,0.058
5,10,1,dominante_8nm,100,300,paso,4,pt,ar1,0.048,,0.058
5,10,1,dominante_8nm,100,300,paso,4,pt,limping,0.048,,0.058
5,10,1,dominante_8nm,100,300,paso,4,nsb,ar1,0.048,,0.058
5,10,1,dominante_8nm,100,300,paso,4,nsb,limping,0.048,,0.058
5,10,1,dominante_8nm,100,300,paso,8,plugin,ar1,0.048,,0.058
5,10,1,dominante_8nm,100,300,paso,8,plugin,limping,0.048,,0.058
5,10,1,dominante_8nm,100,300,paso,8,mm,ar1,0.048,,0.058
5,10,1,dominante_8nm,100,300,paso,8,mm,limping,0.048,,0.058
5,10,1,dominante_8nm,100,300,paso,8,pt,ar1,0.048,,0.058
5,10,1,dominante_8nm,100,300,paso,8,pt,limping,0.048,,0.058
5,10,1,dominante_8nm,100,300,paso,8,nsb,ar1,0.048,,0.058
5,10,1,dominante_8nm,100,300,paso,8,nsb,limping,0.048,,0.058
5,10,1,dominante_8nm,100,300,dwell_paso,4,plugin,ar1,0.048,,0.072
5,10,1,dominante_8nm,100,300,dwell_paso,4,plugin,limping,0.048,,0.06
5,10,1,dominante_8nm,100,300,dwell_paso,4,mm,ar1,0.048,,0.072
5,10,1,dominante_8nm,100,300,dwell_paso,4,mm,limping,0.048,,0.06
5,10,1,dominante_8nm,100,300,dwell_paso,4,pt,ar1,0.048,,0.072
5,10,1,dominante_8nm,100,300,dwell_paso,4,pt,limping,0.048,,0.06
5,10,1,dominante_8nm,100,300,dwell_paso,4,nsb,ar1,0.048,,0.072
5,10,1,dominante_8nm,100,300,dwell_paso,4,nsb,limping,0.048,,0.058
5,10,1,dominante_8nm,100,300,dwell_paso,8,plugin,ar1,0.036,,0.064
5,10,1,dominante_8nm,100,300,dwell_paso,8,plugin,limping,0.036,,0.062
5,10,1,dominante_8nm,100,300,dwell_paso,8,mm,ar1,0.036,,0.064
5,10,1,dominante_8nm,100,300,dwell_paso,8,mm,limping,0.036,,0.062
5,10,1,dominante_8nm,100,300,dwell_paso,8,pt,ar1,0.036,,0.064
5,10,1,dominante_8nm,100,300,dwell_paso,8,pt,limping,0.036,,0.062
5,10,1,dominante_8nm,100,300,dwell_paso,8,nsb,ar1,0.034,,0.064
5,10,1,dominante_8nm,100,300,dwell_paso,8,nsb,limping,0.034,,0.064
6,10,1,dominante_8nm,200,50,dwell,4,plugin,ar1,0.046,0.05,1
6,10,1,dominante_8nm,200,50,dwell,4,plugin,limping,0.046,0.35,1
6,10,1,dominante_8nm,200,50,dwell,4,mm,ar1,0.046,0.05,1
6,10,1,dominante_8nm,200,50,dwell,4,mm,limping,0.046,0.35,1
6,10,1,dominante_8nm,200,50,dwell,4,pt,ar1,0.046,0.05,1
6,10,1,dominante_8nm,200,50,dwell,4,pt,limping,0.046,0.35,1
6,10,1,dominante_8nm,200,50,dwell,4,nsb,ar1,0.044,0.05,1
6,10,1,dominante_8nm,200,50,dwell,4,nsb,limping,0.044,0.35,1
6,10,1,dominante_8nm,200,50,dwell,8,plugin,ar1,0.046,0.1,1
6,10,1,dominante_8nm,200,50,dwell,8,plugin,limping,0.046,0.35,1
6,10,1,dominante_8nm,200,50,dwell,8,mm,ar1,0.046,0.1,1
6,10,1,dominante_8nm,200,50,dwell,8,mm,limping,0.046,0.35,1
6,10,1,dominante_8nm,200,50,dwell,8,pt,ar1,0.046,0.1,1
6,10,1,dominante_8nm,200,50,dwell,8,pt,limping,0.046,0.35,1
6,10,1,dominante_8nm,200,50,dwell,8,nsb,ar1,0.048,0.1,1
6,10,1,dominante_8nm,200,50,dwell,8,nsb,limping,0.048,0.35,1
7,10,1,dominante_8nm,200,100,evento,4,plugin,ar1,0.046,0.1,1
7,10,1,dominante_8nm,200,100,evento,4,plugin,limping,0.046,0.35,1
7,10,1,dominante_8nm,200,100,evento,4,mm,ar1,0.046,0.1,1
7,10,1,dominante_8nm,200,100,evento,4,mm,limping,0.046,0.35,1
7,10,1,dominante_8nm,200,100,evento,4,pt,ar1,0.046,0.1,1
7,10,1,dominante_8nm,200,100,evento,4,pt,limping,0.046,0.35,1
7,10,1,dominante_8nm,200,100,evento,4,nsb,ar1,0.046,0.1,1
7,10,1,dominante_8nm,200,100,evento,4,nsb,limping,0.046,0.35,1
7,10,1,dominante_8nm,200,100,evento,8,plugin,ar1,0.04,0.1,1
7,10,1,dominante_8nm,200,100,evento,8,plugin,limping,0.04,0.35,1
7,10,1,dominante_8nm,200,100,evento,8,mm,ar1,0.042,0.1,1
7,10,1,dominante_8nm,200,100,evento,8,mm,limping,0.042,0.35,1
7,10,1,dominante_8nm,200,100,evento,8,pt,ar1,0.042,0.1,1
7,10,1,dominante_8nm,200,100,evento,8,pt,limping,0.042,0.35,1
7,10,1,dominante_8nm,200,100,evento,8,nsb,ar1,0.044,0.1,1
7,10,1,dominante_8nm,200,100,evento,8,nsb,limping,0.044,0.35,1
7,10,1,dominante_8nm,200,100,dwell,4,plugin,ar1,0.038,0.05,1
7,10,1,dominante_8nm,200,100,dwell,4,plugin,limping,0.038,0.2,1
7,10,1,dominante_8nm,200,100,dwell,4,mm,ar1,0.038,0.05,1
7,10,1,dominante_8nm,200,100,dwell,4,mm,limping,0.038,0.2,1
7,10,1,dominante_8nm,200,100,dwell,4,pt,ar1,0.038,0.05,1
7,10,1,dominante_8nm,200,100,dwell,4,pt,limping,0.038,0.2,1
7,10,1,dominante_8nm,200,100,dwell,4,nsb,ar1,0.038,0.05,1
7,10,1,dominante_8nm,200,100,dwell,4,nsb,limping,0.038,0.2,1
7,10,1,dominante_8nm,200,100,paso,4,plugin,ar1,0.048,,0.06
7,10,1,dominante_8nm,200,100,paso,4,plugin,limping,0.048,,0.058
7,10,1,dominante_8nm,200,100,paso,4,mm,ar1,0.048,,0.06
7,10,1,dominante_8nm,200,100,paso,4,mm,limping,0.048,,0.058
7,10,1,dominante_8nm,200,100,paso,4,pt,ar1,0.048,,0.06
7,10,1,dominante_8nm,200,100,paso,4,pt,limping,0.048,,0.058
7,10,1,dominante_8nm,200,100,paso,4,nsb,ar1,0.048,,0.062
7,10,1,dominante_8nm,200,100,paso,4,nsb,limping,0.048,,0.058
7,10,1,dominante_8nm,200,100,paso,8,plugin,ar1,0.048,,0.06
7,10,1,dominante_8nm,200,100,paso,8,plugin,limping,0.048,,0.058
7,10,1,dominante_8nm,200,100,paso,8,mm,ar1,0.048,,0.06
7,10,1,dominante_8nm,200,100,paso,8,mm,limping,0.048,,0.058
7,10,1,dominante_8nm,200,100,paso,8,pt,ar1,0.048,,0.06
7,10,1,dominante_8nm,200,100,paso,8,pt,limping,0.048,,0.058
7,10,1,dominante_8nm,200,100,paso,8,nsb,ar1,0.048,,0.062
7,10,1,dominante_8nm,200,100,paso,8,nsb,limping,0.048,,0.058
7,10,1,dominante_8nm,200,100,dwell_paso,4,plugin,ar1,0.044,,0.082
7,10,1,dominante_8nm,200,100,dwell_paso,4,plugin,limping,0.044,,0.058
7,10,1,dominante_8nm,200,100,dwell_paso,4,mm,ar1,0.044,,0.082
7,10,1,dominante_8nm,200,100,dwell_paso,4,mm,limping,0.044,,0.058
7,10,1,dominante_8nm,200,100,dwell_paso,4,pt,ar1,0.044,,0.082
7,10,1,dominante_8nm,200,100,dwell_paso,4,pt,limping,0.044,,0.058
7,10,1,dominante_8nm,200,100,dwell_paso,4,nsb,ar1,0.044,,0.082
7,10,1,dominante_8nm,200,100,dwell_paso,4,nsb,limping,0.044,,0.058
7,10,1,dominante_8nm,200,100,dwell_paso,8,plugin,ar1,0.048,,0.068
7,10,1,dominante_8nm,200,100,dwell_paso,8,plugin,limping,0.048,,0.052
7,10,1,dominante_8nm,200,100,dwell_paso,8,mm,ar1,0.048,,0.068
7,10,1,dominante_8nm,200,100,dwell_paso,8,mm,limping,0.048,,0.052
7,10,1,dominante_8nm,200,100,dwell_paso,8,pt,ar1,0.048,,0.068
7,10,1,dominante_8nm,200,100,dwell_paso,8,pt,limping,0.048,,0.052
7,10,1,dominante_8nm,200,100,dwell_paso,8,nsb,ar1,0.048,,0.068
7,10,1,dominante_8nm,200,100,dwell_paso,8,nsb,limping,0.048,,0.052
8,10,1,dominante_8nm,200,300,evento,4,plugin,ar1,0.034,0.05,1
8,10,1,dominante_8nm,200,300,evento,4,plugin,limping,0.034,0.2,1
8,10,1,dominante_8nm,200,300,evento,4,mm,ar1,0.034,0.05,1
8,10,1,dominante_8nm,200,300,evento,4,mm,limping,0.034,0.2,1
8,10,1,dominante_8nm,200,300,evento,4,pt,ar1,0.034,0.05,1
8,10,1,dominante_8nm,200,300,evento,4,pt,limping,0.034,0.2,1
8,10,1,dominante_8nm,200,300,evento,4,nsb,ar1,0.034,0.05,1
8,10,1,dominante_8nm,200,300,evento,4,nsb,limping,0.034,0.2,1
8,10,1,dominante_8nm,200,300,evento,8,plugin,ar1,0.042,0.05,1
8,10,1,dominante_8nm,200,300,evento,8,plugin,limping,0.042,0.35,1
8,10,1,dominante_8nm,200,300,evento,8,mm,ar1,0.042,0.05,1
8,10,1,dominante_8nm,200,300,evento,8,mm,limping,0.042,0.35,1
8,10,1,dominante_8nm,200,300,evento,8,pt,ar1,0.042,0.05,1
8,10,1,dominante_8nm,200,300,evento,8,pt,limping,0.042,0.35,1
8,10,1,dominante_8nm,200,300,evento,8,nsb,ar1,0.046,0.05,1
8,10,1,dominante_8nm,200,300,evento,8,nsb,limping,0.046,0.35,1
8,10,1,dominante_8nm,200,300,dwell,8,plugin,ar1,0.038,0.05,1
8,10,1,dominante_8nm,200,300,dwell,8,plugin,limping,0.038,0.2,1
8,10,1,dominante_8nm,200,300,dwell,8,mm,ar1,0.038,0.05,1
8,10,1,dominante_8nm,200,300,dwell,8,mm,limping,0.038,0.2,1
8,10,1,dominante_8nm,200,300,dwell,8,pt,ar1,0.038,0.05,1
8,10,1,dominante_8nm,200,300,dwell,8,pt,limping,0.038,0.2,1
8,10,1,dominante_8nm,200,300,dwell,8,nsb,ar1,0.038,0.05,1
8,10,1,dominante_8nm,200,300,dwell,8,nsb,limping,0.038,0.2,1
8,10,1,dominante_8nm,200,300,paso,4,plugin,ar1,0.036,,0.054
8,10,1,dominante_8nm,200,300,paso,4,plugin,limping,0.036,,0.062
8,10,1,dominante_8nm,200,300,paso,4,mm,ar1,0.036,,0.054
8,10,1,dominante_8nm,200,300,paso,4,mm,limping,0.036,,0.062
8,10,1,dominante_8nm,200,300,paso,4,pt,ar1,0.036,,0.054
8,10,1,dominante_8nm,200,300,paso,4,pt,limping,0.036,,0.062
8,10,1,dominante_8nm,200,300,paso,4,nsb,ar1,0.038,,0.056
8,10,1,dominante_8nm,200,300,paso,4,nsb,limping,0.038,,0.064
8,10,1,dominante_8nm,200,300,paso,8,plugin,ar1,0.036,,0.054
8,10,1,dominante_8nm,200,300,paso,8,plugin,limping,0.036,,0.062
8,10,1,dominante_8nm,200,300,paso,8,mm,ar1,0.036,,0.054
8,10,1,dominante_8nm,200,300,paso,8,mm,limping,0.036,,0.062
8,10,1,dominante_8nm,200,300,paso,8,pt,ar1,0.036,,0.054
8,10,1,dominante_8nm,200,300,paso,8,pt,limping,0.036,,0.062
8,10,1,dominante_8nm,200,300,paso,8,nsb,ar1,0.038,,0.056
8,10,1,dominante_8nm,200,300,paso,8,nsb,limping,0.038,,0.064
8,10,1,dominante_8nm,200,300,dwell_paso,4,plugin,ar1,0.044,,0.056
8,10,1,dominante_8nm,200,300,dwell_paso,4,plugin,limping,0.044,,0.064
8,10,1,dominante_8nm,200,300,dwell_paso,4,mm,ar1,0.044,,0.056
8,10,1,dominante_8nm,200,300,dwell_paso,4,mm,limping,0.044,,0.064
8,10,1,dominante_8nm,200,300,dwell_paso,4,pt,ar1,0.044,,0.056
8,10,1,dominante_8nm,200,300,dwell_paso,4,pt,limping,0.044,,0.064
8,10,1,dominante_8nm,200,300,dwell_paso,4,nsb,ar1,0.044,,0.056
8,10,1,dominante_8nm,200,300,dwell_paso,4,nsb,limping,0.044,,0.064
9,10,1,equilibrada,50,50,evento,4,plugin,ar1,0.05,0.2,1
9,10,1,equilibrada,50,50,evento,4,plugin,limping,0.05,0.5,0.996
9,10,1,equilibrada,50,50,evento,4,mm,ar1,0.05,0.2,1
9,10,1,equilibrada,50,50,evento,4,mm,limping,0.05,0.5,0.996
9,10,1,equilibrada,50,50,evento,4,pt,ar1,0.05,0.2,1
9,10,1,equilibrada,50,50,evento,4,pt,limping,0.05,0.5,0.996
9,10,1,equilibrada,50,50,evento,4,nsb,ar1,0.05,0.2,1
9,10,1,equilibrada,50,50,evento,4,nsb,limping,0.05,0.5,0.996
9,10,1,equilibrada,50,50,evento,8,plugin,ar1,0.042,0.35,1
9,10,1,equilibrada,50,50,evento,8,plugin,limping,0.042,0.5,0.918
9,10,1,equilibrada,50,50,evento,8,mm,ar1,0.042,0.35,1
9,10,1,equilibrada,50,50,evento,8,mm,limping,0.042,0.5,0.922
9,10,1,equilibrada,50,50,evento,8,pt,ar1,0.042,0.35,1
9,10,1,equilibrada,50,50,evento,8,pt,limping,0.042,0.5,0.918
9,10,1,equilibrada,50,50,evento,8,nsb,ar1,0.044,0.35,1
9,10,1,equilibrada,50,50,evento,8,nsb,limping,0.044,0.5,0.906
9,10,1,equilibrada,50,50,dwell,4,plugin,ar1,0.032,0.1,1
9,10,1,equilibrada,50,50,dwell,4,plugin,limping,0.032,0.35,1
9,10,1,equilibrada,50,50,dwell,4,mm,ar1,0.032,0.1,1
9,10,1,equilibrada,50,50,dwell,4,mm,limping,0.032,0.35,1
9,10,1,equilibrada,50,50,dwell,4,pt,ar1,0.032,0.1,1
9,10,1,equilibrada,50,50,dwell,4,pt,limping,0.032,0.35,1
9,10,1,equilibrada,50,50,dwell,4,nsb,ar1,0.032,0.1,1
9,10,1,equilibrada,50,50,dwell,4,nsb,limping,0.032,0.35,1
9,10,1,equilibrada,50,50,paso,4,plugin,ar1,0.048,,0.064
9,10,1,equilibrada,50,50,paso,4,plugin,limping,0.048,,0.064
9,10,1,equilibrada,50,50,paso,4,mm,ar1,0.048,,0.064
9,10,1,equilibrada,50,50,paso,4,mm,limping,0.048,,0.064
9,10,1,equilibrada,50,50,paso,4,pt,ar1,0.048,,0.064
9,10,1,equilibrada,50,50,paso,4,pt,limping,0.048,,0.064
9,10,1,equilibrada,50,50,paso,4,nsb,ar1,0.048,,0.064
9,10,1,equilibrada,50,50,paso,4,nsb,limping,0.048,,0.064
9,10,1,equilibrada,50,50,paso,8,plugin,ar1,0.048,,0.064
9,10,1,equilibrada,50,50,paso,8,plugin,limping,0.048,,0.064
9,10,1,equilibrada,50,50,paso,8,mm,ar1,0.048,,0.064
9,10,1,equilibrada,50,50,paso,8,mm,limping,0.048,,0.064
9,10,1,equilibrada,50,50,paso,8,pt,ar1,0.048,,0.064
9,10,1,equilibrada,50,50,paso,8,pt,limping,0.048,,0.064
9,10,1,equilibrada,50,50,paso,8,nsb,ar1,0.048,,0.064
9,10,1,equilibrada,50,50,paso,8,nsb,limping,0.048,,0.064
9,10,1,equilibrada,50,50,dwell_paso,4,plugin,ar1,0.048,,0.052
9,10,1,equilibrada,50,50,dwell_paso,4,plugin,limping,0.048,,0.06
9,10,1,equilibrada,50,50,dwell_paso,4,mm,ar1,0.048,,0.052
9,10,1,equilibrada,50,50,dwell_paso,4,mm,limping,0.048,,0.06
9,10,1,equilibrada,50,50,dwell_paso,4,pt,ar1,0.048,,0.052
9,10,1,equilibrada,50,50,dwell_paso,4,pt,limping,0.048,,0.06
9,10,1,equilibrada,50,50,dwell_paso,4,nsb,ar1,0.05,,0.054
9,10,1,equilibrada,50,50,dwell_paso,4,nsb,limping,0.05,,0.06
9,10,1,equilibrada,50,50,dwell_paso,8,plugin,ar1,0.032,,0.068
9,10,1,equilibrada,50,50,dwell_paso,8,plugin,limping,0.032,,0.056
9,10,1,equilibrada,50,50,dwell_paso,8,mm,ar1,0.032,,0.068
9,10,1,equilibrada,50,50,dwell_paso,8,mm,limping,0.032,,0.056
9,10,1,equilibrada,50,50,dwell_paso,8,pt,ar1,0.032,,0.068
9,10,1,equilibrada,50,50,dwell_paso,8,pt,limping,0.032,,0.056
9,10,1,equilibrada,50,50,dwell_paso,8,nsb,ar1,0.034,,0.07
9,10,1,equilibrada,50,50,dwell_paso,8,nsb,limping,0.034,,0.056
10,10,1,equilibrada,50,100,evento,8,plugin,ar1,0.046,0.2,1
10,10,1,equilibrada,50,100,evento,8,plugin,limping,0.046,0.5,1
10,10,1,equilibrada,50,100,evento,8,mm,ar1,0.046,0.2,1
10,10,1,equilibrada,50,100,evento,8,mm,limping,0.046,0.5,1
10,10,1,equilibrada,50,100,evento,8,pt,ar1,0.046,0.2,1
10,10,1,equilibrada,50,100,evento,8,pt,limping,0.046,0.5,1
10,10,1,equilibrada,50,100,evento,8,nsb,ar1,0.046,0.2,1
10,10,1,equilibrada,50,100,evento,8,nsb,limping,0.046,0.5,1
10,10,1,equilibrada,50,100,dwell,4,plugin,ar1,0.038,0.1,1
10,10,1,equilibrada,50,100,dwell,4,plugin,limping,0.038,0.35,1
10,10,1,equilibrada,50,100,dwell,4,mm,ar1,0.038,0.1,1
10,10,1,equilibrada,50,100,dwell,4,mm,limping,0.038,0.35,1
10,10,1,equilibrada,50,100,dwell,4,pt,ar1,0.038,0.1,1
10,10,1,equilibrada,50,100,dwell,4,pt,limping,0.038,0.35,1
10,10,1,equilibrada,50,100,dwell,4,nsb,ar1,0.038,0.1,1
10,10,1,equilibrada,50,100,dwell,4,nsb,limping,0.038,0.35,1
10,10,1,equilibrada,50,100,dwell_paso,4,plugin,ar1,0.05,,0.062
10,10,1,equilibrada,50,100,dwell_paso,4,plugin,limping,0.05,,0.054
10,10,1,equilibrada,50,100,dwell_paso,4,mm,ar1,0.05,,0.062
10,10,1,equilibrada,50,100,dwell_paso,4,mm,limping,0.05,,0.054
10,10,1,equilibrada,50,100,dwell_paso,4,pt,ar1,0.05,,0.062
10,10,1,equilibrada,50,100,dwell_paso,4,pt,limping,0.05,,0.054
10,10,1,equilibrada,50,100,dwell_paso,4,nsb,ar1,0.05,,0.062
10,10,1,equilibrada,50,100,dwell_paso,4,nsb,limping,0.05,,0.056
10,10,1,equilibrada,50,100,dwell_paso,8,plugin,ar1,0.038,,0.07
10,10,1,equilibrada,50,100,dwell_paso,8,plugin,limping,0.038,,0.054
10,10,1,equilibrada,50,100,dwell_paso,8,mm,ar1,0.038,,0.07
10,10,1,equilibrada,50,100,dwell_paso,8,mm,limping,0.038,,0.054
10,10,1,equilibrada,50,100,dwell_paso,8,pt,ar1,0.038,,0.07
10,10,1,equilibrada,50,100,dwell_paso,8,pt,limping,0.038,,0.054
10,10,1,equilibrada,50,100,dwell_paso,8,nsb,ar1,0.038,,0.068
10,10,1,equilibrada,50,100,dwell_paso,8,nsb,limping,0.038,,0.052
11,10,1,equilibrada,50,300,evento,8,plugin,ar1,0.038,0.1,1
11,10,1,equilibrada,50,300,evento,8,plugin,limping,0.038,0.35,1
11,10,1,equilibrada,50,300,evento,8,mm,ar1,0.038,0.1,1
11,10,1,equilibrada,50,300,evento,8,mm,limping,0.038,0.35,1
11,10,1,equilibrada,50,300,evento,8,pt,ar1,0.038,0.1,1
11,10,1,equilibrada,50,300,evento,8,pt,limping,0.038,0.35,1
11,10,1,equilibrada,50,300,evento,8,nsb,ar1,0.038,0.1,1
11,10,1,equilibrada,50,300,evento,8,nsb,limping,0.038,0.35,1
11,10,1,equilibrada,50,300,dwell,4,plugin,ar1,0.05,0.05,1
11,10,1,equilibrada,50,300,dwell,4,plugin,limping,0.05,0.35,1
11,10,1,equilibrada,50,300,dwell,4,mm,ar1,0.05,0.05,1
11,10,1,equilibrada,50,300,dwell,4,mm,limping,0.05,0.35,1
11,10,1,equilibrada,50,300,dwell,4,pt,ar1,0.05,0.05,1
11,10,1,equilibrada,50,300,dwell,4,pt,limping,0.05,0.35,1
11,10,1,equilibrada,50,300,dwell,4,nsb,ar1,0.05,0.05,1
11,10,1,equilibrada,50,300,dwell,4,nsb,limping,0.05,0.35,1
11,10,1,equilibrada,50,300,dwell,8,plugin,ar1,0.044,0.05,1
11,10,1,equilibrada,50,300,dwell,8,plugin,limping,0.044,0.35,1
11,10,1,equilibrada,50,300,dwell,8,mm,ar1,0.044,0.05,1
11,10,1,equilibrada,50,300,dwell,8,mm,limping,0.044,0.35,1
11,10,1,equilibrada,50,300,dwell,8,pt,ar1,0.044,0.05,1
11,10,1,equilibrada,50,300,dwell,8,pt,limping,0.044,0.35,1
11,10,1,equilibrada,50,300,dwell,8,nsb,ar1,0.042,0.05,1
11,10,1,equilibrada,50,300,dwell,8,nsb,limping,0.042,0.35,1
11,10,1,equilibrada,50,300,paso,4,plugin,ar1,0.032,,0.06
11,10,1,equilibrada,50,300,paso,4,plugin,limping,0.032,,0.07
11,10,1,equilibrada,50,300,paso,4,mm,ar1,0.032,,0.06
11,10,1,equilibrada,50,300,paso,4,mm,limping,0.032,,0.07
11,10,1,equilibrada,50,300,paso,4,pt,ar1,0.032,,0.06
11,10,1,equilibrada,50,300,paso,4,pt,limping,0.032,,0.07
11,10,1,equilibrada,50,300,paso,4,nsb,ar1,0.034,,0.06
11,10,1,equilibrada,50,300,paso,4,nsb,limping,0.034,,0.07
11,10,1,equilibrada,50,300,paso,8,plugin,ar1,0.032,,0.06
11,10,1,equilibrada,50,300,paso,8,plugin,limping,0.032,,0.07
11,10,1,equilibrada,50,300,paso,8,mm,ar1,0.032,,0.06
11,10,1,equilibrada,50,300,paso,8,mm,limping,0.032,,0.07
11,10,1,equilibrada,50,300,paso,8,pt,ar1,0.032,,0.06
11,10,1,equilibrada,50,300,paso,8,pt,limping,0.032,,0.07
11,10,1,equilibrada,50,300,paso,8,nsb,ar1,0.034,,0.06
11,10,1,equilibrada,50,300,paso,8,nsb,limping,0.034,,0.07
11,10,1,equilibrada,50,300,dwell_paso,4,plugin,ar1,0.048,,0.064
11,10,1,equilibrada,50,300,dwell_paso,4,plugin,limping,0.048,,0.054
11,10,1,equilibrada,50,300,dwell_paso,4,mm,ar1,0.048,,0.064
11,10,1,equilibrada,50,300,dwell_paso,4,mm,limping,0.048,,0.054
11,10,1,equilibrada,50,300,dwell_paso,4,pt,ar1,0.048,,0.064
11,10,1,equilibrada,50,300,dwell_paso,4,pt,limping,0.048,,0.054
11,10,1,equilibrada,50,300,dwell_paso,4,nsb,ar1,0.048,,0.064
11,10,1,equilibrada,50,300,dwell_paso,4,nsb,limping,0.048,,0.052
11,10,1,equilibrada,50,300,dwell_paso,8,nsb,ar1,0.05,,0.062
11,10,1,equilibrada,50,300,dwell_paso,8,nsb,limping,0.05,,0.054
12,10,1,equilibrada,100,50,evento,4,plugin,ar1,0.042,0.2,1
12,10,1,equilibrada,100,50,evento,4,plugin,limping,0.042,0.5,1
12,10,1,equilibrada,100,50,evento,4,mm,ar1,0.042,0.2,1
12,10,1,equilibrada,100,50,evento,4,mm,limping,0.042,0.5,1
12,10,1,equilibrada,100,50,evento,4,pt,ar1,0.042,0.2,1
12,10,1,equilibrada,100,50,evento,4,pt,limping,0.042,0.5,1
12,10,1,equilibrada,100,50,evento,4,nsb,ar1,0.042,0.2,1
12,10,1,equilibrada,100,50,evento,4,nsb,limping,0.042,0.5,1
12,10,1,equilibrada,100,50,dwell,4,plugin,ar1,0.04,0.1,1
12,10,1,equilibrada,100,50,dwell,4,plugin,limping,0.04,0.35,1
12,10,1,equilibrada,100,50,dwell,4,mm,ar1,0.04,0.1,1
12,10,1,equilibrada,100,50,dwell,4,mm,limping,0.04,0.35,1
12,10,1,equilibrada,100,50,dwell,4,pt,ar1,0.04,0.1,1
12,10,1,equilibrada,100,50,dwell,4,pt,limping,0.04,0.35,1
12,10,1,equilibrada,100,50,dwell,4,nsb,ar1,0.04,0.1,1
12,10,1,equilibrada,100,50,dwell,4,nsb,limping,0.04,0.35,1
12,10,1,equilibrada,100,50,dwell_paso,4,plugin,ar1,0.042,,0.052
12,10,1,equilibrada,100,50,dwell_paso,4,plugin,limping,0.042,,0.05
12,10,1,equilibrada,100,50,dwell_paso,4,mm,ar1,0.042,,0.052
12,10,1,equilibrada,100,50,dwell_paso,4,mm,limping,0.042,,0.05
12,10,1,equilibrada,100,50,dwell_paso,4,pt,ar1,0.042,,0.052
12,10,1,equilibrada,100,50,dwell_paso,4,pt,limping,0.042,,0.05
12,10,1,equilibrada,100,50,dwell_paso,4,nsb,ar1,0.042,,0.05
12,10,1,equilibrada,100,50,dwell_paso,4,nsb,limping,0.042,,0.052
13,10,1,equilibrada,100,100,evento,8,plugin,ar1,0.026,0.1,1
13,10,1,equilibrada,100,100,evento,8,plugin,limping,0.026,0.35,1
13,10,1,equilibrada,100,100,evento,8,mm,ar1,0.026,0.1,1
13,10,1,equilibrada,100,100,evento,8,mm,limping,0.026,0.35,1
13,10,1,equilibrada,100,100,evento,8,pt,ar1,0.026,0.1,1
13,10,1,equilibrada,100,100,evento,8,pt,limping,0.026,0.35,1
13,10,1,equilibrada,100,100,evento,8,nsb,ar1,0.028,0.1,1
13,10,1,equilibrada,100,100,evento,8,nsb,limping,0.028,0.35,1
13,10,1,equilibrada,100,100,dwell,4,plugin,ar1,0.04,0.05,1
13,10,1,equilibrada,100,100,dwell,4,plugin,limping,0.04,0.35,1
13,10,1,equilibrada,100,100,dwell,4,mm,ar1,0.04,0.05,1
13,10,1,equilibrada,100,100,dwell,4,mm,limping,0.04,0.35,1
13,10,1,equilibrada,100,100,dwell,4,pt,ar1,0.04,0.05,1
13,10,1,equilibrada,100,100,dwell,4,pt,limping,0.04,0.35,1
13,10,1,equilibrada,100,100,dwell,4,nsb,ar1,0.042,0.05,1
13,10,1,equilibrada,100,100,dwell,4,nsb,limping,0.042,0.35,1
13,10,1,equilibrada,100,100,dwell,8,plugin,ar1,0.04,0.1,1
13,10,1,equilibrada,100,100,dwell,8,plugin,limping,0.04,0.35,1
13,10,1,equilibrada,100,100,dwell,8,mm,ar1,0.04,0.1,1
13,10,1,equilibrada,100,100,dwell,8,mm,limping,0.04,0.35,1
13,10,1,equilibrada,100,100,dwell,8,pt,ar1,0.04,0.1,1
13,10,1,equilibrada,100,100,dwell,8,pt,limping,0.04,0.35,1
13,10,1,equilibrada,100,100,dwell,8,nsb,ar1,0.04,0.1,1
13,10,1,equilibrada,100,100,dwell,8,nsb,limping,0.04,0.35,1
13,10,1,equilibrada,100,100,paso,4,plugin,ar1,0.046,,0.064
13,10,1,equilibrada,100,100,paso,4,plugin,limping,0.046,,0.066
13,10,1,equilibrada,100,100,paso,4,mm,ar1,0.046,,0.064
13,10,1,equilibrada,100,100,paso,4,mm,limping,0.046,,0.066
13,10,1,equilibrada,100,100,paso,4,pt,ar1,0.046,,0.064
13,10,1,equilibrada,100,100,paso,4,pt,limping,0.046,,0.066
13,10,1,equilibrada,100,100,paso,4,nsb,ar1,0.046,,0.064
13,10,1,equilibrada,100,100,paso,4,nsb,limping,0.046,,0.064
13,10,1,equilibrada,100,100,paso,8,plugin,ar1,0.046,,0.064
13,10,1,equilibrada,100,100,paso,8,plugin,limping,0.046,,0.066
13,10,1,equilibrada,100,100,paso,8,mm,ar1,0.046,,0.064
13,10,1,equilibrada,100,100,paso,8,mm,limping,0.046,,0.066
13,10,1,equilibrada,100,100,paso,8,pt,ar1,0.046,,0.064
13,10,1,equilibrada,100,100,paso,8,pt,limping,0.046,,0.066
13,10,1,equilibrada,100,100,paso,8,nsb,ar1,0.046,,0.064
13,10,1,equilibrada,100,100,paso,8,nsb,limping,0.046,,0.064
13,10,1,equilibrada,100,100,dwell_paso,4,plugin,ar1,0.046,,0.062
13,10,1,equilibrada,100,100,dwell_paso,4,plugin,limping,0.046,,0.06
13,10,1,equilibrada,100,100,dwell_paso,4,mm,ar1,0.046,,0.062
13,10,1,equilibrada,100,100,dwell_paso,4,mm,limping,0.046,,0.06
13,10,1,equilibrada,100,100,dwell_paso,4,pt,ar1,0.046,,0.062
13,10,1,equilibrada,100,100,dwell_paso,4,pt,limping,0.046,,0.06
13,10,1,equilibrada,100,100,dwell_paso,4,nsb,ar1,0.048,,0.062
13,10,1,equilibrada,100,100,dwell_paso,4,nsb,limping,0.048,,0.06
13,10,1,equilibrada,100,100,dwell_paso,8,plugin,ar1,0.034,,0.06
13,10,1,equilibrada,100,100,dwell_paso,8,plugin,limping,0.034,,0.056
13,10,1,equilibrada,100,100,dwell_paso,8,mm,ar1,0.034,,0.06
13,10,1,equilibrada,100,100,dwell_paso,8,mm,limping,0.034,,0.056
13,10,1,equilibrada,100,100,dwell_paso,8,pt,ar1,0.034,,0.06
13,10,1,equilibrada,100,100,dwell_paso,8,pt,limping,0.034,,0.056
13,10,1,equilibrada,100,100,dwell_paso,8,nsb,ar1,0.034,,0.062
13,10,1,equilibrada,100,100,dwell_paso,8,nsb,limping,0.034,,0.054
14,10,1,equilibrada,100,300,evento,4,plugin,ar1,0.044,0.05,1
14,10,1,equilibrada,100,300,evento,4,plugin,limping,0.044,0.35,1
14,10,1,equilibrada,100,300,evento,4,mm,ar1,0.044,0.05,1
14,10,1,equilibrada,100,300,evento,4,mm,limping,0.044,0.35,1
14,10,1,equilibrada,100,300,evento,4,pt,ar1,0.044,0.05,1
14,10,1,equilibrada,100,300,evento,4,pt,limping,0.044,0.35,1
14,10,1,equilibrada,100,300,evento,4,nsb,ar1,0.042,0.05,1
14,10,1,equilibrada,100,300,evento,4,nsb,limping,0.042,0.35,1
14,10,1,equilibrada,100,300,evento,8,plugin,ar1,0.048,0.1,1
14,10,1,equilibrada,100,300,evento,8,plugin,limping,0.048,0.35,1
14,10,1,equilibrada,100,300,evento,8,mm,ar1,0.048,0.1,1
14,10,1,equilibrada,100,300,evento,8,mm,limping,0.048,0.35,1
14,10,1,equilibrada,100,300,evento,8,pt,ar1,0.048,0.1,1
14,10,1,equilibrada,100,300,evento,8,pt,limping,0.048,0.35,1
14,10,1,equilibrada,100,300,evento,8,nsb,ar1,0.05,0.1,1
14,10,1,equilibrada,100,300,evento,8,nsb,limping,0.05,0.35,1
14,10,1,equilibrada,100,300,paso,4,plugin,ar1,0.05,,0.076
14,10,1,equilibrada,100,300,paso,4,plugin,limping,0.05,,0.058
14,10,1,equilibrada,100,300,paso,4,mm,ar1,0.05,,0.076
14,10,1,equilibrada,100,300,paso,4,mm,limping,0.05,,0.058
14,10,1,equilibrada,100,300,paso,4,pt,ar1,0.05,,0.076
14,10,1,equilibrada,100,300,paso,4,pt,limping,0.05,,0.058
14,10,1,equilibrada,100,300,paso,4,nsb,ar1,0.05,,0.076
14,10,1,equilibrada,100,300,paso,4,nsb,limping,0.05,,0.058
14,10,1,equilibrada,100,300,paso,8,plugin,ar1,0.05,,0.076
14,10,1,equilibrada,100,300,paso,8,plugin,limping,0.05,,0.058
14,10,1,equilibrada,100,300,paso,8,mm,ar1,0.05,,0.076
14,10,1,equilibrada,100,300,paso,8,mm,limping,0.05,,0.058
14,10,1,equilibrada,100,300,paso,8,pt,ar1,0.05,,0.076
14,10,1,equilibrada,100,300,paso,8,pt,limping,0.05,,0.058
14,10,1,equilibrada,100,300,paso,8,nsb,ar1,0.05,,0.076
14,10,1,equilibrada,100,300,paso,8,nsb,limping,0.05,,0.058
14,10,1,equilibrada,100,300,dwell_paso,4,plugin,ar1,0.04,,0.058
14,10,1,equilibrada,100,300,dwell_paso,4,plugin,limping,0.04,,0.066
14,10,1,equilibrada,100,300,dwell_paso,4,mm,ar1,0.04,,0.058
14,10,1,equilibrada,100,300,dwell_paso,4,mm,limping,0.04,,0.066
14,10,1,equilibrada,100,300,dwell_paso,4,pt,ar1,0.04,,0.058
14,10,1,equilibrada,100,300,dwell_paso,4,pt,limping,0.04,,0.066
14,10,1,equilibrada,100,300,dwell_paso,4,nsb,ar1,0.04,,0.058
14,10,1,equilibrada,100,300,dwell_paso,4,nsb,limping,0.04,,0.066
14,10,1,equilibrada,100,300,dwell_paso,8,plugin,ar1,0.046,,0.064
14,10,1,equilibrada,100,300,dwell_paso,8,plugin,limping,0.046,,0.066
14,10,1,equilibrada,100,300,dwell_paso,8,mm,ar1,0.046,,0.064
14,10,1,equilibrada,100,300,dwell_paso,8,mm,limping,0.046,,0.066
14,10,1,equilibrada,100,300,dwell_paso,8,pt,ar1,0.046,,0.064
14,10,1,equilibrada,100,300,dwell_paso,8,pt,limping,0.046,,0.066
14,10,1,equilibrada,100,300,dwell_paso,8,nsb,ar1,0.046,,0.064
14,10,1,equilibrada,100,300,dwell_paso,8,nsb,limping,0.046,,0.066
15,10,1,equilibrada,200,50,evento,8,plugin,ar1,0.034,0.2,1
15,10,1,equilibrada,200,50,evento,8,plugin,limping,0.034,0.35,1
15,10,1,equilibrada,200,50,evento,8,mm,ar1,0.034,0.2,1
15,10,1,equilibrada,200,50,evento,8,mm,limping,0.034,0.35,1
15,10,1,equilibrada,200,50,evento,8,pt,ar1,0.034,0.2,1
15,10,1,equilibrada,200,50,evento,8,pt,limping,0.034,0.35,1
15,10,1,equilibrada,200,50,evento,8,nsb,ar1,0.04,0.1,1
15,10,1,equilibrada,200,50,evento,8,nsb,limping,0.04,0.35,1
15,10,1,equilibrada,200,50,dwell,4,plugin,ar1,0.038,0.05,1
15,10,1,equilibrada,200,50,dwell,4,plugin,limping,0.038,0.35,1
15,10,1,equilibrada,200,50,dwell,4,mm,ar1,0.038,0.05,1
15,10,1,equilibrada,200,50,dwell,4,mm,limping,0.038,0.35,1
15,10,1,equilibrada,200,50,dwell,4,pt,ar1,0.038,0.05,1
15,10,1,equilibrada,200,50,dwell,4,pt,limping,0.038,0.35,1
15,10,1,equilibrada,200,50,dwell,4,nsb,ar1,0.038,0.05,1
15,10,1,equilibrada,200,50,dwell,4,nsb,limping,0.038,0.35,1
15,10,1,equilibrada,200,50,dwell,8,plugin,ar1,0.042,0.1,1
15,10,1,equilibrada,200,50,dwell,8,plugin,limping,0.042,0.35,1
15,10,1,equilibrada,200,50,dwell,8,mm,ar1,0.042,0.1,1
15,10,1,equilibrada,200,50,dwell,8,mm,limping,0.042,0.35,1
15,10,1,equilibrada,200,50,dwell,8,pt,ar1,0.042,0.1,1
15,10,1,equilibrada,200,50,dwell,8,pt,limping,0.042,0.35,1
15,10,1,equilibrada,200,50,dwell,8,nsb,ar1,0.04,0.1,1
15,10,1,equilibrada,200,50,dwell,8,nsb,limping,0.04,0.35,1
16,10,1,equilibrada,200,100,evento,8,plugin,ar1,0.046,0.1,1
16,10,1,equilibrada,200,100,evento,8,plugin,limping,0.046,0.35,1
16,10,1,equilibrada,200,100,evento,8,mm,ar1,0.046,0.1,1
16,10,1,equilibrada,200,100,evento,8,mm,limping,0.046,0.35,1
16,10,1,equilibrada,200,100,evento,8,pt,ar1,0.046,0.1,1
16,10,1,equilibrada,200,100,evento,8,pt,limping,0.046,0.35,1
16,10,1,equilibrada,200,100,evento,8,nsb,ar1,0.042,0.1,1
16,10,1,equilibrada,200,100,evento,8,nsb,limping,0.042,0.35,1
16,10,1,equilibrada,200,100,paso,4,plugin,ar1,0.038,,0.054
16,10,1,equilibrada,200,100,paso,4,plugin,limping,0.038,,0.07
16,10,1,equilibrada,200,100,paso,4,mm,ar1,0.038,,0.054
16,10,1,equilibrada,200,100,paso,4,mm,limping,0.038,,0.07
16,10,1,equilibrada,200,100,paso,4,pt,ar1,0.038,,0.054
16,10,1,equilibrada,200,100,paso,4,pt,limping,0.038,,0.07
16,10,1,equilibrada,200,100,paso,4,nsb,ar1,0.04,,0.056
16,10,1,equilibrada,200,100,paso,4,nsb,limping,0.04,,0.07
16,10,1,equilibrada,200,100,paso,8,plugin,ar1,0.038,,0.054
16,10,1,equilibrada,200,100,paso,8,plugin,limping,0.038,,0.07
16,10,1,equilibrada,200,100,paso,8,mm,ar1,0.038,,0.054
16,10,1,equilibrada,200,100,paso,8,mm,limping,0.038,,0.07
16,10,1,equilibrada,200,100,paso,8,pt,ar1,0.038,,0.054
16,10,1,equilibrada,200,100,paso,8,pt,limping,0.038,,0.07
16,10,1,equilibrada,200,100,paso,8,nsb,ar1,0.04,,0.056
16,10,1,equilibrada,200,100,paso,8,nsb,limping,0.04,,0.07
17,10,1,equilibrada,200,300,evento,4,plugin,ar1,0.042,0.05,1
17,10,1,equilibrada,200,300,evento,4,plugin,limping,0.042,0.2,1
17,10,1,equilibrada,200,300,evento,4,mm,ar1,0.042,0.05,1
17,10,1,equilibrada,200,300,evento,4,mm,limping,0.042,0.2,1
17,10,1,equilibrada,200,300,evento,4,pt,ar1,0.042,0.05,1
17,10,1,equilibrada,200,300,evento,4,pt,limping,0.042,0.2,1
17,10,1,equilibrada,200,300,evento,4,nsb,ar1,0.042,0.05,1
17,10,1,equilibrada,200,300,evento,4,nsb,limping,0.042,0.2,1
17,10,1,equilibrada,200,300,dwell,4,plugin,ar1,0.044,0.05,1
17,10,1,equilibrada,200,300,dwell,4,plugin,limping,0.044,0.2,1
17,10,1,equilibrada,200,300,dwell,4,mm,ar1,0.044,0.05,1
17,10,1,equilibrada,200,300,dwell,4,mm,limping,0.044,0.2,1
17,10,1,equilibrada,200,300,dwell,4,pt,ar1,0.044,0.05,1
17,10,1,equilibrada,200,300,dwell,4,pt,limping,0.044,0.2,1
17,10,1,equilibrada,200,300,dwell,4,nsb,ar1,0.044,0.05,1
17,10,1,equilibrada,200,300,dwell,4,nsb,limping,0.044,0.2,1
17,10,1,equilibrada,200,300,dwell,8,plugin,ar1,0.04,0.05,1
17,10,1,equilibrada,200,300,dwell,8,plugin,limping,0.04,0.2,1
17,10,1,equilibrada,200,300,dwell,8,mm,ar1,0.04,0.05,1
17,10,1,equilibrada,200,300,dwell,8,mm,limping,0.04,0.2,1
17,10,1,equilibrada,200,300,dwell,8,pt,ar1,0.04,0.05,1
17,10,1,equilibrada,200,300,dwell,8,pt,limping,0.04,0.2,1
17,10,1,equilibrada,200,300,dwell,8,nsb,ar1,0.04,0.05,1
17,10,1,equilibrada,200,300,dwell,8,nsb,limping,0.04,0.2,1
17,10,1,equilibrada,200,300,paso,4,plugin,ar1,0.05,,0.064
17,10,1,equilibrada,200,300,paso,4,plugin,limping,0.05,,0.06
17,10,1,equilibrada,200,300,paso,4,mm,ar1,0.05,,0.064
17,10,1,equilibrada,200,300,paso,4,mm,limping,0.05,,0.06
17,10,1,equilibrada,200,300,paso,4,pt,ar1,0.05,,0.064
17,10,1,equilibrada,200,300,paso,4,pt,limping,0.05,,0.06
17,10,1,equilibrada,200,300,paso,8,plugin,ar1,0.05,,0.064
17,10,1,equilibrada,200,300,paso,8,plugin,limping,0.05,,0.06
17,10,1,equilibrada,200,300,paso,8,mm,ar1,0.05,,0.064
17,10,1,equilibrada,200,300,paso,8,mm,limping,0.05,,0.06
17,10,1,equilibrada,200,300,paso,8,pt,ar1,0.05,,0.064
17,10,1,equilibrada,200,300,paso,8,pt,limping,0.05,,0.06
18,10,1,sesgada_4nm,50,50,evento,4,plugin,ar1,0.042,0.2,1
18,10,1,sesgada_4nm,50,50,evento,4,plugin,limping,0.042,0.5,0.996
18,10,1,sesgada_4nm,50,50,evento,4,mm,ar1,0.04,0.2,1
18,10,1,sesgada_4nm,50,50,evento,4,mm,limping,0.04,0.5,0.996
18,10,1,sesgada_4nm,50,50,evento,4,pt,ar1,0.042,0.2,1
18,10,1,sesgada_4nm,50,50,evento,4,pt,limping,0.042,0.5,0.996
18,10,1,sesgada_4nm,50,50,evento,4,nsb,ar1,0.044,0.2,1
18,10,1,sesgada_4nm,50,50,evento,4,nsb,limping,0.044,0.5,0.996
18,10,1,sesgada_4nm,50,50,dwell,4,plugin,ar1,0.05,0.1,1
18,10,1,sesgada_4nm,50,50,dwell,4,plugin,limping,0.05,0.35,1
18,10,1,sesgada_4nm,50,50,dwell,4,mm,ar1,0.05,0.1,1
18,10,1,sesgada_4nm,50,50,dwell,4,mm,limping,0.05,0.35,1
18,10,1,sesgada_4nm,50,50,dwell,4,pt,ar1,0.05,0.1,1
18,10,1,sesgada_4nm,50,50,dwell,4,pt,limping,0.05,0.35,1
18,10,1,sesgada_4nm,50,50,dwell,4,nsb,ar1,0.05,0.1,1
18,10,1,sesgada_4nm,50,50,dwell,4,nsb,limping,0.05,0.35,1
18,10,1,sesgada_4nm,50,50,paso,4,plugin,ar1,0.048,,0.048
18,10,1,sesgada_4nm,50,50,paso,4,plugin,limping,0.048,,0.06
18,10,1,sesgada_4nm,50,50,paso,4,mm,ar1,0.048,,0.048
18,10,1,sesgada_4nm,50,50,paso,4,mm,limping,0.048,,0.06
18,10,1,sesgada_4nm,50,50,paso,4,pt,ar1,0.048,,0.048
18,10,1,sesgada_4nm,50,50,paso,4,pt,limping,0.048,,0.06
18,10,1,sesgada_4nm,50,50,paso,4,nsb,ar1,0.048,,0.046
18,10,1,sesgada_4nm,50,50,paso,4,nsb,limping,0.048,,0.06
18,10,1,sesgada_4nm,50,50,paso,8,plugin,ar1,0.048,,0.048
18,10,1,sesgada_4nm,50,50,paso,8,plugin,limping,0.048,,0.06
18,10,1,sesgada_4nm,50,50,paso,8,mm,ar1,0.048,,0.048
18,10,1,sesgada_4nm,50,50,paso,8,mm,limping,0.048,,0.06
18,10,1,sesgada_4nm,50,50,paso,8,pt,ar1,0.048,,0.048
18,10,1,sesgada_4nm,50,50,paso,8,pt,limping,0.048,,0.06
18,10,1,sesgada_4nm,50,50,paso,8,nsb,ar1,0.048,,0.046
18,10,1,sesgada_4nm,50,50,paso,8,nsb,limping,0.048,,0.06
18,10,1,sesgada_4nm,50,50,dwell_paso,4,plugin,ar1,0.046,,0.068
18,10,1,sesgada_4nm,50,50,dwell_paso,4,plugin,limping,0.046,,0.064
18,10,1,sesgada_4nm,50,50,dwell_paso,4,mm,ar1,0.046,,0.068
18,10,1,sesgada_4nm,50,50,dwell_paso,4,mm,limping,0.046,,0.064
18,10,1,sesgada_4nm,50,50,dwell_paso,4,pt,ar1,0.046,,0.068
18,10,1,sesgada_4nm,50,50,dwell_paso,4,pt,limping,0.046,,0.064
18,10,1,sesgada_4nm,50,50,dwell_paso,4,nsb,ar1,0.048,,0.068
18,10,1,sesgada_4nm,50,50,dwell_paso,4,nsb,limping,0.048,,0.064
19,10,1,sesgada_4nm,50,100,evento,4,plugin,ar1,0.036,0.2,1
19,10,1,sesgada_4nm,50,100,evento,4,plugin,limping,0.036,0.5,1
19,10,1,sesgada_4nm,50,100,evento,4,mm,ar1,0.036,0.2,1
19,10,1,sesgada_4nm,50,100,evento,4,mm,limping,0.036,0.5,1
19,10,1,sesgada_4nm,50,100,evento,4,pt,ar1,0.036,0.2,1
19,10,1,sesgada_4nm,50,100,evento,4,pt,limping,0.036,0.5,1
19,10,1,sesgada_4nm,50,100,evento,4,nsb,ar1,0.038,0.2,1
19,10,1,sesgada_4nm,50,100,evento,4,nsb,limping,0.038,0.5,1
19,10,1,sesgada_4nm,50,100,dwell,4,plugin,ar1,0.038,0.1,1
19,10,1,sesgada_4nm,50,100,dwell,4,plugin,limping,0.038,0.35,1
19,10,1,sesgada_4nm,50,100,dwell,4,mm,ar1,0.038,0.1,1
19,10,1,sesgada_4nm,50,100,dwell,4,mm,limping,0.038,0.35,1
19,10,1,sesgada_4nm,50,100,dwell,4,pt,ar1,0.038,0.1,1
19,10,1,sesgada_4nm,50,100,dwell,4,pt,limping,0.038,0.35,1
19,10,1,sesgada_4nm,50,100,dwell,4,nsb,ar1,0.04,0.1,1
19,10,1,sesgada_4nm,50,100,dwell,4,nsb,limping,0.04,0.35,1
19,10,1,sesgada_4nm,50,100,paso,4,plugin,ar1,0.036,,0.08
19,10,1,sesgada_4nm,50,100,paso,4,plugin,limping,0.036,,0.058
19,10,1,sesgada_4nm,50,100,paso,4,mm,ar1,0.036,,0.08
19,10,1,sesgada_4nm,50,100,paso,4,mm,limping,0.036,,0.058
19,10,1,sesgada_4nm,50,100,paso,4,pt,ar1,0.036,,0.08
19,10,1,sesgada_4nm,50,100,paso,4,pt,limping,0.036,,0.058
19,10,1,sesgada_4nm,50,100,paso,4,nsb,ar1,0.036,,0.078
19,10,1,sesgada_4nm,50,100,paso,4,nsb,limping,0.036,,0.054
19,10,1,sesgada_4nm,50,100,paso,8,plugin,ar1,0.036,,0.08
19,10,1,sesgada_4nm,50,100,paso,8,plugin,limping,0.036,,0.058
19,10,1,sesgada_4nm,50,100,paso,8,mm,ar1,0.036,,0.08
19,10,1,sesgada_4nm,50,100,paso,8,mm,limping,0.036,,0.058
19,10,1,sesgada_4nm,50,100,paso,8,pt,ar1,0.036,,0.08
19,10,1,sesgada_4nm,50,100,paso,8,pt,limping,0.036,,0.058
19,10,1,sesgada_4nm,50,100,paso,8,nsb,ar1,0.036,,0.078
19,10,1,sesgada_4nm,50,100,paso,8,nsb,limping,0.036,,0.054
20,10,1,sesgada_4nm,50,300,evento,4,plugin,ar1,0.042,0.1,1
20,10,1,sesgada_4nm,50,300,evento,4,plugin,limping,0.042,0.35,1
20,10,1,sesgada_4nm,50,300,evento,4,mm,ar1,0.042,0.1,1
20,10,1,sesgada_4nm,50,300,evento,4,mm,limping,0.042,0.35,1
20,10,1,sesgada_4nm,50,300,evento,4,pt,ar1,0.042,0.1,1
20,10,1,sesgada_4nm,50,300,evento,4,pt,limping,0.042,0.35,1
20,10,1,sesgada_4nm,50,300,evento,4,nsb,ar1,0.042,0.1,1
20,10,1,sesgada_4nm,50,300,evento,4,nsb,limping,0.042,0.35,1
20,10,1,sesgada_4nm,50,300,dwell,4,plugin,ar1,0.048,0.05,1
20,10,1,sesgada_4nm,50,300,dwell,4,plugin,limping,0.048,0.35,1
20,10,1,sesgada_4nm,50,300,dwell,4,mm,ar1,0.048,0.05,1
20,10,1,sesgada_4nm,50,300,dwell,4,mm,limping,0.048,0.35,1
20,10,1,sesgada_4nm,50,300,dwell,4,pt,ar1,0.048,0.05,1
20,10,1,sesgada_4nm,50,300,dwell,4,pt,limping,0.048,0.35,1
20,10,1,sesgada_4nm,50,300,dwell,4,nsb,ar1,0.048,0.05,1
20,10,1,sesgada_4nm,50,300,dwell,4,nsb,limping,0.048,0.35,1
20,10,1,sesgada_4nm,50,300,dwell_paso,4,plugin,ar1,0.048,,0.054
20,10,1,sesgada_4nm,50,300,dwell_paso,4,plugin,limping,0.048,,0.068
20,10,1,sesgada_4nm,50,300,dwell_paso,4,mm,ar1,0.048,,0.054
20,10,1,sesgada_4nm,50,300,dwell_paso,4,mm,limping,0.048,,0.068
20,10,1,sesgada_4nm,50,300,dwell_paso,4,pt,ar1,0.048,,0.054
20,10,1,sesgada_4nm,50,300,dwell_paso,4,pt,limping,0.048,,0.068
20,10,1,sesgada_4nm,50,300,dwell_paso,4,nsb,ar1,0.048,,0.054
20,10,1,sesgada_4nm,50,300,dwell_paso,4,nsb,limping,0.048,,0.068
20,10,1,sesgada_4nm,50,300,dwell_paso,8,plugin,ar1,0.042,,0.06
20,10,1,sesgada_4nm,50,300,dwell_paso,8,plugin,limping,0.042,,0.068
20,10,1,sesgada_4nm,50,300,dwell_paso,8,mm,ar1,0.042,,0.06
20,10,1,sesgada_4nm,50,300,dwell_paso,8,mm,limping,0.042,,0.068
20,10,1,sesgada_4nm,50,300,dwell_paso,8,pt,ar1,0.042,,0.06
20,10,1,sesgada_4nm,50,300,dwell_paso,8,pt,limping,0.042,,0.068
20,10,1,sesgada_4nm,50,300,dwell_paso,8,nsb,ar1,0.042,,0.06
20,10,1,sesgada_4nm,50,300,dwell_paso,8,nsb,limping,0.042,,0.07
21,10,1,sesgada_4nm,100,50,dwell,4,plugin,ar1,0.046,0.1,1
21,10,1,sesgada_4nm,100,50,dwell,4,plugin,limping,0.046,0.35,1
21,10,1,sesgada_4nm,100,50,dwell,4,mm,ar1,0.046,0.1,1
21,10,1,sesgada_4nm,100,50,dwell,4,mm,limping,0.046,0.35,1
21,10,1,sesgada_4nm,100,50,dwell,4,pt,ar1,0.046,0.1,1
21,10,1,sesgada_4nm,100,50,dwell,4,pt,limping,0.046,0.35,1
21,10,1,sesgada_4nm,100,50,dwell,4,nsb,ar1,0.046,0.1,1
21,10,1,sesgada_4nm,100,50,dwell,4,nsb,limping,0.046,0.35,1
21,10,1,sesgada_4nm,100,50,paso,4,plugin,ar1,0.048,,0.06
21,10,1,sesgada_4nm,100,50,paso,4,plugin,limping,0.048,,0.048
21,10,1,sesgada_4nm,100,50,paso,4,mm,ar1,0.048,,0.06
21,10,1,sesgada_4nm,100,50,paso,4,mm,limping,0.048,,0.048
21,10,1,sesgada_4nm,100,50,paso,4,pt,ar1,0.048,,0.06
21,10,1,sesgada_4nm,100,50,paso,4,pt,limping,0.048,,0.048
21,10,1,sesgada_4nm,100,50,paso,4,nsb,ar1,0.05,,0.06
21,10,1,sesgada_4nm,100,50,paso,4,nsb,limping,0.05,,0.048
21,10,1,sesgada_4nm,100,50,paso,8,plugin,ar1,0.048,,0.06
21,10,1,sesgada_4nm,100,50,paso,8,plugin,limping,0.048,,0.048
21,10,1,sesgada_4nm,100,50,paso,8,mm,ar1,0.048,,0.06
21,10,1,sesgada_4nm,100,50,paso,8,mm,limping,0.048,,0.048
21,10,1,sesgada_4nm,100,50,paso,8,pt,ar1,0.048,,0.06
21,10,1,sesgada_4nm,100,50,paso,8,pt,limping,0.048,,0.048
21,10,1,sesgada_4nm,100,50,paso,8,nsb,ar1,0.05,,0.06
21,10,1,sesgada_4nm,100,50,paso,8,nsb,limping,0.05,,0.048
21,10,1,sesgada_4nm,100,50,dwell_paso,4,plugin,ar1,0.05,,0.064
21,10,1,sesgada_4nm,100,50,dwell_paso,4,plugin,limping,0.05,,0.054
21,10,1,sesgada_4nm,100,50,dwell_paso,4,mm,ar1,0.05,,0.064
21,10,1,sesgada_4nm,100,50,dwell_paso,4,mm,limping,0.05,,0.054
21,10,1,sesgada_4nm,100,50,dwell_paso,4,pt,ar1,0.05,,0.064
21,10,1,sesgada_4nm,100,50,dwell_paso,4,pt,limping,0.05,,0.054
21,10,1,sesgada_4nm,100,50,dwell_paso,4,nsb,ar1,0.05,,0.062
21,10,1,sesgada_4nm,100,50,dwell_paso,4,nsb,limping,0.05,,0.054
22,10,1,sesgada_4nm,100,100,evento,8,plugin,ar1,0.04,0.2,1
22,10,1,sesgada_4nm,100,100,evento,8,plugin,limping,0.04,0.35,1
22,10,1,sesgada_4nm,100,100,evento,8,mm,ar1,0.04,0.2,1
22,10,1,sesgada_4nm,100,100,evento,8,mm,limping,0.04,0.35,1
22,10,1,sesgada_4nm,100,100,evento,8,pt,ar1,0.04,0.2,1
22,10,1,sesgada_4nm,100,100,evento,8,pt,limping,0.04,0.35,1
22,10,1,sesgada_4nm,100,100,evento,8,nsb,ar1,0.044,0.2,1
22,10,1,sesgada_4nm,100,100,evento,8,nsb,limping,0.044,0.35,1
22,10,1,sesgada_4nm,100,100,dwell,4,plugin,ar1,0.042,0.05,1
22,10,1,sesgada_4nm,100,100,dwell,4,plugin,limping,0.042,0.35,1
22,10,1,sesgada_4nm,100,100,dwell,4,mm,ar1,0.042,0.05,1
22,10,1,sesgada_4nm,100,100,dwell,4,mm,limping,0.042,0.35,1
22,10,1,sesgada_4nm,100,100,dwell,4,pt,ar1,0.042,0.05,1
22,10,1,sesgada_4nm,100,100,dwell,4,pt,limping,0.042,0.35,1
22,10,1,sesgada_4nm,100,100,dwell,4,nsb,ar1,0.042,0.05,1
22,10,1,sesgada_4nm,100,100,dwell,4,nsb,limping,0.042,0.35,1
22,10,1,sesgada_4nm,100,100,dwell_paso,4,plugin,ar1,0.04,,0.05
22,10,1,sesgada_4nm,100,100,dwell_paso,4,plugin,limping,0.04,,0.068
22,10,1,sesgada_4nm,100,100,dwell_paso,4,mm,ar1,0.04,,0.05
22,10,1,sesgada_4nm,100,100,dwell_paso,4,mm,limping,0.04,,0.068
22,10,1,sesgada_4nm,100,100,dwell_paso,4,pt,ar1,0.04,,0.05
22,10,1,sesgada_4nm,100,100,dwell_paso,4,pt,limping,0.04,,0.068
22,10,1,sesgada_4nm,100,100,dwell_paso,4,nsb,ar1,0.04,,0.05
22,10,1,sesgada_4nm,100,100,dwell_paso,4,nsb,limping,0.04,,0.068
22,10,1,sesgada_4nm,100,100,dwell_paso,8,plugin,ar1,0.038,,0.06
22,10,1,sesgada_4nm,100,100,dwell_paso,8,plugin,limping,0.038,,0.068
22,10,1,sesgada_4nm,100,100,dwell_paso,8,mm,ar1,0.038,,0.06
22,10,1,sesgada_4nm,100,100,dwell_paso,8,mm,limping,0.038,,0.068
22,10,1,sesgada_4nm,100,100,dwell_paso,8,pt,ar1,0.038,,0.06
22,10,1,sesgada_4nm,100,100,dwell_paso,8,pt,limping,0.038,,0.068
22,10,1,sesgada_4nm,100,100,dwell_paso,8,nsb,ar1,0.038,,0.06
22,10,1,sesgada_4nm,100,100,dwell_paso,8,nsb,limping,0.038,,0.066
23,10,1,sesgada_4nm,100,300,dwell_paso,4,plugin,ar1,0.046,,0.054
23,10,1,sesgada_4nm,100,300,dwell_paso,4,plugin,limping,0.046,,0.062
23,10,1,sesgada_4nm,100,300,dwell_paso,4,mm,ar1,0.046,,0.054
23,10,1,sesgada_4nm,100,300,dwell_paso,4,mm,limping,0.046,,0.062
23,10,1,sesgada_4nm,100,300,dwell_paso,4,pt,ar1,0.046,,0.054
23,10,1,sesgada_4nm,100,300,dwell_paso,4,pt,limping,0.046,,0.062
23,10,1,sesgada_4nm,100,300,dwell_paso,4,nsb,ar1,0.046,,0.054
23,10,1,sesgada_4nm,100,300,dwell_paso,4,nsb,limping,0.046,,0.062
24,10,1,sesgada_4nm,200,50,evento,8,mm,ar1,0.05,0.2,1
24,10,1,sesgada_4nm,200,50,evento,8,mm,limping,0.05,0.35,1
24,10,1,sesgada_4nm,200,50,paso,4,plugin,ar1,0.042,,0.058
24,10,1,sesgada_4nm,200,50,paso,4,plugin,limping,0.042,,0.074
24,10,1,sesgada_4nm,200,50,paso,4,mm,ar1,0.042,,0.058
24,10,1,sesgada_4nm,200,50,paso,4,mm,limping,0.042,,0.074
24,10,1,sesgada_4nm,200,50,paso,4,pt,ar1,0.042,,0.058
24,10,1,sesgada_4nm,200,50,paso,4,pt,limping,0.042,,0.074
24,10,1,sesgada_4nm,200,50,paso,4,nsb,ar1,0.042,,0.058
24,10,1,sesgada_4nm,200,50,paso,4,nsb,limping,0.042,,0.074
24,10,1,sesgada_4nm,200,50,paso,8,plugin,ar1,0.042,,0.058
24,10,1,sesgada_4nm,200,50,paso,8,plugin,limping,0.042,,0.074
24,10,1,sesgada_4nm,200,50,paso,8,mm,ar1,0.042,,0.058
24,10,1,sesgada_4nm,200,50,paso,8,mm,limping,0.042,,0.074
24,10,1,sesgada_4nm,200,50,paso,8,pt,ar1,0.042,,0.058
24,10,1,sesgada_4nm,200,50,paso,8,pt,limping,0.042,,0.074
24,10,1,sesgada_4nm,200,50,paso,8,nsb,ar1,0.042,,0.058
24,10,1,sesgada_4nm,200,50,paso,8,nsb,limping,0.042,,0.074
25,10,1,sesgada_4nm,200,100,evento,4,plugin,ar1,0.038,0.1,1
25,10,1,sesgada_4nm,200,100,evento,4,plugin,limping,0.038,0.35,1
25,10,1,sesgada_4nm,200,100,evento,4,mm,ar1,0.038,0.1,1
25,10,1,sesgada_4nm,200,100,evento,4,mm,limping,0.038,0.35,1
25,10,1,sesgada_4nm,200,100,evento,4,pt,ar1,0.038,0.1,1
25,10,1,sesgada_4nm,200,100,evento,4,pt,limping,0.038,0.35,1
25,10,1,sesgada_4nm,200,100,evento,4,nsb,ar1,0.04,0.1,1
25,10,1,sesgada_4nm,200,100,evento,4,nsb,limping,0.04,0.35,1
25,10,1,sesgada_4nm,200,100,paso,4,plugin,ar1,0.042,,0.068
25,10,1,sesgada_4nm,200,100,paso,4,plugin,limping,0.042,,0.058
25,10,1,sesgada_4nm,200,100,paso,4,mm,ar1,0.042,,0.068
25,10,1,sesgada_4nm,200,100,paso,4,mm,limping,0.042,,0.058
25,10,1,sesgada_4nm,200,100,paso,4,pt,ar1,0.042,,0.068
25,10,1,sesgada_4nm,200,100,paso,4,pt,limping,0.042,,0.058
25,10,1,sesgada_4nm,200,100,paso,4,nsb,ar1,0.044,,0.068
25,10,1,sesgada_4nm,200,100,paso,4,nsb,limping,0.044,,0.058
25,10,1,sesgada_4nm,200,100,paso,8,plugin,ar1,0.042,,0.068
25,10,1,sesgada_4nm,200,100,paso,8,plugin,limping,0.042,,0.058
25,10,1,sesgada_4nm,200,100,paso,8,mm,ar1,0.042,,0.068
25,10,1,sesgada_4nm,200,100,paso,8,mm,limping,0.042,,0.058
25,10,1,sesgada_4nm,200,100,paso,8,pt,ar1,0.042,,0.068
25,10,1,sesgada_4nm,200,100,paso,8,pt,limping,0.042,,0.058
25,10,1,sesgada_4nm,200,100,paso,8,nsb,ar1,0.044,,0.068
25,10,1,sesgada_4nm,200,100,paso,8,nsb,limping,0.044,,0.058
26,10,1,sesgada_4nm,200,300,evento,4,plugin,ar1,0.044,0.05,1
26,10,1,sesgada_4nm,200,300,evento,4,plugin,limping,0.044,0.2,1
26,10,1,sesgada_4nm,200,300,evento,4,mm,ar1,0.044,0.05,1
26,10,1,sesgada_4nm,200,300,evento,4,mm,limping,0.044,0.2,1
26,10,1,sesgada_4nm,200,300,evento,4,pt,ar1,0.044,0.05,1
26,10,1,sesgada_4nm,200,300,evento,4,pt,limping,0.044,0.2,1
26,10,1,sesgada_4nm,200,300,evento,4,nsb,ar1,0.044,0.05,1
26,10,1,sesgada_4nm,200,300,evento,4,nsb,limping,0.044,0.2,1
26,10,1,sesgada_4nm,200,300,paso,4,plugin,ar1,0.05,,0.06
26,10,1,sesgada_4nm,200,300,paso,4,plugin,limping,0.05,,0.062
26,10,1,sesgada_4nm,200,300,paso,4,mm,ar1,0.05,,0.06
26,10,1,sesgada_4nm,200,300,paso,4,mm,limping,0.05,,0.062
26,10,1,sesgada_4nm,200,300,paso,4,pt,ar1,0.05,,0.06
26,10,1,sesgada_4nm,200,300,paso,4,pt,limping,0.05,,0.062
26,10,1,sesgada_4nm,200,300,paso,4,nsb,ar1,0.048,,0.06
26,10,1,sesgada_4nm,200,300,paso,4,nsb,limping,0.048,,0.062
26,10,1,sesgada_4nm,200,300,paso,8,plugin,ar1,0.05,,0.06
26,10,1,sesgada_4nm,200,300,paso,8,plugin,limping,0.05,,0.062
26,10,1,sesgada_4nm,200,300,paso,8,mm,ar1,0.05,,0.06
26,10,1,sesgada_4nm,200,300,paso,8,mm,limping,0.05,,0.062
26,10,1,sesgada_4nm,200,300,paso,8,pt,ar1,0.05,,0.06
26,10,1,sesgada_4nm,200,300,paso,8,pt,limping,0.05,,0.062
26,10,1,sesgada_4nm,200,300,paso,8,nsb,ar1,0.048,,0.06
26,10,1,sesgada_4nm,200,300,paso,8,nsb,limping,0.048,,0.062
27,10,2,dominante_8nm,50,50,evento,8,plugin,ar1,0.048,0.2,1
27,10,2,dominante_8nm,50,50,evento,8,plugin,limping,0.048,0.35,1
27,10,2,dominante_8nm,50,50,evento,8,pt,ar1,0.048,0.2,1
27,10,2,dominante_8nm,50,50,evento,8,pt,limping,0.048,0.35,1
27,10,2,dominante_8nm,50,50,dwell,8,plugin,ar1,0.05,0.2,1
27,10,2,dominante_8nm,50,50,dwell,8,plugin,limping,0.05,0.35,1
27,10,2,dominante_8nm,50,50,dwell,8,mm,ar1,0.05,0.2,1
27,10,2,dominante_8nm,50,50,dwell,8,mm,limping,0.05,0.35,1
27,10,2,dominante_8nm,50,50,dwell,8,pt,ar1,0.05,0.2,1
27,10,2,dominante_8nm,50,50,dwell,8,pt,limping,0.05,0.35,1
27,10,2,dominante_8nm,50,50,dwell,8,nsb,ar1,0.046,0.2,1
27,10,2,dominante_8nm,50,50,dwell,8,nsb,limping,0.046,0.35,1
28,10,2,dominante_8nm,50,100,evento,4,plugin,ar1,0.04,0.2,1
28,10,2,dominante_8nm,50,100,evento,4,plugin,limping,0.04,0.35,1
28,10,2,dominante_8nm,50,100,evento,4,mm,ar1,0.042,0.2,1
28,10,2,dominante_8nm,50,100,evento,4,mm,limping,0.042,0.35,1
28,10,2,dominante_8nm,50,100,evento,4,pt,ar1,0.042,0.2,1
28,10,2,dominante_8nm,50,100,evento,4,pt,limping,0.042,0.35,1
28,10,2,dominante_8nm,50,100,evento,4,nsb,ar1,0.046,0.2,1
28,10,2,dominante_8nm,50,100,evento,4,nsb,limping,0.046,0.35,1
28,10,2,dominante_8nm,50,100,evento,8,plugin,ar1,0.026,0.2,1
28,10,2,dominante_8nm,50,100,evento,8,plugin,limping,0.026,0.35,1
28,10,2,dominante_8nm,50,100,evento,8,mm,ar1,0.026,0.2,1
28,10,2,dominante_8nm,50,100,evento,8,mm,limping,0.026,0.35,1
28,10,2,dominante_8nm,50,100,evento,8,pt,ar1,0.026,0.2,1
28,10,2,dominante_8nm,50,100,evento,8,pt,limping,0.026,0.35,1
28,10,2,dominante_8nm,50,100,evento,8,nsb,ar1,0.024,0.2,1
28,10,2,dominante_8nm,50,100,evento,8,nsb,limping,0.024,0.35,1
28,10,2,dominante_8nm,50,100,dwell,8,plugin,ar1,0.034,0.1,1
28,10,2,dominante_8nm,50,100,dwell,8,plugin,limping,0.034,0.35,1
28,10,2,dominante_8nm,50,100,dwell,8,mm,ar1,0.034,0.1,1
28,10,2,dominante_8nm,50,100,dwell,8,mm,limping,0.034,0.35,1
28,10,2,dominante_8nm,50,100,dwell,8,pt,ar1,0.034,0.1,1
28,10,2,dominante_8nm,50,100,dwell,8,pt,limping,0.034,0.35,1
28,10,2,dominante_8nm,50,100,dwell,8,nsb,ar1,0.03,0.1,1
28,10,2,dominante_8nm,50,100,dwell,8,nsb,limping,0.03,0.35,1
28,10,2,dominante_8nm,50,100,paso,4,plugin,ar1,0.022,,0.062
28,10,2,dominante_8nm,50,100,paso,4,plugin,limping,0.022,,0.054
28,10,2,dominante_8nm,50,100,paso,4,mm,ar1,0.022,,0.062
28,10,2,dominante_8nm,50,100,paso,4,mm,limping,0.022,,0.054
28,10,2,dominante_8nm,50,100,paso,4,pt,ar1,0.022,,0.062
28,10,2,dominante_8nm,50,100,paso,4,pt,limping,0.022,,0.054
28,10,2,dominante_8nm,50,100,paso,4,nsb,ar1,0.022,,0.058
28,10,2,dominante_8nm,50,100,paso,4,nsb,limping,0.022,,0.054
28,10,2,dominante_8nm,50,100,paso,8,plugin,ar1,0.022,,0.062
28,10,2,dominante_8nm,50,100,paso,8,plugin,limping,0.022,,0.054
28,10,2,dominante_8nm,50,100,paso,8,mm,ar1,0.022,,0.062
28,10,2,dominante_8nm,50,100,paso,8,mm,limping,0.022,,0.054
28,10,2,dominante_8nm,50,100,paso,8,pt,ar1,0.022,,0.062
28,10,2,dominante_8nm,50,100,paso,8,pt,limping,0.022,,0.054
28,10,2,dominante_8nm,50,100,paso,8,nsb,ar1,0.022,,0.058
28,10,2,dominante_8nm,50,100,paso,8,nsb,limping,0.022,,0.054
28,10,2,dominante_8nm,50,100,dwell_paso,4,plugin,ar1,0.042,,0.06
28,10,2,dominante_8nm,50,100,dwell_paso,4,plugin,limping,0.042,,0.072
28,10,2,dominante_8nm,50,100,dwell_paso,4,mm,ar1,0.042,,0.06
28,10,2,dominante_8nm,50,100,dwell_paso,4,mm,limping,0.042,,0.072
28,10,2,dominante_8nm,50,100,dwell_paso,4,pt,ar1,0.042,,0.06
28,10,2,dominante_8nm,50,100,dwell_paso,4,pt,limping,0.042,,0.072
28,10,2,dominante_8nm,50,100,dwell_paso,4,nsb,ar1,0.044,,0.06
28,10,2,dominante_8nm,50,100,dwell_paso,4,nsb,limping,0.044,,0.072
28,10,2,dominante_8nm,50,100,dwell_paso,8,plugin,ar1,0.034,,0.07
28,10,2,dominante_8nm,50,100,dwell_paso,8,plugin,limping,0.034,,0.064
28,10,2,dominante_8nm,50,100,dwell_paso,8,mm,ar1,0.034,,0.07
28,10,2,dominante_8nm,50,100,dwell_paso,8,mm,limping,0.034,,0.064
28,10,2,dominante_8nm,50,100,dwell_paso,8,pt,ar1,0.034,,0.07
28,10,2,dominante_8nm,50,100,dwell_paso,8,pt,limping,0.034,,0.064
28,10,2,dominante_8nm,50,100,dwell_paso,8,nsb,ar1,0.034,,0.07
28,10,2,dominante_8nm,50,100,dwell_paso,8,nsb,limping,0.034,,0.064
29,10,2,dominante_8nm,50,300,evento,4,plugin,ar1,0.044,0.1,1
29,10,2,dominante_8nm,50,300,evento,4,plugin,limping,0.044,0.2,1
29,10,2,dominante_8nm,50,300,evento,4,mm,ar1,0.044,0.1,1
29,10,2,dominante_8nm,50,300,evento,4,mm,limping,0.044,0.2,1
29,10,2,dominante_8nm,50,300,evento,4,pt,ar1,0.044,0.1,1
29,10,2,dominante_8nm,50,300,evento,4,pt,limping,0.044,0.2,1
29,10,2,dominante_8nm,50,300,evento,4,nsb,ar1,0.042,0.1,1
29,10,2,dominante_8nm,50,300,evento,4,nsb,limping,0.042,0.2,1
29,10,2,dominante_8nm,50,300,evento,8,nsb,ar1,0.05,0.1,1
29,10,2,dominante_8nm,50,300,evento,8,nsb,limping,0.05,0.35,1
29,10,2,dominante_8nm,50,300,dwell,4,plugin,ar1,0.048,0.05,1
29,10,2,dominante_8nm,50,300,dwell,4,plugin,limping,0.048,0.2,1
29,10,2,dominante_8nm,50,300,dwell,4,mm,ar1,0.048,0.05,1
29,10,2,dominante_8nm,50,300,dwell,4,mm,limping,0.048,0.2,1
29,10,2,dominante_8nm,50,300,dwell,4,pt,ar1,0.048,0.05,1
29,10,2,dominante_8nm,50,300,dwell,4,pt,limping,0.048,0.2,1
29,10,2,dominante_8nm,50,300,dwell,4,nsb,ar1,0.05,0.05,1
29,10,2,dominante_8nm,50,300,dwell,4,nsb,limping,0.05,0.2,1
29,10,2,dominante_8nm,50,300,dwell,8,plugin,ar1,0.042,0.05,1
29,10,2,dominante_8nm,50,300,dwell,8,plugin,limping,0.042,0.2,1
29,10,2,dominante_8nm,50,300,dwell,8,mm,ar1,0.042,0.05,1
29,10,2,dominante_8nm,50,300,dwell,8,mm,limping,0.042,0.2,1
29,10,2,dominante_8nm,50,300,dwell,8,pt,ar1,0.042,0.05,1
29,10,2,dominante_8nm,50,300,dwell,8,pt,limping,0.042,0.2,1
29,10,2,dominante_8nm,50,300,dwell,8,nsb,ar1,0.044,0.05,1
29,10,2,dominante_8nm,50,300,dwell,8,nsb,limping,0.044,0.2,1
29,10,2,dominante_8nm,50,300,dwell_paso,4,plugin,ar1,0.048,,0.056
29,10,2,dominante_8nm,50,300,dwell_paso,4,plugin,limping,0.048,,0.058
29,10,2,dominante_8nm,50,300,dwell_paso,4,mm,ar1,0.048,,0.056
29,10,2,dominante_8nm,50,300,dwell_paso,4,mm,limping,0.048,,0.058
29,10,2,dominante_8nm,50,300,dwell_paso,4,pt,ar1,0.048,,0.056
29,10,2,dominante_8nm,50,300,dwell_paso,4,pt,limping,0.048,,0.058
29,10,2,dominante_8nm,50,300,dwell_paso,4,nsb,ar1,0.048,,0.054
29,10,2,dominante_8nm,50,300,dwell_paso,4,nsb,limping,0.048,,0.058
29,10,2,dominante_8nm,50,300,dwell_paso,8,plugin,ar1,0.042,,0.058
29,10,2,dominante_8nm,50,300,dwell_paso,8,plugin,limping,0.042,,0.056
29,10,2,dominante_8nm,50,300,dwell_paso,8,mm,ar1,0.042,,0.058
29,10,2,dominante_8nm,50,300,dwell_paso,8,mm,limping,0.042,,0.056
29,10,2,dominante_8nm,50,300,dwell_paso,8,pt,ar1,0.042,,0.058
29,10,2,dominante_8nm,50,300,dwell_paso,8,pt,limping,0.042,,0.056
29,10,2,dominante_8nm,50,300,dwell_paso,8,nsb,ar1,0.042,,0.058
29,10,2,dominante_8nm,50,300,dwell_paso,8,nsb,limping,0.042,,0.058
30,10,2,dominante_8nm,100,50,evento,4,plugin,ar1,0.05,0.2,1
30,10,2,dominante_8nm,100,50,evento,4,plugin,limping,0.05,0.35,1
30,10,2,dominante_8nm,100,50,evento,4,mm,ar1,0.05,0.2,1
30,10,2,dominante_8nm,100,50,evento,4,mm,limping,0.05,0.35,1
30,10,2,dominante_8nm,100,50,evento,4,pt,ar1,0.05,0.2,1
30,10,2,dominante_8nm,100,50,evento,4,pt,limping,0.05,0.35,1
30,10,2,dominante_8nm,100,50,evento,4,nsb,ar1,0.048,0.2,1
30,10,2,dominante_8nm,100,50,evento,4,nsb,limping,0.048,0.35,1
30,10,2,dominante_8nm,100,50,evento,8,plugin,ar1,0.028,0.2,1
30,10,2,dominante_8nm,100,50,evento,8,plugin,limping,0.028,0.35,1
30,10,2,dominante_8nm,100,50,evento,8,mm,ar1,0.034,0.2,1
30,10,2,dominante_8nm,100,50,evento,8,mm,limping,0.034,0.35,1
30,10,2,dominante_8nm,100,50,evento,8,pt,ar1,0.028,0.2,1
30,10,2,dominante_8nm,100,50,evento,8,pt,limping,0.028,0.35,1
30,10,2,dominante_8nm,100,50,evento,8,nsb,ar1,0.036,0.2,1
30,10,2,dominante_8nm,100,50,evento,8,nsb,limping,0.036,0.35,1
30,10,2,dominante_8nm,100,50,dwell,4,plugin,ar1,0.042,0.1,1
30,10,2,dominante_8nm,100,50,dwell,4,plugin,limping,0.042,0.2,1
30,10,2,dominante_8nm,100,50,dwell,4,mm,ar1,0.042,0.1,1
30,10,2,dominante_8nm,100,50,dwell,4,mm,limping,0.042,0.2,1
30,10,2,dominante_8nm,100,50,dwell,4,pt,ar1,0.042,0.1,1
30,10,2,dominante_8nm,100,50,dwell,4,pt,limping,0.042,0.2,1
30,10,2,dominante_8nm,100,50,dwell,4,nsb,ar1,0.042,0.1,1
30,10,2,dominante_8nm,100,50,dwell,4,nsb,limping,0.042,0.2,1
30,10,2,dominante_8nm,100,50,dwell,8,plugin,ar1,0.036,0.1,1
30,10,2,dominante_8nm,100,50,dwell,8,plugin,limping,0.036,0.35,1
30,10,2,dominante_8nm,100,50,dwell,8,mm,ar1,0.036,0.1,1
30,10,2,dominante_8nm,100,50,dwell,8,mm,limping,0.036,0.35,1
30,10,2,dominante_8nm,100,50,dwell,8,pt,ar1,0.036,0.1,1
30,10,2,dominante_8nm,100,50,dwell,8,pt,limping,0.036,0.35,1
30,10,2,dominante_8nm,100,50,dwell,8,nsb,ar1,0.04,0.1,1
30,10,2,dominante_8nm,100,50,dwell,8,nsb,limping,0.04,0.35,1
30,10,2,dominante_8nm,100,50,paso,4,plugin,ar1,0.048,,0.062
30,10,2,dominante_8nm,100,50,paso,4,plugin,limping,0.048,,0.056
30,10,2,dominante_8nm,100,50,paso,4,mm,ar1,0.048,,0.062
30,10,2,dominante_8nm,100,50,paso,4,mm,limping,0.048,,0.056
30,10,2,dominante_8nm,100,50,paso,4,pt,ar1,0.048,,0.062
30,10,2,dominante_8nm,100,50,paso,4,pt,limping,0.048,,0.056
30,10,2,dominante_8nm,100,50,paso,4,nsb,ar1,0.048,,0.06
30,10,2,dominante_8nm,100,50,paso,4,nsb,limping,0.048,,0.052
30,10,2,dominante_8nm,100,50,paso,8,plugin,ar1,0.048,,0.062
30,10,2,dominante_8nm,100,50,paso,8,plugin,limping,0.048,,0.056
30,10,2,dominante_8nm,100,50,paso,8,mm,ar1,0.048,,0.062
30,10,2,dominante_8nm,100,50,paso,8,mm,limping,0.048,,0.056
30,10,2,dominante_8nm,100,50,paso,8,pt,ar1,0.048,,0.062
30,10,2,dominante_8nm,100,50,paso,8,pt,limping,0.048,,0.056
30,10,2,dominante_8nm,100,50,paso,8,nsb,ar1,0.048,,0.06
30,10,2,dominante_8nm,100,50,paso,8,nsb,limping,0.048,,0.052
30,10,2,dominante_8nm,100,50,dwell_paso,4,plugin,ar1,0.04,,0.07
30,10,2,dominante_8nm,100,50,dwell_paso,4,plugin,limping,0.04,,0.056
30,10,2,dominante_8nm,100,50,dwell_paso,4,mm,ar1,0.04,,0.07
30,10,2,dominante_8nm,100,50,dwell_paso,4,mm,limping,0.04,,0.056
30,10,2,dominante_8nm,100,50,dwell_paso,4,pt,ar1,0.04,,0.07
30,10,2,dominante_8nm,100,50,dwell_paso,4,pt,limping,0.04,,0.056
30,10,2,dominante_8nm,100,50,dwell_paso,4,nsb,ar1,0.04,,0.07
30,10,2,dominante_8nm,100,50,dwell_paso,4,nsb,limping,0.04,,0.056
30,10,2,dominante_8nm,100,50,dwell_paso,8,plugin,ar1,0.04,,0.062
30,10,2,dominante_8nm,100,50,dwell_paso,8,plugin,limping,0.04,,0.06
30,10,2,dominante_8nm,100,50,dwell_paso,8,mm,ar1,0.04,,0.062
30,10,2,dominante_8nm,100,50,dwell_paso,8,mm,limping,0.04,,0.06
30,10,2,dominante_8nm,100,50,dwell_paso,8,pt,ar1,0.04,,0.062
30,10,2,dominante_8nm,100,50,dwell_paso,8,pt,limping,0.04,,0.06
30,10,2,dominante_8nm,100,50,dwell_paso,8,nsb,ar1,0.04,,0.062
30,10,2,dominante_8nm,100,50,dwell_paso,8,nsb,limping,0.04,,0.062
31,10,2,dominante_8nm,100,100,evento,4,plugin,ar1,0.046,0.1,1
31,10,2,dominante_8nm,100,100,evento,4,plugin,limping,0.046,0.35,1
31,10,2,dominante_8nm,100,100,evento,4,mm,ar1,0.046,0.1,1
31,10,2,dominante_8nm,100,100,evento,4,mm,limping,0.046,0.35,1
31,10,2,dominante_8nm,100,100,evento,4,pt,ar1,0.046,0.1,1
31,10,2,dominante_8nm,100,100,evento,4,pt,limping,0.046,0.35,1
31,10,2,dominante_8nm,100,100,evento,4,nsb,ar1,0.042,0.1,1
31,10,2,dominante_8nm,100,100,evento,4,nsb,limping,0.042,0.35,1
31,10,2,dominante_8nm,100,100,evento,8,plugin,ar1,0.05,0.2,1
31,10,2,dominante_8nm,100,100,evento,8,plugin,limping,0.05,0.35,1
31,10,2,dominante_8nm,100,100,evento,8,mm,ar1,0.048,0.2,1
31,10,2,dominante_8nm,100,100,evento,8,mm,limping,0.048,0.35,1
31,10,2,dominante_8nm,100,100,evento,8,pt,ar1,0.05,0.2,1
31,10,2,dominante_8nm,100,100,evento,8,pt,limping,0.05,0.35,1
31,10,2,dominante_8nm,100,100,evento,8,nsb,ar1,0.048,0.2,1
31,10,2,dominante_8nm,100,100,evento,8,nsb,limping,0.048,0.35,1
31,10,2,dominante_8nm,100,100,paso,4,plugin,ar1,0.046,,0.058
31,10,2,dominante_8nm,100,100,paso,4,plugin,limping,0.046,,0.068
31,10,2,dominante_8nm,100,100,paso,4,mm,ar1,0.046,,0.058
31,10,2,dominante_8nm,100,100,paso,4,mm,limping,0.046,,0.068
31,10,2,dominante_8nm,100,100,paso,4,pt,ar1,0.046,,0.058
31,10,2,dominante_8nm,100,100,paso,4,pt,limping,0.046,,0.068
31,10,2,dominante_8nm,100,100,paso,4,nsb,ar1,0.046,,0.056
31,10,2,dominante_8nm,100,100,paso,4,nsb,limping,0.046,,0.068
31,10,2,dominante_8nm,100,100,paso,8,plugin,ar1,0.046,,0.058
31,10,2,dominante_8nm,100,100,paso,8,plugin,limping,0.046,,0.068
31,10,2,dominante_8nm,100,100,paso,8,mm,ar1,0.046,,0.058
31,10,2,dominante_8nm,100,100,paso,8,mm,limping,0.046,,0.068
31,10,2,dominante_8nm,100,100,paso,8,pt,ar1,0.046,,0.058
31,10,2,dominante_8nm,100,100,paso,8,pt,limping,0.046,,0.068
31,10,2,dominante_8nm,100,100,paso,8,nsb,ar1,0.046,,0.056
31,10,2,dominante_8nm,100,100,paso,8,nsb,limping,0.046,,0.068
32,10,2,dominante_8nm,100,300,evento,4,plugin,ar1,0.05,0.05,1
32,10,2,dominante_8nm,100,300,evento,4,plugin,limping,0.05,0.2,1
32,10,2,dominante_8nm,100,300,evento,4,mm,ar1,0.05,0.05,1
32,10,2,dominante_8nm,100,300,evento,4,mm,limping,0.05,0.2,1
32,10,2,dominante_8nm,100,300,evento,4,pt,ar1,0.05,0.05,1
32,10,2,dominante_8nm,100,300,evento,4,pt,limping,0.05,0.2,1
32,10,2,dominante_8nm,100,300,evento,4,nsb,ar1,0.05,0.05,1
32,10,2,dominante_8nm,100,300,evento,4,nsb,limping,0.05,0.2,1
32,10,2,dominante_8nm,100,300,evento,8,plugin,ar1,0.044,0.1,1
32,10,2,dominante_8nm,100,300,evento,8,plugin,limping,0.044,0.2,1
32,10,2,dominante_8nm,100,300,evento,8,mm,ar1,0.044,0.1,1
32,10,2,dominante_8nm,100,300,evento,8,mm,limping,0.044,0.2,1
32,10,2,dominante_8nm,100,300,evento,8,pt,ar1,0.044,0.1,1
32,10,2,dominante_8nm,100,300,evento,8,pt,limping,0.044,0.2,1
32,10,2,dominante_8nm,100,300,evento,8,nsb,ar1,0.05,0.1,1
32,10,2,dominante_8nm,100,300,evento,8,nsb,limping,0.05,0.2,1
32,10,2,dominante_8nm,100,300,dwell,4,plugin,ar1,0.048,0.05,1
32,10,2,dominante_8nm,100,300,dwell,4,plugin,limping,0.048,0.2,1
32,10,2,dominante_8nm,100,300,dwell,4,mm,ar1,0.048,0.05,1
32,10,2,dominante_8nm,100,300,dwell,4,mm,limping,0.048,0.2,1
32,10,2,dominante_8nm,100,300,dwell,4,pt,ar1,0.048,0.05,1
32,10,2,dominante_8nm,100,300,dwell,4,pt,limping,0.048,0.2,1
32,10,2,dominante_8nm,100,300,dwell,4,nsb,ar1,0.046,0.05,1
32,10,2,dominante_8nm,100,300,dwell,4,nsb,limping,0.046,0.2,1
32,10,2,dominante_8nm,100,300,dwell,8,plugin,ar1,0.05,0.05,1
32,10,2,dominante_8nm,100,300,dwell,8,plugin,limping,0.05,0.2,1
32,10,2,dominante_8nm,100,300,dwell,8,mm,ar1,0.05,0.05,1
32,10,2,dominante_8nm,100,300,dwell,8,mm,limping,0.05,0.2,1
32,10,2,dominante_8nm,100,300,dwell,8,pt,ar1,0.05,0.05,1
32,10,2,dominante_8nm,100,300,dwell,8,pt,limping,0.05,0.2,1
32,10,2,dominante_8nm,100,300,dwell,8,nsb,ar1,0.048,0.05,1
32,10,2,dominante_8nm,100,300,dwell,8,nsb,limping,0.048,0.2,1
32,10,2,dominante_8nm,100,300,paso,4,plugin,ar1,0.042,,0.052
32,10,2,dominante_8nm,100,300,paso,4,plugin,limping,0.042,,0.054
32,10,2,dominante_8nm,100,300,paso,4,mm,ar1,0.042,,0.052
32,10,2,dominante_8nm,100,300,paso,4,mm,limping,0.042,,0.054
32,10,2,dominante_8nm,100,300,paso,4,pt,ar1,0.042,,0.052
32,10,2,dominante_8nm,100,300,paso,4,pt,limping,0.042,,0.054
32,10,2,dominante_8nm,100,300,paso,4,nsb,ar1,0.042,,0.052
32,10,2,dominante_8nm,100,300,paso,4,nsb,limping,0.042,,0.052
32,10,2,dominante_8nm,100,300,paso,8,plugin,ar1,0.042,,0.052
32,10,2,dominante_8nm,100,300,paso,8,plugin,limping,0.042,,0.054
32,10,2,dominante_8nm,100,300,paso,8,mm,ar1,0.042,,0.052
32,10,2,dominante_8nm,100,300,paso,8,mm,limping,0.042,,0.054
32,10,2,dominante_8nm,100,300,paso,8,pt,ar1,0.042,,0.052
32,10,2,dominante_8nm,100,300,paso,8,pt,limping,0.042,,0.054
32,10,2,dominante_8nm,100,300,paso,8,nsb,ar1,0.042,,0.052
32,10,2,dominante_8nm,100,300,paso,8,nsb,limping,0.042,,0.052
33,10,2,dominante_8nm,200,50,evento,4,plugin,ar1,0.038,0.1,1
33,10,2,dominante_8nm,200,50,evento,4,plugin,limping,0.038,0.35,1
33,10,2,dominante_8nm,200,50,evento,4,mm,ar1,0.038,0.1,1
33,10,2,dominante_8nm,200,50,evento,4,mm,limping,0.038,0.35,1
33,10,2,dominante_8nm,200,50,evento,4,pt,ar1,0.038,0.1,1
33,10,2,dominante_8nm,200,50,evento,4,pt,limping,0.038,0.35,1
33,10,2,dominante_8nm,200,50,evento,4,nsb,ar1,0.038,0.1,1
33,10,2,dominante_8nm,200,50,evento,4,nsb,limping,0.038,0.35,1
33,10,2,dominante_8nm,200,50,evento,8,plugin,ar1,0.048,0.2,1
33,10,2,dominante_8nm,200,50,evento,8,plugin,limping,0.048,0.35,1
33,10,2,dominante_8nm,200,50,evento,8,pt,ar1,0.048,0.2,1
33,10,2,dominante_8nm,200,50,evento,8,pt,limping,0.048,0.35,1
33,10,2,dominante_8nm,200,50,dwell_paso,4,plugin,ar1,0.044,,0.06
33,10,2,dominante_8nm,200,50,dwell_paso,4,plugin,limping,0.044,,0.066
33,10,2,dominante_8nm,200,50,dwell_paso,4,mm,ar1,0.044,,0.06
33,10,2,dominante_8nm,200,50,dwell_paso,4,mm,limping,0.044,,0.066
33,10,2,dominante_8nm,200,50,dwell_paso,4,pt,ar1,0.044,,0.06
33,10,2,dominante_8nm,200,50,dwell_paso,4,pt,limping,0.044,,0.066
33,10,2,dominante_8nm,200,50,dwell_paso,4,nsb,ar1,0.044,,0.06
33,10,2,dominante_8nm,200,50,dwell_paso,4,nsb,limping,0.044,,0.066
33,10,2,dominante_8nm,200,50,dwell_paso,8,plugin,ar1,0.036,,0.066
33,10,2,dominante_8nm,200,50,dwell_paso,8,plugin,limping,0.036,,0.066
33,10,2,dominante_8nm,200,50,dwell_paso,8,mm,ar1,0.036,,0.066
33,10,2,dominante_8nm,200,50,dwell_paso,8,mm,limping,0.036,,0.066
33,10,2,dominante_8nm,200,50,dwell_paso,8,pt,ar1,0.036,,0.066
33,10,2,dominante_8nm,200,50,dwell_paso,8,pt,limping,0.036,,0.066
33,10,2,dominante_8nm,200,50,dwell_paso,8,nsb,ar1,0.036,,0.066
33,10,2,dominante_8nm,200,50,dwell_paso,8,nsb,limping,0.036,,0.066
34,10,2,dominante_8nm,200,100,evento,4,plugin,ar1,0.05,0.1,1
34,10,2,dominante_8nm,200,100,evento,4,plugin,limping,0.05,0.2,1
34,10,2,dominante_8nm,200,100,evento,4,mm,ar1,0.05,0.1,1
34,10,2,dominante_8nm,200,100,evento,4,mm,limping,0.05,0.2,1
34,10,2,dominante_8nm,200,100,evento,4,pt,ar1,0.05,0.1,1
34,10,2,dominante_8nm,200,100,evento,4,pt,limping,0.05,0.2,1
34,10,2,dominante_8nm,200,100,evento,4,nsb,ar1,0.05,0.1,1
34,10,2,dominante_8nm,200,100,evento,4,nsb,limping,0.05,0.2,1
34,10,2,dominante_8nm,200,100,dwell,4,plugin,ar1,0.048,0.05,1
34,10,2,dominante_8nm,200,100,dwell,4,plugin,limping,0.048,0.2,1
34,10,2,dominante_8nm,200,100,dwell,4,mm,ar1,0.048,0.05,1
34,10,2,dominante_8nm,200,100,dwell,4,mm,limping,0.048,0.2,1
34,10,2,dominante_8nm,200,100,dwell,4,pt,ar1,0.048,0.05,1
34,10,2,dominante_8nm,200,100,dwell,4,pt,limping,0.048,0.2,1
34,10,2,dominante_8nm,200,100,dwell,4,nsb,ar1,0.048,0.05,1
34,10,2,dominante_8nm,200,100,dwell,4,nsb,limping,0.048,0.2,1
34,10,2,dominante_8nm,200,100,dwell,8,plugin,ar1,0.046,0.05,1
34,10,2,dominante_8nm,200,100,dwell,8,plugin,limping,0.046,0.2,1
34,10,2,dominante_8nm,200,100,dwell,8,mm,ar1,0.046,0.05,1
34,10,2,dominante_8nm,200,100,dwell,8,mm,limping,0.046,0.2,1
34,10,2,dominante_8nm,200,100,dwell,8,pt,ar1,0.046,0.05,1
34,10,2,dominante_8nm,200,100,dwell,8,pt,limping,0.046,0.2,1
34,10,2,dominante_8nm,200,100,dwell,8,nsb,ar1,0.044,0.05,1
34,10,2,dominante_8nm,200,100,dwell,8,nsb,limping,0.044,0.2,1
34,10,2,dominante_8nm,200,100,paso,4,plugin,ar1,0.046,,0.058
34,10,2,dominante_8nm,200,100,paso,4,plugin,limping,0.046,,0.064
34,10,2,dominante_8nm,200,100,paso,4,mm,ar1,0.046,,0.058
34,10,2,dominante_8nm,200,100,paso,4,mm,limping,0.046,,0.064
34,10,2,dominante_8nm,200,100,paso,4,pt,ar1,0.046,,0.058
34,10,2,dominante_8nm,200,100,paso,4,pt,limping,0.046,,0.064
34,10,2,dominante_8nm,200,100,paso,4,nsb,ar1,0.046,,0.06
34,10,2,dominante_8nm,200,100,paso,4,nsb,limping,0.046,,0.07
34,10,2,dominante_8nm,200,100,paso,8,plugin,ar1,0.046,,0.058
34,10,2,dominante_8nm,200,100,paso,8,plugin,limping,0.046,,0.064
34,10,2,dominante_8nm,200,100,paso,8,mm,ar1,0.046,,0.058
34,10,2,dominante_8nm,200,100,paso,8,mm,limping,0.046,,0.064
34,10,2,dominante_8nm,200,100,paso,8,pt,ar1,0.046,,0.058
34,10,2,dominante_8nm,200,100,paso,8,pt,limping,0.046,,0.064
34,10,2,dominante_8nm,200,100,paso,8,nsb,ar1,0.046,,0.06
34,10,2,dominante_8nm,200,100,paso,8,nsb,limping,0.046,,0.07
34,10,2,dominante_8nm,200,100,dwell_paso,4,plugin,ar1,0.046,,0.06
34,10,2,dominante_8nm,200,100,dwell_paso,4,plugin,limping,0.046,,0.072
34,10,2,dominante_8nm,200,100,dwell_paso,4,mm,ar1,0.046,,0.06
34,10,2,dominante_8nm,200,100,dwell_paso,4,mm,limping,0.046,,0.072
34,10,2,dominante_8nm,200,100,dwell_paso,4,pt,ar1,0.046,,0.06
34,10,2,dominante_8nm,200,100,dwell_paso,4,pt,limping,0.046,,0.072
34,10,2,dominante_8nm,200,100,dwell_paso,4,nsb,ar1,0.044,,0.06
34,10,2,dominante_8nm,200,100,dwell_paso,4,nsb,limping,0.044,,0.072
34,10,2,dominante_8nm,200,100,dwell_paso,8,plugin,ar1,0.04,,0.062
34,10,2,dominante_8nm,200,100,dwell_paso,8,plugin,limping,0.04,,0.056
34,10,2,dominante_8nm,200,100,dwell_paso,8,mm,ar1,0.04,,0.062
34,10,2,dominante_8nm,200,100,dwell_paso,8,mm,limping,0.04,,0.056
34,10,2,dominante_8nm,200,100,dwell_paso,8,pt,ar1,0.04,,0.062
34,10,2,dominante_8nm,200,100,dwell_paso,8,pt,limping,0.04,,0.056
34,10,2,dominante_8nm,200,100,dwell_paso,8,nsb,ar1,0.04,,0.062
34,10,2,dominante_8nm,200,100,dwell_paso,8,nsb,limping,0.04,,0.056
35,10,2,dominante_8nm,200,300,evento,4,plugin,ar1,0.044,0.05,1
35,10,2,dominante_8nm,200,300,evento,4,plugin,limping,0.044,0.2,1
35,10,2,dominante_8nm,200,300,evento,4,mm,ar1,0.044,0.05,1
35,10,2,dominante_8nm,200,300,evento,4,mm,limping,0.044,0.2,1
35,10,2,dominante_8nm,200,300,evento,4,pt,ar1,0.044,0.05,1
35,10,2,dominante_8nm,200,300,evento,4,pt,limping,0.044,0.2,1
35,10,2,dominante_8nm,200,300,evento,4,nsb,ar1,0.044,0.05,1
35,10,2,dominante_8nm,200,300,evento,4,nsb,limping,0.044,0.2,1
35,10,2,dominante_8nm,200,300,evento,8,plugin,ar1,0.05,0.05,1
35,10,2,dominante_8nm,200,300,evento,8,plugin,limping,0.05,0.2,1
35,10,2,dominante_8nm,200,300,evento,8,mm,ar1,0.05,0.05,1
35,10,2,dominante_8nm,200,300,evento,8,mm,limping,0.05,0.2,1
35,10,2,dominante_8nm,200,300,evento,8,pt,ar1,0.05,0.05,1
35,10,2,dominante_8nm,200,300,evento,8,pt,limping,0.05,0.2,1
35,10,2,dominante_8nm,200,300,dwell_paso,4,plugin,ar1,0.036,,0.056
35,10,2,dominante_8nm,200,300,dwell_paso,4,plugin,limping,0.036,,0.068
35,10,2,dominante_8nm,200,300,dwell_paso,4,mm,ar1,0.036,,0.056
35,10,2,dominante_8nm,200,300,dwell_paso,4,mm,limping,0.036,,0.068
35,10,2,dominante_8nm,200,300,dwell_paso,4,pt,ar1,0.036,,0.056
35,10,2,dominante_8nm,200,300,dwell_paso,4,pt,limping,0.036,,0.068
35,10,2,dominante_8nm,200,300,dwell_paso,4,nsb,ar1,0.036,,0.056
35,10,2,dominante_8nm,200,300,dwell_paso,4,nsb,limping,0.036,,0.068
35,10,2,dominante_8nm,200,300,dwell_paso,8,plugin,ar1,0.034,,0.06
35,10,2,dominante_8nm,200,300,dwell_paso,8,plugin,limping,0.034,,0.062
35,10,2,dominante_8nm,200,300,dwell_paso,8,mm,ar1,0.034,,0.06
35,10,2,dominante_8nm,200,300,dwell_paso,8,mm,limping,0.034,,0.062
35,10,2,dominante_8nm,200,300,dwell_paso,8,pt,ar1,0.034,,0.06
35,10,2,dominante_8nm,200,300,dwell_paso,8,pt,limping,0.034,,0.062
35,10,2,dominante_8nm,200,300,dwell_paso,8,nsb,ar1,0.034,,0.06
35,10,2,dominante_8nm,200,300,dwell_paso,8,nsb,limping,0.034,,0.062
36,10,2,equilibrada,50,50,evento,4,plugin,ar1,0.048,0.2,1
36,10,2,equilibrada,50,50,evento,4,plugin,limping,0.048,0.35,1
36,10,2,equilibrada,50,50,evento,4,mm,ar1,0.048,0.2,1
36,10,2,equilibrada,50,50,evento,4,mm,limping,0.048,0.35,1
36,10,2,equilibrada,50,50,evento,4,pt,ar1,0.048,0.2,1
36,10,2,equilibrada,50,50,evento,4,pt,limping,0.048,0.35,1
36,10,2,equilibrada,50,50,evento,4,nsb,ar1,0.048,0.2,1
36,10,2,equilibrada,50,50,evento,4,nsb,limping,0.048,0.35,1
36,10,2,equilibrada,50,50,evento,8,plugin,ar1,0.038,0.35,1
36,10,2,equilibrada,50,50,evento,8,plugin,limping,0.038,0.35,1
36,10,2,equilibrada,50,50,evento,8,mm,ar1,0.04,0.35,1
36,10,2,equilibrada,50,50,evento,8,mm,limping,0.04,0.35,1
36,10,2,equilibrada,50,50,evento,8,pt,ar1,0.038,0.35,1
36,10,2,equilibrada,50,50,evento,8,pt,limping,0.038,0.35,1
36,10,2,equilibrada,50,50,evento,8,nsb,ar1,0.04,0.35,1
36,10,2,equilibrada,50,50,evento,8,nsb,limping,0.04,0.35,1
36,10,2,equilibrada,50,50,dwell_paso,4,plugin,ar1,0.038,,0.064
36,10,2,equilibrada,50,50,dwell_paso,4,plugin,limping,0.038,,0.054
36,10,2,equilibrada,50,50,dwell_paso,4,mm,ar1,0.038,,0.064
36,10,2,equilibrada,50,50,dwell_paso,4,mm,limping,0.038,,0.054
36,10,2,equilibrada,50,50,dwell_paso,4,pt,ar1,0.038,,0.064
36,10,2,equilibrada,50,50,dwell_paso,4,pt,limping,0.038,,0.054
36,10,2,equilibrada,50,50,dwell_paso,4,nsb,ar1,0.04,,0.062
36,10,2,equilibrada,50,50,dwell_paso,4,nsb,limping,0.04,,0.056
36,10,2,equilibrada,50,50,dwell_paso,8,plugin,ar1,0.038,,0.066
36,10,2,equilibrada,50,50,dwell_paso,8,plugin,limping,0.038,,0.056
36,10,2,equilibrada,50,50,dwell_paso,8,mm,ar1,0.038,,0.066
36,10,2,equilibrada,50,50,dwell_paso,8,mm,limping,0.038,,0.056
36,10,2,equilibrada,50,50,dwell_paso,8,pt,ar1,0.038,,0.066
36,10,2,equilibrada,50,50,dwell_paso,8,pt,limping,0.038,,0.056
36,10,2,equilibrada,50,50,dwell_paso,8,nsb,ar1,0.038,,0.066
36,10,2,equilibrada,50,50,dwell_paso,8,nsb,limping,0.038,,0.056
37,10,2,equilibrada,50,100,evento,4,plugin,ar1,0.046,0.2,1
37,10,2,equilibrada,50,100,evento,4,plugin,limping,0.046,0.35,1
37,10,2,equilibrada,50,100,evento,4,mm,ar1,0.046,0.2,1
37,10,2,equilibrada,50,100,evento,4,mm,limping,0.046,0.35,1
37,10,2,equilibrada,50,100,evento,4,pt,ar1,0.046,0.2,1
37,10,2,equilibrada,50,100,evento,4,pt,limping,0.046,0.35,1
37,10,2,equilibrada,50,100,evento,4,nsb,ar1,0.046,0.2,1
37,10,2,equilibrada,50,100,evento,4,nsb,limping,0.046,0.35,1
37,10,2,equilibrada,50,100,evento,8,plugin,ar1,0.046,0.2,1
37,10,2,equilibrada,50,100,evento,8,plugin,limping,0.046,0.35,1
37,10,2,equilibrada,50,100,evento,8,mm,ar1,0.048,0.2,1
37,10,2,equilibrada,50,100,evento,8,mm,limping,0.048,0.35,1
37,10,2,equilibrada,50,100,evento,8,pt,ar1,0.048,0.2,1
37,10,2,equilibrada,50,100,evento,8,pt,limping,0.048,0.35,1
37,10,2,equilibrada,50,100,dwell,4,plugin,ar1,0.046,0.1,1
37,10,2,equilibrada,50,100,dwell,4,plugin,limping,0.046,0.2,1
37,10,2,equilibrada,50,100,dwell,4,mm,ar1,0.046,0.1,1
37,10,2,equilibrada,50,100,dwell,4,mm,limping,0.046,0.2,1
37,10,2,equilibrada,50,100,dwell,4,pt,ar1,0.046,0.1,1
37,10,2,equilibrada,50,100,dwell,4,pt,limping,0.046,0.2,1
37,10,2,equilibrada,50,100,dwell,4,nsb,ar1,0.046,0.1,1
37,10,2,equilibrada,50,100,dwell,4,nsb,limping,0.046,0.2,1
37,10,2,equilibrada,50,100,dwell,8,plugin,ar1,0.044,0.1,1
37,10,2,equilibrada,50,100,dwell,8,plugin,limping,0.044,0.35,1
37,10,2,equilibrada,50,100,dwell,8,mm,ar1,0.044,0.1,1
37,10,2,equilibrada,50,100,dwell,8,mm,limping,0.044,0.35,1
37,10,2,equilibrada,50,100,dwell,8,pt,ar1,0.044,0.1,1
37,10,2,equilibrada,50,100,dwell,8,pt,limping,0.044,0.35,1
37,10,2,equilibrada,50,100,dwell,8,nsb,ar1,0.042,0.1,1
37,10,2,equilibrada,50,100,dwell,8,nsb,limping,0.042,0.35,1
37,10,2,equilibrada,50,100,paso,4,plugin,ar1,0.044,,0.058
37,10,2,equilibrada,50,100,paso,4,plugin,limping,0.044,,0.064
37,10,2,equilibrada,50,100,paso,4,mm,ar1,0.044,,0.058
37,10,2,equilibrada,50,100,paso,4,mm,limping,0.044,,0.064
37,10,2,equilibrada,50,100,paso,4,pt,ar1,0.044,,0.058
37,10,2,equilibrada,50,100,paso,4,pt,limping,0.044,,0.064
37,10,2,equilibrada,50,100,paso,4,nsb,ar1,0.044,,0.058
37,10,2,equilibrada,50,100,paso,4,nsb,limping,0.044,,0.064
37,10,2,equilibrada,50,100,paso,8,plugin,ar1,0.044,,0.058
37,10,2,equilibrada,50,100,paso,8,plugin,limping,0.044,,0.064
37,10,2,equilibrada,50,100,paso,8,mm,ar1,0.044,,0.058
37,10,2,equilibrada,50,100,paso,8,mm,limping,0.044,,0.064
37,10,2,equilibrada,50,100,paso,8,pt,ar1,0.044,,0.058
37,10,2,equilibrada,50,100,paso,8,pt,limping,0.044,,0.064
37,10,2,equilibrada,50,100,paso,8,nsb,ar1,0.044,,0.058
37,10,2,equilibrada,50,100,paso,8,nsb,limping,0.044,,0.064
37,10,2,equilibrada,50,100,dwell_paso,4,plugin,ar1,0.03,,0.058
37,10,2,equilibrada,50,100,dwell_paso,4,plugin,limping,0.03,,0.062
37,10,2,equilibrada,50,100,dwell_paso,4,mm,ar1,0.03,,0.058
37,10,2,equilibrada,50,100,dwell_paso,4,mm,limping,0.03,,0.062
37,10,2,equilibrada,50,100,dwell_paso,4,pt,ar1,0.03,,0.058
37,10,2,equilibrada,50,100,dwell_paso,4,pt,limping,0.03,,0.062
37,10,2,equilibrada,50,100,dwell_paso,4,nsb,ar1,0.03,,0.058
37,10,2,equilibrada,50,100,dwell_paso,4,nsb,limping,0.03,,0.062
37,10,2,equilibrada,50,100,dwell_paso,8,plugin,ar1,0.042,,0.066
37,10,2,equilibrada,50,100,dwell_paso,8,plugin,limping,0.042,,0.07
37,10,2,equilibrada,50,100,dwell_paso,8,mm,ar1,0.042,,0.066
37,10,2,equilibrada,50,100,dwell_paso,8,mm,limping,0.042,,0.07
37,10,2,equilibrada,50,100,dwell_paso,8,pt,ar1,0.042,,0.066
37,10,2,equilibrada,50,100,dwell_paso,8,pt,limping,0.042,,0.07
37,10,2,equilibrada,50,100,dwell_paso,8,nsb,ar1,0.044,,0.07
37,10,2,equilibrada,50,100,dwell_paso,8,nsb,limping,0.044,,0.07
38,10,2,equilibrada,50,300,evento,8,plugin,ar1,0.048,0.1,1
38,10,2,equilibrada,50,300,evento,8,plugin,limping,0.048,0.35,1
38,10,2,equilibrada,50,300,evento,8,mm,ar1,0.048,0.1,1
38,10,2,equilibrada,50,300,evento,8,mm,limping,0.048,0.35,1
38,10,2,equilibrada,50,300,evento,8,pt,ar1,0.048,0.1,1
38,10,2,equilibrada,50,300,evento,8,pt,limping,0.048,0.35,1
38,10,2,equilibrada,50,300,dwell_paso,4,plugin,ar1,0.048,,0.054
38,10,2,equilibrada,50,300,dwell_paso,4,plugin,limping,0.048,,0.062
38,10,2,equilibrada,50,300,dwell_paso,4,mm,ar1,0.048,,0.054
38,10,2,equilibrada,50,300,dwell_paso,4,mm,limping,0.048,,0.062
38,10,2,equilibrada,50,300,dwell_paso,4,pt,ar1,0.048,,0.054
38,10,2,equilibrada,50,300,dwell_paso,4,pt,limping,0.048,,0.062
38,10,2,equilibrada,50,300,dwell_paso,4,nsb,ar1,0.05,,0.054
38,10,2,equilibrada,50,300,dwell_paso,4,nsb,limping,0.05,,0.062
38,10,2,equilibrada,50,300,dwell_paso,8,plugin,ar1,0.05,,0.062
38,10,2,equilibrada,50,300,dwell_paso,8,plugin,limping,0.05,,0.068
38,10,2,equilibrada,50,300,dwell_paso,8,mm,ar1,0.05,,0.062
38,10,2,equilibrada,50,300,dwell_paso,8,mm,limping,0.05,,0.068
38,10,2,equilibrada,50,300,dwell_paso,8,pt,ar1,0.05,,0.062
38,10,2,equilibrada,50,300,dwell_paso,8,pt,limping,0.05,,0.068
38,10,2,equilibrada,50,300,dwell_paso,8,nsb,ar1,0.05,,0.062
38,10,2,equilibrada,50,300,dwell_paso,8,nsb,limping,0.05,,0.07
39,10,2,equilibrada,100,50,evento,8,plugin,ar1,0.048,0.2,1
39,10,2,equilibrada,100,50,evento,8,plugin,limping,0.048,0.35,1
39,10,2,equilibrada,100,50,evento,8,mm,ar1,0.048,0.2,1
39,10,2,equilibrada,100,50,evento,8,mm,limping,0.048,0.35,1
39,10,2,equilibrada,100,50,evento,8,pt,ar1,0.048,0.2,1
39,10,2,equilibrada,100,50,evento,8,pt,limping,0.048,0.35,1
39,10,2,equilibrada,100,50,evento,8,nsb,ar1,0.05,0.2,1
39,10,2,equilibrada,100,50,evento,8,nsb,limping,0.05,0.35,1
39,10,2,equilibrada,100,50,dwell,4,plugin,ar1,0.04,0.1,1
39,10,2,equilibrada,100,50,dwell,4,plugin,limping,0.04,0.2,1
39,10,2,equilibrada,100,50,dwell,4,mm,ar1,0.04,0.1,1
39,10,2,equilibrada,100,50,dwell,4,mm,limping,0.04,0.2,1
39,10,2,equilibrada,100,50,dwell,4,pt,ar1,0.04,0.1,1
39,10,2,equilibrada,100,50,dwell,4,pt,limping,0.04,0.2,1
39,10,2,equilibrada,100,50,dwell,4,nsb,ar1,0.04,0.1,1
39,10,2,equilibrada,100,50,dwell,4,nsb,limping,0.04,0.2,1
39,10,2,equilibrada,100,50,paso,4,plugin,ar1,0.04,,0.068
39,10,2,equilibrada,100,50,paso,4,plugin,limping,0.04,,0.046
39,10,2,equilibrada,100,50,paso,4,mm,ar1,0.04,,0.068
39,10,2,equilibrada,100,50,paso,4,mm,limping,0.04,,0.046
39,10,2,equilibrada,100,50,paso,4,pt,ar1,0.04,,0.068
39,10,2,equilibrada,100,50,paso,4,pt,limping,0.04,,0.046
39,10,2,equilibrada,100,50,paso,4,nsb,ar1,0.04,,0.068
39,10,2,equilibrada,100,50,paso,4,nsb,limping,0.04,,0.046
39,10,2,equilibrada,100,50,paso,8,plugin,ar1,0.04,,0.068
39,10,2,equilibrada,100,50,paso,8,plugin,limping,0.04,,0.046
39,10,2,equilibrada,100,50,paso,8,mm,ar1,0.04,,0.068
39,10,2,equilibrada,100,50,paso,8,mm,limping,0.04,,0.046
39,10,2,equilibrada,100,50,paso,8,pt,ar1,0.04,,0.068
39,10,2,equilibrada,100,50,paso,8,pt,limping,0.04,,0.046
39,10,2,equilibrada,100,50,paso,8,nsb,ar1,0.04,,0.068
39,10,2,equilibrada,100,50,paso,8,nsb,limping,0.04,,0.046
39,10,2,equilibrada,100,50,dwell_paso,4,plugin,ar1,0.04,,0.072
39,10,2,equilibrada,100,50,dwell_paso,4,plugin,limping,0.04,,0.072
39,10,2,equilibrada,100,50,dwell_paso,4,mm,ar1,0.04,,0.072
39,10,2,equilibrada,100,50,dwell_paso,4,mm,limping,0.04,,0.072
39,10,2,equilibrada,100,50,dwell_paso,4,pt,ar1,0.04,,0.072
39,10,2,equilibrada,100,50,dwell_paso,4,pt,limping,0.04,,0.072
39,10,2,equilibrada,100,50,dwell_paso,4,nsb,ar1,0.042,,0.072
39,10,2,equilibrada,100,50,dwell_paso,4,nsb,limping,0.042,,0.074
39,10,2,equilibrada,100,50,dwell_paso,8,plugin,ar1,0.04,,0.064
39,10,2,equilibrada,100,50,dwell_paso,8,plugin,limping,0.04,,0.062
39,10,2,equilibrada,100,50,dwell_paso,8,mm,ar1,0.04,,0.064
39,10,2,equilibrada,100,50,dwell_paso,8,mm,limping,0.04,,0.062
39,10,2,equilibrada,100,50,dwell_paso,8,pt,ar1,0.04,,0.064
39,10,2,equilibrada,100,50,dwell_paso,8,pt,limping,0.04,,0.062
39,10,2,equilibrada,100,50,dwell_paso,8,nsb,ar1,0.042,,0.064
39,10,2,equilibrada,100,50,dwell_paso,8,nsb,limping,0.042,,0.06
40,10,2,equilibrada,100,100,evento,4,plugin,ar1,0.048,0.1,1
40,10,2,equilibrada,100,100,evento,4,plugin,limping,0.048,0.35,1
40,10,2,equilibrada,100,100,evento,4,mm,ar1,0.048,0.1,1
40,10,2,equilibrada,100,100,evento,4,mm,limping,0.048,0.35,1
40,10,2,equilibrada,100,100,evento,4,pt,ar1,0.048,0.1,1
40,10,2,equilibrada,100,100,evento,4,pt,limping,0.048,0.35,1
40,10,2,equilibrada,100,100,evento,4,nsb,ar1,0.05,0.1,1
40,10,2,equilibrada,100,100,evento,4,nsb,limping,0.05,0.35,1
40,10,2,equilibrada,100,100,evento,8,plugin,ar1,0.034,0.2,1
40,10,2,equilibrada,100,100,evento,8,plugin,limping,0.034,0.35,1
40,10,2,equilibrada,100,100,evento,8,mm,ar1,0.034,0.2,1
40,10,2,equilibrada,100,100,evento,8,mm,limping,0.034,0.35,1
40,10,2,equilibrada,100,100,evento,8,pt,ar1,0.034,0.2,1
40,10,2,equilibrada,100,100,evento,8,pt,limping,0.034,0.35,1
40,10,2,equilibrada,100,100,evento,8,nsb,ar1,0.04,0.2,1
40,10,2,equilibrada,100,100,evento,8,nsb,limping,0.04,0.35,1
40,10,2,equilibrada,100,100,dwell,8,plugin,ar1,0.038,0.1,1
40,10,2,equilibrada,100,100,dwell,8,plugin,limping,0.038,0.2,1
40,10,2,equilibrada,100,100,dwell,8,mm,ar1,0.038,0.1,1
40,10,2,equilibrada,100,100,dwell,8,mm,limping,0.038,0.2,1
40,10,2,equilibrada,100,100,dwell,8,pt,ar1,0.038,0.1,1
40,10,2,equilibrada,100,100,dwell,8,pt,limping,0.038,0.2,1
40,10,2,equilibrada,100,100,dwell,8,nsb,ar1,0.038,0.1,1
40,10,2,equilibrada,100,100,dwell,8,nsb,limping,0.038,0.2,1
41,10,2,equilibrada,100,300,evento,4,plugin,ar1,0.03,0.05,1
41,10,2,equilibrada,100,300,evento,4,plugin,limping,0.03,0.2,1
41,10,2,equilibrada,100,300,evento,4,mm,ar1,0.03,0.05,1
41,10,2,equilibrada,100,300,evento,4,mm,limping,0.03,0.2,1
41,10,2,equilibrada,100,300,evento,4,pt,ar1,0.03,0.05,1
41,10,2,equilibrada,100,300,evento,4,pt,limping,0.03,0.2,1
41,10,2,equilibrada,100,300,evento,4,nsb,ar1,0.032,0.05,1
41,10,2,equilibrada,100,300,evento,4,nsb,limping,0.032,0.2,1
41,10,2,equilibrada,100,300,dwell,4,plugin,ar1,0.046,0.05,1
41,10,2,equilibrada,100,300,dwell,4,plugin,limping,0.046,0.2,1
41,10,2,equilibrada,100,300,dwell,4,mm,ar1,0.046,0.05,1
41,10,2,equilibrada,100,300,dwell,4,mm,limping,0.046,0.2,1
41,10,2,equilibrada,100,300,dwell,4,pt,ar1,0.046,0.05,1
41,10,2,equilibrada,100,300,dwell,4,pt,limping,0.046,0.2,1
41,10,2,equilibrada,100,300,dwell,4,nsb,ar1,0.046,0.05,1
41,10,2,equilibrada,100,300,dwell,4,nsb,limping,0.046,0.2,1
41,10,2,equilibrada,100,300,dwell,8,plugin,ar1,0.04,0.05,1
41,10,2,equilibrada,100,300,dwell,8,plugin,limping,0.04,0.2,1
41,10,2,equilibrada,100,300,dwell,8,mm,ar1,0.04,0.05,1
41,10,2,equilibrada,100,300,dwell,8,mm,limping,0.04,0.2,1
41,10,2,equilibrada,100,300,dwell,8,pt,ar1,0.04,0.05,1
41,10,2,equilibrada,100,300,dwell,8,pt,limping,0.04,0.2,1
41,10,2,equilibrada,100,300,dwell,8,nsb,ar1,0.038,0.05,1
41,10,2,equilibrada,100,300,dwell,8,nsb,limping,0.038,0.2,1
42,10,2,equilibrada,200,50,dwell,4,plugin,ar1,0.03,0.05,1
42,10,2,equilibrada,200,50,dwell,4,plugin,limping,0.03,0.2,1
42,10,2,equilibrada,200,50,dwell,4,mm,ar1,0.03,0.05,1
42,10,2,equilibrada,200,50,dwell,4,mm,limping,0.03,0.2,1
42,10,2,equilibrada,200,50,dwell,4,pt,ar1,0.03,0.05,1
42,10,2,equilibrada,200,50,dwell,4,pt,limping,0.03,0.2,1
42,10,2,equilibrada,200,50,dwell,4,nsb,ar1,0.03,0.05,1
42,10,2,equilibrada,200,50,dwell,4,nsb,limping,0.03,0.2,1
42,10,2,equilibrada,200,50,dwell,8,plugin,ar1,0.038,0.1,1
42,10,2,equilibrada,200,50,dwell,8,plugin,limping,0.038,0.2,1
42,10,2,equilibrada,200,50,dwell,8,mm,ar1,0.038,0.1,1
42,10,2,equilibrada,200,50,dwell,8,mm,limping,0.038,0.2,1
42,10,2,equilibrada,200,50,dwell,8,pt,ar1,0.038,0.1,1
42,10,2,equilibrada,200,50,dwell,8,pt,limping,0.038,0.2,1
42,10,2,equilibrada,200,50,dwell,8,nsb,ar1,0.042,0.1,1
42,10,2,equilibrada,200,50,dwell,8,nsb,limping,0.042,0.2,1
42,10,2,equilibrada,200,50,dwell_paso,4,plugin,ar1,0.046,,0.066
42,10,2,equilibrada,200,50,dwell_paso,4,plugin,limping,0.046,,0.068
42,10,2,equilibrada,200,50,dwell_paso,4,mm,ar1,0.046,,0.066
42,10,2,equilibrada,200,50,dwell_paso,4,mm,limping,0.046,,0.068
42,10,2,equilibrada,200,50,dwell_paso,4,pt,ar1,0.046,,0.066
42,10,2,equilibrada,200,50,dwell_paso,4,pt,limping,0.046,,0.068
42,10,2,equilibrada,200,50,dwell_paso,4,nsb,ar1,0.046,,0.064
42,10,2,equilibrada,200,50,dwell_paso,4,nsb,limping,0.046,,0.07
43,10,2,equilibrada,200,100,evento,4,nsb,ar1,0.05,0.1,1
43,10,2,equilibrada,200,100,evento,4,nsb,limping,0.05,0.2,1
43,10,2,equilibrada,200,100,paso,4,plugin,ar1,0.044,,0.064
43,10,2,equilibrada,200,100,paso,4,plugin,limping,0.044,,0.07
43,10,2,equilibrada,200,100,paso,4,mm,ar1,0.044,,0.064
43,10,2,equilibrada,200,100,paso,4,mm,limping,0.044,,0.07
43,10,2,equilibrada,200,100,paso,4,pt,ar1,0.044,,0.064
43,10,2,equilibrada,200,100,paso,4,pt,limping,0.044,,0.07
43,10,2,equilibrada,200,100,paso,4,nsb,ar1,0.044,,0.064
43,10,2,equilibrada,200,100,paso,4,nsb,limping,0.044,,0.07
43,10,2,equilibrada,200,100,paso,8,plugin,ar1,0.044,,0.064
43,10,2,equilibrada,200,100,paso,8,plugin,limping,0.044,,0.07
43,10,2,equilibrada,200,100,paso,8,mm,ar1,0.044,,0.064
43,10,2,equilibrada,200,100,paso,8,mm,limping,0.044,,0.07
43,10,2,equilibrada,200,100,paso,8,pt,ar1,0.044,,0.064
43,10,2,equilibrada,200,100,paso,8,pt,limping,0.044,,0.07
43,10,2,equilibrada,200,100,paso,8,nsb,ar1,0.044,,0.064
43,10,2,equilibrada,200,100,paso,8,nsb,limping,0.044,,0.07
43,10,2,equilibrada,200,100,dwell_paso,4,plugin,ar1,0.042,,0.072
43,10,2,equilibrada,200,100,dwell_paso,4,plugin,limping,0.042,,0.056
43,10,2,equilibrada,200,100,dwell_paso,4,mm,ar1,0.042,,0.072
43,10,2,equilibrada,200,100,dwell_paso,4,mm,limping,0.042,,0.056
43,10,2,equilibrada,200,100,dwell_paso,4,pt,ar1,0.042,,0.072
43,10,2,equilibrada,200,100,dwell_paso,4,pt,limping,0.042,,0.056
43,10,2,equilibrada,200,100,dwell_paso,4,nsb,ar1,0.042,,0.072
43,10,2,equilibrada,200,100,dwell_paso,4,nsb,limping,0.042,,0.056
43,10,2,equilibrada,200,100,dwell_paso,8,plugin,ar1,0.042,,0.068
43,10,2,equilibrada,200,100,dwell_paso,8,plugin,limping,0.042,,0.056
43,10,2,equilibrada,200,100,dwell_paso,8,mm,ar1,0.042,,0.068
43,10,2,equilibrada,200,100,dwell_paso,8,mm,limping,0.042,,0.056
43,10,2,equilibrada,200,100,dwell_paso,8,pt,ar1,0.042,,0.068
43,10,2,equilibrada,200,100,dwell_paso,8,pt,limping,0.042,,0.056
43,10,2,equilibrada,200,100,dwell_paso,8,nsb,ar1,0.042,,0.068
43,10,2,equilibrada,200,100,dwell_paso,8,nsb,limping,0.042,,0.056
44,10,2,equilibrada,200,300,evento,4,plugin,ar1,0.048,0.05,1
44,10,2,equilibrada,200,300,evento,4,plugin,limping,0.048,0.2,1
44,10,2,equilibrada,200,300,evento,4,mm,ar1,0.048,0.05,1
44,10,2,equilibrada,200,300,evento,4,mm,limping,0.048,0.2,1
44,10,2,equilibrada,200,300,evento,4,pt,ar1,0.048,0.05,1
44,10,2,equilibrada,200,300,evento,4,pt,limping,0.048,0.2,1
44,10,2,equilibrada,200,300,evento,4,nsb,ar1,0.048,0.05,1
44,10,2,equilibrada,200,300,evento,4,nsb,limping,0.048,0.2,1
44,10,2,equilibrada,200,300,dwell,4,plugin,ar1,0.042,0.05,1
44,10,2,equilibrada,200,300,dwell,4,plugin,limping,0.042,0.2,1
44,10,2,equilibrada,200,300,dwell,4,mm,ar1,0.042,0.05,1
44,10,2,equilibrada,200,300,dwell,4,mm,limping,0.042,0.2,1
44,10,2,equilibrada,200,300,dwell,4,pt,ar1,0.042,0.05,1
44,10,2,equilibrada,200,300,dwell,4,pt,limping,0.042,0.2,1
44,10,2,equilibrada,200,300,dwell,4,nsb,ar1,0.044,0.05,1
44,10,2,equilibrada,200,300,dwell,4,nsb,limping,0.044,0.2,1
44,10,2,equilibrada,200,300,dwell,8,plugin,ar1,0.046,0.05,1
44,10,2,equilibrada,200,300,dwell,8,plugin,limping,0.046,0.2,1
44,10,2,equilibrada,200,300,dwell,8,mm,ar1,0.046,0.05,1
44,10,2,equilibrada,200,300,dwell,8,mm,limping,0.046,0.2,1
44,10,2,equilibrada,200,300,dwell,8,pt,ar1,0.046,0.05,1
44,10,2,equilibrada,200,300,dwell,8,pt,limping,0.046,0.2,1
44,10,2,equilibrada,200,300,dwell,8,nsb,ar1,0.046,0.05,1
44,10,2,equilibrada,200,300,dwell,8,nsb,limping,0.046,0.2,1
44,10,2,equilibrada,200,300,dwell_paso,4,plugin,ar1,0.048,,0.056
44,10,2,equilibrada,200,300,dwell_paso,4,plugin,limping,0.048,,0.07
44,10,2,equilibrada,200,300,dwell_paso,4,mm,ar1,0.048,,0.056
44,10,2,equilibrada,200,300,dwell_paso,4,mm,limping,0.048,,0.07
44,10,2,equilibrada,200,300,dwell_paso,4,pt,ar1,0.048,,0.056
44,10,2,equilibrada,200,300,dwell_paso,4,pt,limping,0.048,,0.07
44,10,2,equilibrada,200,300,dwell_paso,4,nsb,ar1,0.046,,0.054
44,10,2,equilibrada,200,300,dwell_paso,4,nsb,limping,0.046,,0.068
44,10,2,equilibrada,200,300,dwell_paso,8,plugin,ar1,0.044,,0.056
44,10,2,equilibrada,200,300,dwell_paso,8,plugin,limping,0.044,,0.056
44,10,2,equilibrada,200,300,dwell_paso,8,mm,ar1,0.044,,0.056
44,10,2,equilibrada,200,300,dwell_paso,8,mm,limping,0.044,,0.056
44,10,2,equilibrada,200,300,dwell_paso,8,pt,ar1,0.044,,0.056
44,10,2,equilibrada,200,300,dwell_paso,8,pt,limping,0.044,,0.056
44,10,2,equilibrada,200,300,dwell_paso,8,nsb,ar1,0.048,,0.062
44,10,2,equilibrada,200,300,dwell_paso,8,nsb,limping,0.048,,0.054
45,10,2,sesgada_4nm,50,50,evento,4,plugin,ar1,0.04,0.2,1
45,10,2,sesgada_4nm,50,50,evento,4,plugin,limping,0.04,0.35,1
45,10,2,sesgada_4nm,50,50,evento,4,mm,ar1,0.036,0.2,1
45,10,2,sesgada_4nm,50,50,evento,4,mm,limping,0.036,0.35,1
45,10,2,sesgada_4nm,50,50,evento,4,pt,ar1,0.04,0.2,1
45,10,2,sesgada_4nm,50,50,evento,4,pt,limping,0.04,0.35,1
45,10,2,sesgada_4nm,50,50,evento,4,nsb,ar1,0.038,0.2,1
45,10,2,sesgada_4nm,50,50,evento,4,nsb,limping,0.038,0.35,1
45,10,2,sesgada_4nm,50,50,dwell,8,plugin,ar1,0.044,0.2,1
45,10,2,sesgada_4nm,50,50,dwell,8,plugin,limping,0.044,0.35,1
45,10,2,sesgada_4nm,50,50,dwell,8,mm,ar1,0.044,0.2,1
45,10,2,sesgada_4nm,50,50,dwell,8,mm,limping,0.044,0.35,1
45,10,2,sesgada_4nm,50,50,dwell,8,pt,ar1,0.044,0.2,1
45,10,2,sesgada_4nm,50,50,dwell,8,pt,limping,0.044,0.35,1
45,10,2,sesgada_4nm,50,50,dwell,8,nsb,ar1,0.046,0.2,1
45,10,2,sesgada_4nm,50,50,dwell,8,nsb,limping,0.046,0.35,1
45,10,2,sesgada_4nm,50,50,dwell_paso,4,plugin,ar1,0.042,,0.062
45,10,2,sesgada_4nm,50,50,dwell_paso,4,plugin,limping,0.042,,0.06
45,10,2,sesgada_4nm,50,50,dwell_paso,4,mm,ar1,0.042,,0.062
45,10,2,sesgada_4nm,50,50,dwell_paso,4,mm,limping,0.042,,0.06
45,10,2,sesgada_4nm,50,50,dwell_paso,4,pt,ar1,0.042,,0.062
45,10,2,sesgada_4nm,50,50,dwell_paso,4,pt,limping,0.042,,0.06
45,10,2,sesgada_4nm,50,50,dwell_paso,4,nsb,ar1,0.042,,0.062
45,10,2,sesgada_4nm,50,50,dwell_paso,4,nsb,limping,0.042,,0.062
45,10,2,sesgada_4nm,50,50,dwell_paso,8,plugin,ar1,0.05,,0.058
45,10,2,sesgada_4nm,50,50,dwell_paso,8,plugin,limping,0.05,,0.062
45,10,2,sesgada_4nm,50,50,dwell_paso,8,mm,ar1,0.05,,0.058
45,10,2,sesgada_4nm,50,50,dwell_paso,8,mm,limping,0.05,,0.062
45,10,2,sesgada_4nm,50,50,dwell_paso,8,pt,ar1,0.05,,0.058
45,10,2,sesgada_4nm,50,50,dwell_paso,8,pt,limping,0.05,,0.062
45,10,2,sesgada_4nm,50,50,dwell_paso,8,nsb,ar1,0.048,,0.056
45,10,2,sesgada_4nm,50,50,dwell_paso,8,nsb,limping,0.048,,0.062
46,10,2,sesgada_4nm,50,100,evento,4,plugin,ar1,0.048,0.2,1
46,10,2,sesgada_4nm,50,100,evento,4,plugin,limping,0.048,0.35,1
46,10,2,sesgada_4nm,50,100,evento,4,mm,ar1,0.046,0.2,1
46,10,2,sesgada_4nm,50,100,evento,4,mm,limping,0.046,0.35,1
46,10,2,sesgada_4nm,50,100,evento,4,pt,ar1,0.046,0.2,1
46,10,2,sesgada_4nm,50,100,evento,4,pt,limping,0.046,0.35,1
46,10,2,sesgada_4nm,50,100,evento,4,nsb,ar1,0.042,0.2,1
46,10,2,sesgada_4nm,50,100,evento,4,nsb,limping,0.042,0.35,1
46,10,2,sesgada_4nm,50,100,evento,8,plugin,ar1,0.048,0.2,1
46,10,2,sesgada_4nm,50,100,evento,8,plugin,limping,0.048,0.35,1
46,10,2,sesgada_4nm,50,100,evento,8,mm,ar1,0.044,0.2,1
46,10,2,sesgada_4nm,50,100,evento,8,mm,limping,0.044,0.35,1
46,10,2,sesgada_4nm,50,100,evento,8,pt,ar1,0.048,0.2,1
46,10,2,sesgada_4nm,50,100,evento,8,pt,limping,0.048,0.35,1
46,10,2,sesgada_4nm,50,100,evento,8,nsb,ar1,0.048,0.2,1
46,10,2,sesgada_4nm,50,100,evento,8,nsb,limping,0.048,0.35,1
46,10,2,sesgada_4nm,50,100,dwell,4,plugin,ar1,0.04,0.1,1
46,10,2,sesgada_4nm,50,100,dwell,4,plugin,limping,0.04,0.2,1
46,10,2,sesgada_4nm,50,100,dwell,4,mm,ar1,0.04,0.1,1
46,10,2,sesgada_4nm,50,100,dwell,4,mm,limping,0.04,0.2,1
46,10,2,sesgada_4nm,50,100,dwell,4,pt,ar1,0.04,0.1,1
46,10,2,sesgada_4nm,50,100,dwell,4,pt,limping,0.04,0.2,1
46,10,2,sesgada_4nm,50,100,dwell,4,nsb,ar1,0.04,0.1,1
46,10,2,sesgada_4nm,50,100,dwell,4,nsb,limping,0.04,0.2,1
46,10,2,sesgada_4nm,50,100,dwell,8,plugin,ar1,0.038,0.1,1
46,10,2,sesgada_4nm,50,100,dwell,8,plugin,limping,0.038,0.35,1
46,10,2,sesgada_4nm,50,100,dwell,8,mm,ar1,0.038,0.1,1
46,10,2,sesgada_4nm,50,100,dwell,8,mm,limping,0.038,0.35,1
46,10,2,sesgada_4nm,50,100,dwell,8,pt,ar1,0.038,0.1,1
46,10,2,sesgada_4nm,50,100,dwell,8,pt,limping,0.038,0.35,1
46,10,2,sesgada_4nm,50,100,dwell,8,nsb,ar1,0.04,0.1,1
46,10,2,sesgada_4nm,50,100,dwell,8,nsb,limping,0.04,0.35,1
46,10,2,sesgada_4nm,50,100,dwell_paso,4,plugin,ar1,0.04,,0.048
46,10,2,sesgada_4nm,50,100,dwell_paso,4,plugin,limping,0.04,,0.058
46,10,2,sesgada_4nm,50,100,dwell_paso,4,mm,ar1,0.04,,0.048
46,10,2,sesgada_4nm,50,100,dwell_paso,4,mm,limping,0.04,,0.058
46,10,2,sesgada_4nm,50,100,dwell_paso,4,pt,ar1,0.04,,0.048
46,10,2,sesgada_4nm,50,100,dwell_paso,4,pt,limping,0.04,,0.058
46,10,2,sesgada_4nm,50,100,dwell_paso,4,nsb,ar1,0.04,,0.05
46,10,2,sesgada_4nm,50,100,dwell_paso,4,nsb,limping,0.04,,0.058
47,10,2,sesgada_4nm,50,300,evento,4,plugin,ar1,0.032,0.1,1
47,10,2,sesgada_4nm,50,300,evento,4,plugin,limping,0.032,0.2,1
47,10,2,sesgada_4nm,50,300,evento,4,mm,ar1,0.032,0.1,1
47,10,2,sesgada_4nm,50,300,evento,4,mm,limping,0.032,0.2,1
47,10,2,sesgada_4nm,50,300,evento,4,pt,ar1,0.032,0.1,1
47,10,2,sesgada_4nm,50,300,evento,4,pt,limping,0.032,0.2,1
47,10,2,sesgada_4nm,50,300,evento,4,nsb,ar1,0.038,0.1,1
47,10,2,sesgada_4nm,50,300,evento,4,nsb,limping,0.038,0.2,1
47,10,2,sesgada_4nm,50,300,dwell,4,plugin,ar1,0.05,0.05,1
47,10,2,sesgada_4nm,50,300,dwell,4,plugin,limping,0.05,0.2,1
47,10,2,sesgada_4nm,50,300,dwell,4,mm,ar1,0.05,0.05,1
47,10,2,sesgada_4nm,50,300,dwell,4,mm,limping,0.05,0.2,1
47,10,2,sesgada_4nm,50,300,dwell,4,pt,ar1,0.05,0.05,1
47,10,2,sesgada_4nm,50,300,dwell,4,pt,limping,0.05,0.2,1
47,10,2,sesgada_4nm,50,300,dwell,4,nsb,ar1,0.05,0.05,1
47,10,2,sesgada_4nm,50,300,dwell,4,nsb,limping,0.05,0.2,1
48,10,2,sesgada_4nm,100,50,paso,4,plugin,ar1,0.046,,0.062
48,10,2,sesgada_4nm,100,50,paso,4,plugin,limping,0.046,,0.074
48,10,2,sesgada_4nm,100,50,paso,4,mm,ar1,0.046,,0.062
48,10,2,sesgada_4nm,100,50,paso,4,mm,limping,0.046,,0.074
48,10,2,sesgada_4nm,100,50,paso,4,pt,ar1,0.046,,0.062
48,10,2,sesgada_4nm,100,50,paso,4,pt,limping,0.046,,0.074
48,10,2,sesgada_4nm,100,50,paso,4,nsb,ar1,0.044,,0.06
48,10,2,sesgada_4nm,100,50,paso,4,nsb,limping,0.044,,0.072
48,10,2,sesgada_4nm,100,50,paso,8,plugin,ar1,0.046,,0.062
48,10,2,sesgada_4nm,100,50,paso,8,plugin,limping,0.046,,0.074
48,10,2,sesgada_4nm,100,50,paso,8,mm,ar1,0.046,,0.062
48,10,2,sesgada_4nm,100,50,paso,8,mm,limping,0.046,,0.074
48,10,2,sesgada_4nm,100,50,paso,8,pt,ar1,0.046,,0.062
48,10,2,sesgada_4nm,100,50,paso,8,pt,limping,0.046,,0.074
48,10,2,sesgada_4nm,100,50,paso,8,nsb,ar1,0.044,,0.06
48,10,2,sesgada_4nm,100,50,paso,8,nsb,limping,0.044,,0.072
48,10,2,sesgada_4nm,100,50,dwell_paso,4,plugin,ar1,0.044,,0.056
48,10,2,sesgada_4nm,100,50,dwell_paso,4,plugin,limping,0.044,,0.064
48,10,2,sesgada_4nm,100,50,dwell_paso,4,mm,ar1,0.044,,0.056
48,10,2,sesgada_4nm,100,50,dwell_paso,4,mm,limping,0.044,,0.064
48,10,2,sesgada_4nm,100,50,dwell_paso,4,pt,ar1,0.044,,0.056
48,10,2,sesgada_4nm,100,50,dwell_paso,4,pt,limping,0.044,,0.064
48,10,2,sesgada_4nm,100,50,dwell_paso,4,nsb,ar1,0.044,,0.058
48,10,2,sesgada_4nm,100,50,dwell_paso,4,nsb,limping,0.044,,0.064
49,10,2,sesgada_4nm,100,100,evento,4,plugin,ar1,0.05,0.1,1
49,10,2,sesgada_4nm,100,100,evento,4,plugin,limping,0.05,0.35,1
49,10,2,sesgada_4nm,100,100,evento,4,mm,ar1,0.05,0.1,1
49,10,2,sesgada_4nm,100,100,evento,4,mm,limping,0.05,0.35,1
49,10,2,sesgada_4nm,100,100,evento,4,pt,ar1,0.05,0.1,1
49,10,2,sesgada_4nm,100,100,evento,4,pt,limping,0.05,0.35,1
49,10,2,sesgada_4nm,100,100,evento,4,nsb,ar1,0.05,0.1,1
49,10,2,sesgada_4nm,100,100,evento,4,nsb,limping,0.05,0.35,1
49,10,2,sesgada_4nm,100,100,dwell,4,plugin,ar1,0.03,0.05,1
49,10,2,sesgada_4nm,100,100,dwell,4,plugin,limping,0.03,0.2,1
49,10,2,sesgada_4nm,100,100,dwell,4,mm,ar1,0.03,0.05,1
49,10,2,sesgada_4nm,100,100,dwell,4,mm,limping,0.03,0.2,1
49,10,2,sesgada_4nm,100,100,dwell,4,pt,ar1,0.03,0.05,1
49,10,2,sesgada_4nm,100,100,dwell,4,pt,limping,0.03,0.2,1
49,10,2,sesgada_4nm,100,100,dwell,4,nsb,ar1,0.03,0.05,1
49,10,2,sesgada_4nm,100,100,dwell,4,nsb,limping,0.03,0.2,1
49,10,2,sesgada_4nm,100,100,paso,4,plugin,ar1,0.038,,0.064
49,10,2,sesgada_4nm,100,100,paso,4,plugin,limping,0.038,,0.06
49,10,2,sesgada_4nm,100,100,paso,4,mm,ar1,0.038,,0.064
49,10,2,sesgada_4nm,100,100,paso,4,mm,limping,0.038,,0.06
49,10,2,sesgada_4nm,100,100,paso,4,pt,ar1,0.038,,0.064
49,10,2,sesgada_4nm,100,100,paso,4,pt,limping,0.038,,0.06
49,10,2,sesgada_4nm,100,100,paso,4,nsb,ar1,0.038,,0.066
49,10,2,sesgada_4nm,100,100,paso,4,nsb,limping,0.038,,0.058
49,10,2,sesgada_4nm,100,100,paso,8,plugin,ar1,0.038,,0.064
49,10,2,sesgada_4nm,100,100,paso,8,plugin,limping,0.038,,0.06
49,10,2,sesgada_4nm,100,100,paso,8,mm,ar1,0.038,,0.064
49,10,2,sesgada_4nm,100,100,paso,8,mm,limping,0.038,,0.06
49,10,2,sesgada_4nm,100,100,paso,8,pt,ar1,0.038,,0.064
49,10,2,sesgada_4nm,100,100,paso,8,pt,limping,0.038,,0.06
49,10,2,sesgada_4nm,100,100,paso,8,nsb,ar1,0.038,,0.066
49,10,2,sesgada_4nm,100,100,paso,8,nsb,limping,0.038,,0.058
50,10,2,sesgada_4nm,100,300,evento,4,plugin,ar1,0.05,0.05,1
50,10,2,sesgada_4nm,100,300,evento,4,plugin,limping,0.05,0.2,1
50,10,2,sesgada_4nm,100,300,evento,4,mm,ar1,0.05,0.05,1
50,10,2,sesgada_4nm,100,300,evento,4,mm,limping,0.05,0.2,1
50,10,2,sesgada_4nm,100,300,evento,4,pt,ar1,0.05,0.05,1
50,10,2,sesgada_4nm,100,300,evento,4,pt,limping,0.05,0.2,1
50,10,2,sesgada_4nm,100,300,evento,4,nsb,ar1,0.046,0.05,1
50,10,2,sesgada_4nm,100,300,evento,4,nsb,limping,0.046,0.2,1
50,10,2,sesgada_4nm,100,300,evento,8,plugin,ar1,0.034,0.1,1
50,10,2,sesgada_4nm,100,300,evento,8,plugin,limping,0.034,0.2,1
50,10,2,sesgada_4nm,100,300,evento,8,mm,ar1,0.034,0.1,1
50,10,2,sesgada_4nm,100,300,evento,8,mm,limping,0.034,0.2,1
50,10,2,sesgada_4nm,100,300,evento,8,pt,ar1,0.034,0.1,1
50,10,2,sesgada_4nm,100,300,evento,8,pt,limping,0.034,0.2,1
50,10,2,sesgada_4nm,100,300,evento,8,nsb,ar1,0.036,0.1,1
50,10,2,sesgada_4nm,100,300,evento,8,nsb,limping,0.036,0.2,1
50,10,2,sesgada_4nm,100,300,dwell,4,plugin,ar1,0.044,0.05,1
50,10,2,sesgada_4nm,100,300,dwell,4,plugin,limping,0.044,0.2,1
50,10,2,sesgada_4nm,100,300,dwell,4,mm,ar1,0.044,0.05,1
50,10,2,sesgada_4nm,100,300,dwell,4,mm,limping,0.044,0.2,1
50,10,2,sesgada_4nm,100,300,dwell,4,pt,ar1,0.044,0.05,1
50,10,2,sesgada_4nm,100,300,dwell,4,pt,limping,0.044,0.2,1
50,10,2,sesgada_4nm,100,300,dwell,4,nsb,ar1,0.044,0.05,1
50,10,2,sesgada_4nm,100,300,dwell,4,nsb,limping,0.044,0.2,1
50,10,2,sesgada_4nm,100,300,dwell,8,plugin,ar1,0.042,0.05,1
50,10,2,sesgada_4nm,100,300,dwell,8,plugin,limping,0.042,0.2,1
50,10,2,sesgada_4nm,100,300,dwell,8,mm,ar1,0.042,0.05,1
50,10,2,sesgada_4nm,100,300,dwell,8,mm,limping,0.042,0.2,1
50,10,2,sesgada_4nm,100,300,dwell,8,pt,ar1,0.042,0.05,1
50,10,2,sesgada_4nm,100,300,dwell,8,pt,limping,0.042,0.2,1
50,10,2,sesgada_4nm,100,300,dwell,8,nsb,ar1,0.04,0.05,1
50,10,2,sesgada_4nm,100,300,dwell,8,nsb,limping,0.04,0.2,1
50,10,2,sesgada_4nm,100,300,dwell_paso,4,plugin,ar1,0.042,,0.058
50,10,2,sesgada_4nm,100,300,dwell_paso,4,plugin,limping,0.042,,0.064
50,10,2,sesgada_4nm,100,300,dwell_paso,4,mm,ar1,0.042,,0.058
50,10,2,sesgada_4nm,100,300,dwell_paso,4,mm,limping,0.042,,0.064
50,10,2,sesgada_4nm,100,300,dwell_paso,4,pt,ar1,0.042,,0.058
50,10,2,sesgada_4nm,100,300,dwell_paso,4,pt,limping,0.042,,0.064
50,10,2,sesgada_4nm,100,300,dwell_paso,4,nsb,ar1,0.042,,0.058
50,10,2,sesgada_4nm,100,300,dwell_paso,4,nsb,limping,0.042,,0.064
50,10,2,sesgada_4nm,100,300,dwell_paso,8,plugin,ar1,0.042,,0.076
50,10,2,sesgada_4nm,100,300,dwell_paso,8,plugin,limping,0.042,,0.07
50,10,2,sesgada_4nm,100,300,dwell_paso,8,mm,ar1,0.042,,0.076
50,10,2,sesgada_4nm,100,300,dwell_paso,8,mm,limping,0.042,,0.07
50,10,2,sesgada_4nm,100,300,dwell_paso,8,pt,ar1,0.042,,0.076
50,10,2,sesgada_4nm,100,300,dwell_paso,8,pt,limping,0.042,,0.07
50,10,2,sesgada_4nm,100,300,dwell_paso,8,nsb,ar1,0.042,,0.076
50,10,2,sesgada_4nm,100,300,dwell_paso,8,nsb,limping,0.042,,0.072
51,10,2,sesgada_4nm,200,50,evento,8,plugin,ar1,0.044,0.2,1
51,10,2,sesgada_4nm,200,50,evento,8,plugin,limping,0.044,0.35,1
51,10,2,sesgada_4nm,200,50,evento,8,mm,ar1,0.048,0.2,1
51,10,2,sesgada_4nm,200,50,evento,8,mm,limping,0.048,0.35,1
51,10,2,sesgada_4nm,200,50,evento,8,pt,ar1,0.044,0.2,1
51,10,2,sesgada_4nm,200,50,evento,8,pt,limping,0.044,0.35,1
51,10,2,sesgada_4nm,200,50,evento,8,nsb,ar1,0.04,0.2,1
51,10,2,sesgada_4nm,200,50,evento,8,nsb,limping,0.04,0.35,1
51,10,2,sesgada_4nm,200,50,dwell,4,nsb,ar1,0.05,0.05,1
51,10,2,sesgada_4nm,200,50,dwell,4,nsb,limping,0.05,0.2,1
51,10,2,sesgada_4nm,200,50,dwell_paso,4,plugin,ar1,0.042,,0.052
51,10,2,sesgada_4nm,200,50,dwell_paso,4,plugin,limping,0.042,,0.068
51,10,2,sesgada_4nm,200,50,dwell_paso,4,mm,ar1,0.042,,0.052
51,10,2,sesgada_4nm,200,50,dwell_paso,4,mm,limping,0.042,,0.068
51,10,2,sesgada_4nm,200,50,dwell_paso,4,pt,ar1,0.042,,0.052
51,10,2,sesgada_4nm,200,50,dwell_paso,4,pt,limping,0.042,,0.068
51,10,2,sesgada_4nm,200,50,dwell_paso,4,nsb,ar1,0.042,,0.052
51,10,2,sesgada_4nm,200,50,dwell_paso,4,nsb,limping,0.042,,0.068
51,10,2,sesgada_4nm,200,50,dwell_paso,8,plugin,ar1,0.05,,0.056
51,10,2,sesgada_4nm,200,50,dwell_paso,8,plugin,limping,0.05,,0.054
51,10,2,sesgada_4nm,200,50,dwell_paso,8,mm,ar1,0.05,,0.056
51,10,2,sesgada_4nm,200,50,dwell_paso,8,mm,limping,0.05,,0.054
51,10,2,sesgada_4nm,200,50,dwell_paso,8,pt,ar1,0.05,,0.056
51,10,2,sesgada_4nm,200,50,dwell_paso,8,pt,limping,0.05,,0.054
51,10,2,sesgada_4nm,200,50,dwell_paso,8,nsb,ar1,0.05,,0.056
51,10,2,sesgada_4nm,200,50,dwell_paso,8,nsb,limping,0.05,,0.054
52,10,2,sesgada_4nm,200,100,evento,4,nsb,ar1,0.048,0.1,1
52,10,2,sesgada_4nm,200,100,evento,4,nsb,limping,0.048,0.2,1
52,10,2,sesgada_4nm,200,100,evento,8,plugin,ar1,0.046,0.1,1
52,10,2,sesgada_4nm,200,100,evento,8,plugin,limping,0.046,0.2,1
52,10,2,sesgada_4nm,200,100,evento,8,mm,ar1,0.04,0.1,1
52,10,2,sesgada_4nm,200,100,evento,8,mm,limping,0.04,0.2,1
52,10,2,sesgada_4nm,200,100,evento,8,pt,ar1,0.046,0.1,1
52,10,2,sesgada_4nm,200,100,evento,8,pt,limping,0.046,0.2,1
52,10,2,sesgada_4nm,200,100,evento,8,nsb,ar1,0.046,0.1,1
52,10,2,sesgada_4nm,200,100,evento,8,nsb,limping,0.046,0.2,1
52,10,2,sesgada_4nm,200,100,dwell,4,plugin,ar1,0.044,0.05,1
52,10,2,sesgada_4nm,200,100,dwell,4,plugin,limping,0.044,0.2,1
52,10,2,sesgada_4nm,200,100,dwell,4,mm,ar1,0.044,0.05,1
52,10,2,sesgada_4nm,200,100,dwell,4,mm,limping,0.044,0.2,1
52,10,2,sesgada_4nm,200,100,dwell,4,pt,ar1,0.044,0.05,1
52,10,2,sesgada_4nm,200,100,dwell,4,pt,limping,0.044,0.2,1
52,10,2,sesgada_4nm,200,100,dwell,4,nsb,ar1,0.044,0.05,1
52,10,2,sesgada_4nm,200,100,dwell,4,nsb,limping,0.044,0.2,1
52,10,2,sesgada_4nm,200,100,dwell,8,plugin,ar1,0.034,0.05,1
52,10,2,sesgada_4nm,200,100,dwell,8,plugin,limping,0.034,0.2,1
52,10,2,sesgada_4nm,200,100,dwell,8,mm,ar1,0.034,0.05,1
52,10,2,sesgada_4nm,200,100,dwell,8,mm,limping,0.034,0.2,1
52,10,2,sesgada_4nm,200,100,dwell,8,pt,ar1,0.034,0.05,1
52,10,2,sesgada_4nm,200,100,dwell,8,pt,limping,0.034,0.2,1
52,10,2,sesgada_4nm,200,100,dwell,8,nsb,ar1,0.036,0.05,1
52,10,2,sesgada_4nm,200,100,dwell,8,nsb,limping,0.036,0.2,1
53,10,2,sesgada_4nm,200,300,evento,8,plugin,ar1,0.048,0.05,1
53,10,2,sesgada_4nm,200,300,evento,8,plugin,limping,0.048,0.2,1
53,10,2,sesgada_4nm,200,300,evento,8,mm,ar1,0.048,0.05,1
53,10,2,sesgada_4nm,200,300,evento,8,mm,limping,0.048,0.2,1
53,10,2,sesgada_4nm,200,300,evento,8,pt,ar1,0.048,0.05,1
53,10,2,sesgada_4nm,200,300,evento,8,pt,limping,0.048,0.2,1
53,10,2,sesgada_4nm,200,300,evento,8,nsb,ar1,0.05,0.05,1
53,10,2,sesgada_4nm,200,300,evento,8,nsb,limping,0.05,0.2,1
53,10,2,sesgada_4nm,200,300,dwell,4,plugin,ar1,0.034,0.05,1
53,10,2,sesgada_4nm,200,300,dwell,4,plugin,limping,0.034,0.1,1
53,10,2,sesgada_4nm,200,300,dwell,4,mm,ar1,0.034,0.05,1
53,10,2,sesgada_4nm,200,300,dwell,4,mm,limping,0.034,0.1,1
53,10,2,sesgada_4nm,200,300,dwell,4,pt,ar1,0.034,0.05,1
53,10,2,sesgada_4nm,200,300,dwell,4,pt,limping,0.034,0.1,1
53,10,2,sesgada_4nm,200,300,dwell,4,nsb,ar1,0.034,0.05,1
53,10,2,sesgada_4nm,200,300,dwell,4,nsb,limping,0.034,0.1,1
53,10,2,sesgada_4nm,200,300,paso,4,plugin,ar1,0.048,,0.062
53,10,2,sesgada_4nm,200,300,paso,4,plugin,limping,0.048,,0.054
53,10,2,sesgada_4nm,200,300,paso,4,mm,ar1,0.048,,0.062
53,10,2,sesgada_4nm,200,300,paso,4,mm,limping,0.048,,0.054
53,10,2,sesgada_4nm,200,300,paso,4,pt,ar1,0.048,,0.062
53,10,2,sesgada_4nm,200,300,paso,4,pt,limping,0.048,,0.054
53,10,2,sesgada_4nm,200,300,paso,4,nsb,ar1,0.05,,0.062
53,10,2,sesgada_4nm,200,300,paso,4,nsb,limping,0.05,,0.054
53,10,2,sesgada_4nm,200,300,paso,8,plugin,ar1,0.048,,0.062
53,10,2,sesgada_4nm,200,300,paso,8,plugin,limping,0.048,,0.054
53,10,2,sesgada_4nm,200,300,paso,8,mm,ar1,0.048,,0.062
53,10,2,sesgada_4nm,200,300,paso,8,mm,limping,0.048,,0.054
53,10,2,sesgada_4nm,200,300,paso,8,pt,ar1,0.048,,0.062
53,10,2,sesgada_4nm,200,300,paso,8,pt,limping,0.048,,0.054
53,10,2,sesgada_4nm,200,300,paso,8,nsb,ar1,0.05,,0.062
53,10,2,sesgada_4nm,200,300,paso,8,nsb,limping,0.05,,0.054
54,25,1,dominante_8nm,50,50,dwell,4,plugin,ar1,0.04,0.1,1
54,25,1,dominante_8nm,50,50,dwell,4,plugin,limping,0.04,0.35,1
54,25,1,dominante_8nm,50,50,dwell,4,mm,ar1,0.04,0.1,1
54,25,1,dominante_8nm,50,50,dwell,4,mm,limping,0.04,0.35,1
54,25,1,dominante_8nm,50,50,dwell,4,pt,ar1,0.04,0.1,1
54,25,1,dominante_8nm,50,50,dwell,4,pt,limping,0.04,0.35,1
54,25,1,dominante_8nm,50,50,dwell,4,nsb,ar1,0.036,0.1,1
54,25,1,dominante_8nm,50,50,dwell,4,nsb,limping,0.036,0.35,1
54,25,1,dominante_8nm,50,50,dwell,8,plugin,ar1,0.044,0.2,1
54,25,1,dominante_8nm,50,50,dwell,8,plugin,limping,0.044,0.5,1
54,25,1,dominante_8nm,50,50,dwell,8,mm,ar1,0.044,0.2,1
54,25,1,dominante_8nm,50,50,dwell,8,mm,limping,0.044,0.5,1
54,25,1,dominante_8nm,50,50,dwell,8,pt,ar1,0.044,0.2,1
54,25,1,dominante_8nm,50,50,dwell,8,pt,limping,0.044,0.5,1
54,25,1,dominante_8nm,50,50,dwell,8,nsb,ar1,0.046,0.2,1
54,25,1,dominante_8nm,50,50,dwell,8,nsb,limping,0.046,0.5,1
54,25,1,dominante_8nm,50,50,dwell_paso,8,plugin,ar1,0.038,,0.052
54,25,1,dominante_8nm,50,50,dwell_paso,8,plugin,limping,0.038,,0.066
54,25,1,dominante_8nm,50,50,dwell_paso,8,mm,ar1,0.038,,0.052
54,25,1,dominante_8nm,50,50,dwell_paso,8,mm,limping,0.038,,0.066
54,25,1,dominante_8nm,50,50,dwell_paso,8,pt,ar1,0.038,,0.052
54,25,1,dominante_8nm,50,50,dwell_paso,8,pt,limping,0.038,,0.066
54,25,1,dominante_8nm,50,50,dwell_paso,8,nsb,ar1,0.038,,0.052
54,25,1,dominante_8nm,50,50,dwell_paso,8,nsb,limping,0.038,,0.064
55,25,1,dominante_8nm,50,100,evento,4,plugin,ar1,0.04,0.2,1
55,25,1,dominante_8nm,50,100,evento,4,plugin,limping,0.04,0.5,1
55,25,1,dominante_8nm,50,100,evento,4,mm,ar1,0.038,0.2,1
55,25,1,dominante_8nm,50,100,evento,4,mm,limping,0.038,0.5,1
55,25,1,dominante_8nm,50,100,evento,4,pt,ar1,0.038,0.2,1
55,25,1,dominante_8nm,50,100,evento,4,pt,limping,0.038,0.5,1
55,25,1,dominante_8nm,50,100,evento,4,nsb,ar1,0.042,0.2,1
55,25,1,dominante_8nm,50,100,evento,4,nsb,limping,0.042,0.5,1
55,25,1,dominante_8nm,50,100,evento,8,plugin,ar1,0.046,0.2,1
55,25,1,dominante_8nm,50,100,evento,8,plugin,limping,0.046,0.5,1
55,25,1,dominante_8nm,50,100,evento,8,mm,ar1,0.05,0.2,1
55,25,1,dominante_8nm,50,100,evento,8,mm,limping,0.05,0.5,1
55,25,1,dominante_8nm,50,100,evento,8,pt,ar1,0.046,0.2,1
55,25,1,dominante_8nm,50,100,evento,8,pt,limping,0.046,0.5,1
55,25,1,dominante_8nm,50,100,dwell,4,plugin,ar1,0.05,0.1,1
55,25,1,dominante_8nm,50,100,dwell,4,plugin,limping,0.05,0.35,1
55,25,1,dominante_8nm,50,100,dwell,4,mm,ar1,0.05,0.1,1
55,25,1,dominante_8nm,50,100,dwell,4,mm,limping,0.05,0.35,1
55,25,1,dominante_8nm,50,100,dwell,4,pt,ar1,0.05,0.1,1
55,25,1,dominante_8nm,50,100,dwell,4,pt,limping,0.05,0.35,1
55,25,1,dominante_8nm,50,100,dwell,4,nsb,ar1,0.05,0.1,1
55,25,1,dominante_8nm,50,100,dwell,4,nsb,limping,0.05,0.35,1
55,25,1,dominante_8nm,50,100,dwell,8,plugin,ar1,0.04,0.1,1
55,25,1,dominante_8nm,50,100,dwell,8,plugin,limping,0.04,0.35,1
55,25,1,dominante_8nm,50,100,dwell,8,mm,ar1,0.04,0.1,1
55,25,1,dominante_8nm,50,100,dwell,8,mm,limping,0.04,0.35,1
55,25,1,dominante_8nm,50,100,dwell,8,pt,ar1,0.04,0.1,1
55,25,1,dominante_8nm,50,100,dwell,8,pt,limping,0.04,0.35,1
55,25,1,dominante_8nm,50,100,dwell,8,nsb,ar1,0.04,0.1,1
55,25,1,dominante_8nm,50,100,dwell,8,nsb,limping,0.04,0.35,1
55,25,1,dominante_8nm,50,100,paso,4,plugin,ar1,0.036,,0.072
55,25,1,dominante_8nm,50,100,paso,4,plugin,limping,0.036,,0.062
55,25,1,dominante_8nm,50,100,paso,4,mm,ar1,0.036,,0.072
55,25,1,dominante_8nm,50,100,paso,4,mm,limping,0.036,,0.062
55,25,1,dominante_8nm,50,100,paso,4,pt,ar1,0.036,,0.072
55,25,1,dominante_8nm,50,100,paso,4,pt,limping,0.036,,0.062
55,25,1,dominante_8nm,50,100,paso,4,nsb,ar1,0.036,,0.07
55,25,1,dominante_8nm,50,100,paso,4,nsb,limping,0.036,,0.064
55,25,1,dominante_8nm,50,100,paso,8,plugin,ar1,0.036,,0.072
55,25,1,dominante_8nm,50,100,paso,8,plugin,limping,0.036,,0.062
55,25,1,dominante_8nm,50,100,paso,8,mm,ar1,0.036,,0.072
55,25,1,dominante_8nm,50,100,paso,8,mm,limping,0.036,,0.062
55,25,1,dominante_8nm,50,100,paso,8,pt,ar1,0.036,,0.072
55,25,1,dominante_8nm,50,100,paso,8,pt,limping,0.036,,0.062
55,25,1,dominante_8nm,50,100,paso,8,nsb,ar1,0.036,,0.07
55,25,1,dominante_8nm,50,100,paso,8,nsb,limping,0.036,,0.064
55,25,1,dominante_8nm,50,100,dwell_paso,4,plugin,ar1,0.05,,0.06
55,25,1,dominante_8nm,50,100,dwell_paso,4,plugin,limping,0.05,,0.082
55,25,1,dominante_8nm,50,100,dwell_paso,4,mm,ar1,0.05,,0.06
55,25,1,dominante_8nm,50,100,dwell_paso,4,mm,limping,0.05,,0.082
55,25,1,dominante_8nm,50,100,dwell_paso,4,pt,ar1,0.05,,0.06
55,25,1,dominante_8nm,50,100,dwell_paso,4,pt,limping,0.05,,0.082
55,25,1,dominante_8nm,50,100,dwell_paso,4,nsb,ar1,0.05,,0.062
55,25,1,dominante_8nm,50,100,dwell_paso,4,nsb,limping,0.05,,0.082
56,25,1,dominante_8nm,50,300,dwell_paso,4,plugin,ar1,0.048,,0.05
56,25,1,dominante_8nm,50,300,dwell_paso,4,plugin,limping,0.048,,0.064
56,25,1,dominante_8nm,50,300,dwell_paso,4,mm,ar1,0.048,,0.05
56,25,1,dominante_8nm,50,300,dwell_paso,4,mm,limping,0.048,,0.064
56,25,1,dominante_8nm,50,300,dwell_paso,4,pt,ar1,0.048,,0.05
56,25,1,dominante_8nm,50,300,dwell_paso,4,pt,limping,0.048,,0.064
56,25,1,dominante_8nm,50,300,dwell_paso,4,nsb,ar1,0.05,,0.05
56,25,1,dominante_8nm,50,300,dwell_paso,4,nsb,limping,0.05,,0.064
56,25,1,dominante_8nm,50,300,dwell_paso,8,plugin,ar1,0.038,,0.052
56,25,1,dominante_8nm,50,300,dwell_paso,8,plugin,limping,0.038,,0.06
56,25,1,dominante_8nm,50,300,dwell_paso,8,mm,ar1,0.038,,0.052
56,25,1,dominante_8nm,50,300,dwell_paso,8,mm,limping,0.038,,0.06
56,25,1,dominante_8nm,50,300,dwell_paso,8,pt,ar1,0.038,,0.052
56,25,1,dominante_8nm,50,300,dwell_paso,8,pt,limping,0.038,,0.06
56,25,1,dominante_8nm,50,300,dwell_paso,8,nsb,ar1,0.038,,0.052
56,25,1,dominante_8nm,50,300,dwell_paso,8,nsb,limping,0.038,,0.06
57,25,1,dominante_8nm,100,50,evento,4,plugin,ar1,0.036,0.2,1
57,25,1,dominante_8nm,100,50,evento,4,plugin,limping,0.036,0.5,1
57,25,1,dominante_8nm,100,50,evento,4,mm,ar1,0.034,0.2,1
57,25,1,dominante_8nm,100,50,evento,4,mm,limping,0.034,0.5,1
57,25,1,dominante_8nm,100,50,evento,4,pt,ar1,0.034,0.2,1
57,25,1,dominante_8nm,100,50,evento,4,pt,limping,0.034,0.5,1
57,25,1,dominante_8nm,100,50,evento,4,nsb,ar1,0.042,0.2,1
57,25,1,dominante_8nm,100,50,evento,4,nsb,limping,0.042,0.5,1
57,25,1,dominante_8nm,100,50,evento,8,plugin,ar1,0.032,0.2,1
57,25,1,dominante_8nm,100,50,evento,8,plugin,limping,0.032,0.5,1
57,25,1,dominante_8nm,100,50,evento,8,mm,ar1,0.032,0.2,1
57,25,1,dominante_8nm,100,50,evento,8,mm,limping,0.032,0.5,1
57,25,1,dominante_8nm,100,50,evento,8,pt,ar1,0.032,0.2,1
57,25,1,dominante_8nm,100,50,evento,8,pt,limping,0.032,0.5,1
57,25,1,dominante_8nm,100,50,evento,8,nsb,ar1,0.032,0.2,1
57,25,1,dominante_8nm,100,50,evento,8,nsb,limping,0.032,0.5,1
57,25,1,dominante_8nm,100,50,dwell,8,plugin,ar1,0.048,0.1,1
57,25,1,dominante_8nm,100,50,dwell,8,plugin,limping,0.048,0.35,1
57,25,1,dominante_8nm,100,50,dwell,8,mm,ar1,0.048,0.1,1
57,25,1,dominante_8nm,100,50,dwell,8,mm,limping,0.048,0.35,1
57,25,1,dominante_8nm,100,50,dwell,8,pt,ar1,0.048,0.1,1
57,25,1,dominante_8nm,100,50,dwell,8,pt,limping,0.048,0.35,1
57,25,1,dominante_8nm,100,50,dwell,8,nsb,ar1,0.048,0.1,1
57,25,1,dominante_8nm,100,50,dwell,8,nsb,limping,0.048,0.35,1
57,25,1,dominante_8nm,100,50,paso,4,plugin,ar1,0.05,,0.066
57,25,1,dominante_8nm,100,50,paso,4,plugin,limping,0.05,,0.064
57,25,1,dominante_8nm,100,50,paso,4,mm,ar1,0.05,,0.066
57,25,1,dominante_8nm,100,50,paso,4,mm,limping,0.05,,0.064
57,25,1,dominante_8nm,100,50,paso,4,pt,ar1,0.05,,0.066
57,25,1,dominante_8nm,100,50,paso,4,pt,limping,0.05,,0.064
57,25,1,dominante_8nm,100,50,paso,4,nsb,ar1,0.05,,0.068
57,25,1,dominante_8nm,100,50,paso,4,nsb,limping,0.05,,0.064
57,25,1,dominante_8nm,100,50,paso,8,plugin,ar1,0.05,,0.066
57,25,1,dominante_8nm,100,50,paso,8,plugin,limping,0.05,,0.064
57,25,1,dominante_8nm,100,50,paso,8,mm,ar1,0.05,,0.066
57,25,1,dominante_8nm,100,50,paso,8,mm,limping,0.05,,0.064
57,25,1,dominante_8nm,100,50,paso,8,pt,ar1,0.05,,0.066
57,25,1,dominante_8nm,100,50,paso,8,pt,limping,0.05,,0.064
57,25,1,dominante_8nm,100,50,paso,8,nsb,ar1,0.05,,0.068
57,25,1,dominante_8nm,100,50,paso,8,nsb,limping,0.05,,0.064
57,25,1,dominante_8nm,100,50,dwell_paso,4,plugin,ar1,0.05,,0.07
57,25,1,dominante_8nm,100,50,dwell_paso,4,plugin,limping,0.05,,0.06
57,25,1,dominante_8nm,100,50,dwell_paso,4,mm,ar1,0.05,,0.07
57,25,1,dominante_8nm,100,50,dwell_paso,4,mm,limping,0.05,,0.06
57,25,1,dominante_8nm,100,50,dwell_paso,4,pt,ar1,0.05,,0.07
57,25,1,dominante_8nm,100,50,dwell_paso,4,pt,limping,0.05,,0.06
57,25,1,dominante_8nm,100,50,dwell_paso,4,nsb,ar1,0.05,,0.07
57,25,1,dominante_8nm,100,50,dwell_paso,4,nsb,limping,0.05,,0.06
57,25,1,dominante_8nm,100,50,dwell_paso,8,plugin,ar1,0.042,,0.078
57,25,1,dominante_8nm,100,50,dwell_paso,8,plugin,limping,0.042,,0.052
57,25,1,dominante_8nm,100,50,dwell_paso,8,mm,ar1,0.042,,0.078
57,25,1,dominante_8nm,100,50,dwell_paso,8,mm,limping,0.042,,0.052
57,25,1,dominante_8nm,100,50,dwell_paso,8,pt,ar1,0.042,,0.078
57,25,1,dominante_8nm,100,50,dwell_paso,8,pt,limping,0.042,,0.052
57,25,1,dominante_8nm,100,50,dwell_paso,8,nsb,ar1,0.042,,0.076
57,25,1,dominante_8nm,100,50,dwell_paso,8,nsb,limping,0.042,,0.052
58,25,1,dominante_8nm,100,100,evento,8,plugin,ar1,0.034,0.2,1
58,25,1,dominante_8nm,100,100,evento,8,plugin,limping,0.034,0.35,1
58,25,1,dominante_8nm,100,100,evento,8,mm,ar1,0.034,0.2,1
58,25,1,dominante_8nm,100,100,evento,8,mm,limping,0.034,0.35,1
58,25,1,dominante_8nm,100,100,evento,8,pt,ar1,0.034,0.2,1
58,25,1,dominante_8nm,100,100,evento,8,pt,limping,0.034,0.35,1
58,25,1,dominante_8nm,100,100,evento,8,nsb,ar1,0.032,0.2,1
58,25,1,dominante_8nm,100,100,evento,8,nsb,limping,0.032,0.35,1
59,25,1,dominante_8nm,100,300,evento,8,plugin,ar1,0.05,0.1,1
59,25,1,dominante_8nm,100,300,evento,8,plugin,limping,0.05,0.35,1
59,25,1,dominante_8nm,100,300,evento,8,mm,ar1,0.05,0.1,1
59,25,1,dominante_8nm,100,300,evento,8,mm,limping,0.05,0.35,1
59,25,1,dominante_8nm,100,300,evento,8,pt,ar1,0.05,0.1,1
59,25,1,dominante_8nm,100,300,evento,8,pt,limping,0.05,0.35,1
59,25,1,dominante_8nm,100,300,evento,8,nsb,ar1,0.048,0.1,1
59,25,1,dominante_8nm,100,300,evento,8,nsb,limping,0.048,0.35,1
59,25,1,dominante_8nm,100,300,dwell,8,plugin,ar1,0.048,0.05,1
59,25,1,dominante_8nm,100,300,dwell,8,plugin,limping,0.048,0.2,1
59,25,1,dominante_8nm,100,300,dwell,8,mm,ar1,0.048,0.05,1
59,25,1,dominante_8nm,100,300,dwell,8,mm,limping,0.048,0.2,1
59,25,1,dominante_8nm,100,300,dwell,8,pt,ar1,0.048,0.05,1
59,25,1,dominante_8nm,100,300,dwell,8,pt,limping,0.048,0.2,1
59,25,1,dominante_8nm,100,300,paso,4,plugin,ar1,0.048,,0.058
59,25,1,dominante_8nm,100,300,paso,4,plugin,limping,0.048,,0.058
59,25,1,dominante_8nm,100,300,paso,4,mm,ar1,0.048,,0.058
59,25,1,dominante_8nm,100,300,paso,4,mm,limping,0.048,,0.058
59,25,1,dominante_8nm,100,300,paso,4,pt,ar1,0.048,,0.058
59,25,1,dominante_8nm,100,300,paso,4,pt,limping,0.048,,0.058
59,25,1,dominante_8nm,100,300,paso,4,nsb,ar1,0.048,,0.058
59,25,1,dominante_8nm,100,300,paso,4,nsb,limping,0.048,,0.058
59,25,1,dominante_8nm,100,300,paso,8,plugin,ar1,0.048,,0.058
59,25,1,dominante_8nm,100,300,paso,8,plugin,limping,0.048,,0.058
59,25,1,dominante_8nm,100,300,paso,8,mm,ar1,0.048,,0.058
59,25,1,dominante_8nm,100,300,paso,8,mm,limping,0.048,,0.058
59,25,1,dominante_8nm,100,300,paso,8,pt,ar1,0.048,,0.058
59,25,1,dominante_8nm,100,300,paso,8,pt,limping,0.048,,0.058
59,25,1,dominante_8nm,100,300,paso,8,nsb,ar1,0.048,,0.058
59,25,1,dominante_8nm,100,300,paso,8,nsb,limping,0.048,,0.058
59,25,1,dominante_8nm,100,300,dwell_paso,4,plugin,ar1,0.048,,0.072
59,25,1,dominante_8nm,100,300,dwell_paso,4,plugin,limping,0.048,,0.06
59,25,1,dominante_8nm,100,300,dwell_paso,4,mm,ar1,0.048,,0.072
59,25,1,dominante_8nm,100,300,dwell_paso,4,mm,limping,0.048,,0.06
59,25,1,dominante_8nm,100,300,dwell_paso,4,pt,ar1,0.048,,0.072
59,25,1,dominante_8nm,100,300,dwell_paso,4,pt,limping,0.048,,0.06
59,25,1,dominante_8nm,100,300,dwell_paso,4,nsb,ar1,0.048,,0.072
59,25,1,dominante_8nm,100,300,dwell_paso,4,nsb,limping,0.048,,0.058
59,25,1,dominante_8nm,100,300,dwell_paso,8,plugin,ar1,0.036,,0.064
59,25,1,dominante_8nm,100,300,dwell_paso,8,plugin,limping,0.036,,0.062
59,25,1,dominante_8nm,100,300,dwell_paso,8,mm,ar1,0.036,,0.064
59,25,1,dominante_8nm,100,300,dwell_paso,8,mm,limping,0.036,,0.062
59,25,1,dominante_8nm,100,300,dwell_paso,8,pt,ar1,0.036,,0.064
59,25,1,dominante_8nm,100,300,dwell_paso,8,pt,limping,0.036,,0.062
59,25,1,dominante_8nm,100,300,dwell_paso,8,nsb,ar1,0.034,,0.064
59,25,1,dominante_8nm,100,300,dwell_paso,8,nsb,limping,0.034,,0.064
60,25,1,dominante_8nm,200,50,dwell,4,plugin,ar1,0.046,0.05,1
60,25,1,dominante_8nm,200,50,dwell,4,plugin,limping,0.046,0.35,1
60,25,1,dominante_8nm,200,50,dwell,4,mm,ar1,0.046,0.05,1
60,25,1,dominante_8nm,200,50,dwell,4,mm,limping,0.046,0.35,1
60,25,1,dominante_8nm,200,50,dwell,4,pt,ar1,0.046,0.05,1
60,25,1,dominante_8nm,200,50,dwell,4,pt,limping,0.046,0.35,1
60,25,1,dominante_8nm,200,50,dwell,4,nsb,ar1,0.044,0.05,1
60,25,1,dominante_8nm,200,50,dwell,4,nsb,limping,0.044,0.35,1
60,25,1,dominante_8nm,200,50,dwell,8,plugin,ar1,0.046,0.1,1
60,25,1,dominante_8nm,200,50,dwell,8,plugin,limping,0.046,0.35,1
60,25,1,dominante_8nm,200,50,dwell,8,mm,ar1,0.046,0.1,1
60,25,1,dominante_8nm,200,50,dwell,8,mm,limping,0.046,0.35,1
60,25,1,dominante_8nm,200,50,dwell,8,pt,ar1,0.046,0.1,1
60,25,1,dominante_8nm,200,50,dwell,8,pt,limping,0.046,0.35,1
60,25,1,dominante_8nm,200,50,dwell,8,nsb,ar1,0.048,0.1,1
60,25,1,dominante_8nm,200,50,dwell,8,nsb,limping,0.048,0.35,1
61,25,1,dominante_8nm,200,100,evento,4,plugin,ar1,0.046,0.1,1
61,25,1,dominante_8nm,200,100,evento,4,plugin,limping,0.046,0.35,1
61,25,1,dominante_8nm,200,100,evento,4,mm,ar1,0.046,0.1,1
61,25,1,dominante_8nm,200,100,evento,4,mm,limping,0.046,0.35,1
61,25,1,dominante_8nm,200,100,evento,4,pt,ar1,0.046,0.1,1
61,25,1,dominante_8nm,200,100,evento,4,pt,limping,0.046,0.35,1
61,25,1,dominante_8nm,200,100,evento,4,nsb,ar1,0.046,0.1,1
61,25,1,dominante_8nm,200,100,evento,4,nsb,limping,0.046,0.35,1
61,25,1,dominante_8nm,200,100,evento,8,plugin,ar1,0.04,0.1,1
61,25,1,dominante_8nm,200,100,evento,8,plugin,limping,0.04,0.35,1
61,25,1,dominante_8nm,200,100,evento,8,mm,ar1,0.042,0.1,1
61,25,1,dominante_8nm,200,100,evento,8,mm,limping,0.042,0.35,1
61,25,1,dominante_8nm,200,100,evento,8,pt,ar1,0.042,0.1,1
61,25,1,dominante_8nm,200,100,evento,8,pt,limping,0.042,0.35,1
61,25,1,dominante_8nm,200,100,evento,8,nsb,ar1,0.044,0.1,1
61,25,1,dominante_8nm,200,100,evento,8,nsb,limping,0.044,0.35,1
61,25,1,dominante_8nm,200,100,dwell,4,plugin,ar1,0.038,0.05,1
61,25,1,dominante_8nm,200,100,dwell,4,plugin,limping,0.038,0.2,1
61,25,1,dominante_8nm,200,100,dwell,4,mm,ar1,0.038,0.05,1
61,25,1,dominante_8nm,200,100,dwell,4,mm,limping,0.038,0.2,1
61,25,1,dominante_8nm,200,100,dwell,4,pt,ar1,0.038,0.05,1
61,25,1,dominante_8nm,200,100,dwell,4,pt,limping,0.038,0.2,1
61,25,1,dominante_8nm,200,100,dwell,4,nsb,ar1,0.038,0.05,1
61,25,1,dominante_8nm,200,100,dwell,4,nsb,limping,0.038,0.2,1
61,25,1,dominante_8nm,200,100,paso,4,plugin,ar1,0.048,,0.06
61,25,1,dominante_8nm,200,100,paso,4,plugin,limping,0.048,,0.058
61,25,1,dominante_8nm,200,100,paso,4,mm,ar1,0.048,,0.06
61,25,1,dominante_8nm,200,100,paso,4,mm,limping,0.048,,0.058
61,25,1,dominante_8nm,200,100,paso,4,pt,ar1,0.048,,0.06
61,25,1,dominante_8nm,200,100,paso,4,pt,limping,0.048,,0.058
61,25,1,dominante_8nm,200,100,paso,4,nsb,ar1,0.048,,0.062
61,25,1,dominante_8nm,200,100,paso,4,nsb,limping,0.048,,0.058
61,25,1,dominante_8nm,200,100,paso,8,plugin,ar1,0.048,,0.06
61,25,1,dominante_8nm,200,100,paso,8,plugin,limping,0.048,,0.058
61,25,1,dominante_8nm,200,100,paso,8,mm,ar1,0.048,,0.06
61,25,1,dominante_8nm,200,100,paso,8,mm,limping,0.048,,0.058
61,25,1,dominante_8nm,200,100,paso,8,pt,ar1,0.048,,0.06
61,25,1,dominante_8nm,200,100,paso,8,pt,limping,0.048,,0.058
61,25,1,dominante_8nm,200,100,paso,8,nsb,ar1,0.048,,0.062
61,25,1,dominante_8nm,200,100,paso,8,nsb,limping,0.048,,0.058
61,25,1,dominante_8nm,200,100,dwell_paso,4,plugin,ar1,0.044,,0.082
61,25,1,dominante_8nm,200,100,dwell_paso,4,plugin,limping,0.044,,0.058
61,25,1,dominante_8nm,200,100,dwell_paso,4,mm,ar1,0.044,,0.082
61,25,1,dominante_8nm,200,100,dwell_paso,4,mm,limping,0.044,,0.058
61,25,1,dominante_8nm,200,100,dwell_paso,4,pt,ar1,0.044,,0.082
61,25,1,dominante_8nm,200,100,dwell_paso,4,pt,limping,0.044,,0.058
61,25,1,dominante_8nm,200,100,dwell_paso,4,nsb,ar1,0.044,,0.082
61,25,1,dominante_8nm,200,100,dwell_paso,4,nsb,limping,0.044,,0.058
61,25,1,dominante_8nm,200,100,dwell_paso,8,plugin,ar1,0.048,,0.068
61,25,1,dominante_8nm,200,100,dwell_paso,8,plugin,limping,0.048,,0.052
61,25,1,dominante_8nm,200,100,dwell_paso,8,mm,ar1,0.048,,0.068
61,25,1,dominante_8nm,200,100,dwell_paso,8,mm,limping,0.048,,0.052
61,25,1,dominante_8nm,200,100,dwell_paso,8,pt,ar1,0.048,,0.068
61,25,1,dominante_8nm,200,100,dwell_paso,8,pt,limping,0.048,,0.052
61,25,1,dominante_8nm,200,100,dwell_paso,8,nsb,ar1,0.048,,0.068
61,25,1,dominante_8nm,200,100,dwell_paso,8,nsb,limping,0.048,,0.052
62,25,1,dominante_8nm,200,300,evento,4,plugin,ar1,0.034,0.05,1
62,25,1,dominante_8nm,200,300,evento,4,plugin,limping,0.034,0.2,1
62,25,1,dominante_8nm,200,300,evento,4,mm,ar1,0.034,0.05,1
62,25,1,dominante_8nm,200,300,evento,4,mm,limping,0.034,0.2,1
62,25,1,dominante_8nm,200,300,evento,4,pt,ar1,0.034,0.05,1
62,25,1,dominante_8nm,200,300,evento,4,pt,limping,0.034,0.2,1
62,25,1,dominante_8nm,200,300,evento,4,nsb,ar1,0.034,0.05,1
62,25,1,dominante_8nm,200,300,evento,4,nsb,limping,0.034,0.2,1
62,25,1,dominante_8nm,200,300,evento,8,plugin,ar1,0.042,0.05,1
62,25,1,dominante_8nm,200,300,evento,8,plugin,limping,0.042,0.35,1
62,25,1,dominante_8nm,200,300,evento,8,mm,ar1,0.042,0.05,1
62,25,1,dominante_8nm,200,300,evento,8,mm,limping,0.042,0.35,1
62,25,1,dominante_8nm,200,300,evento,8,pt,ar1,0.042,0.05,1
62,25,1,dominante_8nm,200,300,evento,8,pt,limping,0.042,0.35,1
62,25,1,dominante_8nm,200,300,evento,8,nsb,ar1,0.046,0.05,1
62,25,1,dominante_8nm,200,300,evento,8,nsb,limping,0.046,0.35,1
62,25,1,dominante_8nm,200,300,dwell,8,plugin,ar1,0.038,0.05,1
62,25,1,dominante_8nm,200,300,dwell,8,plugin,limping,0.038,0.2,1
62,25,1,dominante_8nm,200,300,dwell,8,mm,ar1,0.038,0.05,1
62,25,1,dominante_8nm,200,300,dwell,8,mm,limping,0.038,0.2,1
62,25,1,dominante_8nm,200,300,dwell,8,pt,ar1,0.038,0.05,1
62,25,1,dominante_8nm,200,300,dwell,8,pt,limping,0.038,0.2,1
62,25,1,dominante_8nm,200,300,dwell,8,nsb,ar1,0.038,0.05,1
62,25,1,dominante_8nm,200,300,dwell,8,nsb,limping,0.038,0.2,1
62,25,1,dominante_8nm,200,300,paso,4,plugin,ar1,0.036,,0.054
62,25,1,dominante_8nm,200,300,paso,4,plugin,limping,0.036,,0.062
62,25,1,dominante_8nm,200,300,paso,4,mm,ar1,0.036,,0.054
62,25,1,dominante_8nm,200,300,paso,4,mm,limping,0.036,,0.062
62,25,1,dominante_8nm,200,300,paso,4,pt,ar1,0.036,,0.054
62,25,1,dominante_8nm,200,300,paso,4,pt,limping,0.036,,0.062
62,25,1,dominante_8nm,200,300,paso,4,nsb,ar1,0.038,,0.056
62,25,1,dominante_8nm,200,300,paso,4,nsb,limping,0.038,,0.064
62,25,1,dominante_8nm,200,300,paso,8,plugin,ar1,0.036,,0.054
62,25,1,dominante_8nm,200,300,paso,8,plugin,limping,0.036,,0.062
62,25,1,dominante_8nm,200,300,paso,8,mm,ar1,0.036,,0.054
62,25,1,dominante_8nm,200,300,paso,8,mm,limping,0.036,,0.062
62,25,1,dominante_8nm,200,300,paso,8,pt,ar1,0.036,,0.054
62,25,1,dominante_8nm,200,300,paso,8,pt,limping,0.036,,0.062
62,25,1,dominante_8nm,200,300,paso,8,nsb,ar1,0.038,,0.056
62,25,1,dominante_8nm,200,300,paso,8,nsb,limping,0.038,,0.064
62,25,1,dominante_8nm,200,300,dwell_paso,4,plugin,ar1,0.044,,0.056
62,25,1,dominante_8nm,200,300,dwell_paso,4,plugin,limping,0.044,,0.064
62,25,1,dominante_8nm,200,300,dwell_paso,4,mm,ar1,0.044,,0.056
62,25,1,dominante_8nm,200,300,dwell_paso,4,mm,limping,0.044,,0.064
62,25,1,dominante_8nm,200,300,dwell_paso,4,pt,ar1,0.044,,0.056
62,25,1,dominante_8nm,200,300,dwell_paso,4,pt,limping,0.044,,0.064
62,25,1,dominante_8nm,200,300,dwell_paso,4,nsb,ar1,0.044,,0.056
62,25,1,dominante_8nm,200,300,dwell_paso,4,nsb,limping,0.044,,0.064
63,25,1,equilibrada,50,50,evento,4,plugin,ar1,0.05,0.2,1
63,25,1,equilibrada,50,50,evento,4,plugin,limping,0.05,0.5,0.996
63,25,1,equilibrada,50,50,evento,4,mm,ar1,0.05,0.2,1
63,25,1,equilibrada,50,50,evento,4,mm,limping,0.05,0.5,0.996
63,25,1,equilibrada,50,50,evento,4,pt,ar1,0.05,0.2,1
63,25,1,equilibrada,50,50,evento,4,pt,limping,0.05,0.5,0.996
63,25,1,equilibrada,50,50,evento,4,nsb,ar1,0.05,0.2,1
63,25,1,equilibrada,50,50,evento,4,nsb,limping,0.05,0.5,0.996
63,25,1,equilibrada,50,50,evento,8,plugin,ar1,0.042,0.35,1
63,25,1,equilibrada,50,50,evento,8,plugin,limping,0.042,0.5,0.918
63,25,1,equilibrada,50,50,evento,8,mm,ar1,0.042,0.35,1
63,25,1,equilibrada,50,50,evento,8,mm,limping,0.042,0.5,0.922
63,25,1,equilibrada,50,50,evento,8,pt,ar1,0.042,0.35,1
63,25,1,equilibrada,50,50,evento,8,pt,limping,0.042,0.5,0.918
63,25,1,equilibrada,50,50,evento,8,nsb,ar1,0.044,0.35,1
63,25,1,equilibrada,50,50,evento,8,nsb,limping,0.044,0.5,0.906
63,25,1,equilibrada,50,50,dwell,4,plugin,ar1,0.032,0.1,1
63,25,1,equilibrada,50,50,dwell,4,plugin,limping,0.032,0.35,1
63,25,1,equilibrada,50,50,dwell,4,mm,ar1,0.032,0.1,1
63,25,1,equilibrada,50,50,dwell,4,mm,limping,0.032,0.35,1
63,25,1,equilibrada,50,50,dwell,4,pt,ar1,0.032,0.1,1
63,25,1,equilibrada,50,50,dwell,4,pt,limping,0.032,0.35,1
63,25,1,equilibrada,50,50,dwell,4,nsb,ar1,0.032,0.1,1
63,25,1,equilibrada,50,50,dwell,4,nsb,limping,0.032,0.35,1
63,25,1,equilibrada,50,50,paso,4,plugin,ar1,0.048,,0.064
63,25,1,equilibrada,50,50,paso,4,plugin,limping,0.048,,0.064
63,25,1,equilibrada,50,50,paso,4,mm,ar1,0.048,,0.064
63,25,1,equilibrada,50,50,paso,4,mm,limping,0.048,,0.064
63,25,1,equilibrada,50,50,paso,4,pt,ar1,0.048,,0.064
63,25,1,equilibrada,50,50,paso,4,pt,limping,0.048,,0.064
63,25,1,equilibrada,50,50,paso,4,nsb,ar1,0.048,,0.064
63,25,1,equilibrada,50,50,paso,4,nsb,limping,0.048,,0.064
63,25,1,equilibrada,50,50,paso,8,plugin,ar1,0.048,,0.064
63,25,1,equilibrada,50,50,paso,8,plugin,limping,0.048,,0.064
63,25,1,equilibrada,50,50,paso,8,mm,ar1,0.048,,0.064
63,25,1,equilibrada,50,50,paso,8,mm,limping,0.048,,0.064
63,25,1,equilibrada,50,50,paso,8,pt,ar1,0.048,,0.064
63,25,1,equilibrada,50,50,paso,8,pt,limping,0.048,,0.064
63,25,1,equilibrada,50,50,paso,8,nsb,ar1,0.048,,0.064
63,25,1,equilibrada,50,50,paso,8,nsb,limping,0.048,,0.064
63,25,1,equilibrada,50,50,dwell_paso,4,plugin,ar1,0.048,,0.052
63,25,1,equilibrada,50,50,dwell_paso,4,plugin,limping,0.048,,0.06
63,25,1,equilibrada,50,50,dwell_paso,4,mm,ar1,0.048,,0.052
63,25,1,equilibrada,50,50,dwell_paso,4,mm,limping,0.048,,0.06
63,25,1,equilibrada,50,50,dwell_paso,4,pt,ar1,0.048,,0.052
63,25,1,equilibrada,50,50,dwell_paso,4,pt,limping,0.048,,0.06
63,25,1,equilibrada,50,50,dwell_paso,4,nsb,ar1,0.05,,0.054
63,25,1,equilibrada,50,50,dwell_paso,4,nsb,limping,0.05,,0.06
63,25,1,equilibrada,50,50,dwell_paso,8,plugin,ar1,0.032,,0.068
63,25,1,equilibrada,50,50,dwell_paso,8,plugin,limping,0.032,,0.056
63,25,1,equilibrada,50,50,dwell_paso,8,mm,ar1,0.032,,0.068
63,25,1,equilibrada,50,50,dwell_paso,8,mm,limping,0.032,,0.056
63,25,1,equilibrada,50,50,dwell_paso,8,pt,ar1,0.032,,0.068
63,25,1,equilibrada,50,50,dwell_paso,8,pt,limping,0.032,,0.056
63,25,1,equilibrada,50,50,dwell_paso,8,nsb,ar1,0.034,,0.07
63,25,1,equilibrada,50,50,dwell_paso,8,nsb,limping,0.034,,0.056
64,25,1,equilibrada,50,100,evento,8,plugin,ar1,0.046,0.2,1
64,25,1,equilibrada,50,100,evento,8,plugin,limping,0.046,0.5,1
64,25,1,equilibrada,50,100,evento,8,mm,ar1,0.046,0.2,1
64,25,1,equilibrada,50,100,evento,8,mm,limping,0.046,0.5,1
64,25,1,equilibrada,50,100,evento,8,pt,ar1,0.046,0.2,1
64,25,1,equilibrada,50,100,evento,8,pt,limping,0.046,0.5,1
64,25,1,equilibrada,50,100,evento,8,nsb,ar1,0.046,0.2,1
64,25,1,equilibrada,50,100,evento,8,nsb,limping,0.046,0.5,1
64,25,1,equilibrada,50,100,dwell,4,plugin,ar1,0.038,0.1,1
64,25,1,equilibrada,50,100,dwell,4,plugin,limping,0.038,0.35,1
64,25,1,equilibrada,50,100,dwell,4,mm,ar1,0.038,0.1,1
64,25,1,equilibrada,50,100,dwell,4,mm,limping,0.038,0.35,1
64,25,1,equilibrada,50,100,dwell,4,pt,ar1,0.038,0.1,1
64,25,1,equilibrada,50,100,dwell,4,pt,limping,0.038,0.35,1
64,25,1,equilibrada,50,100,dwell,4,nsb,ar1,0.038,0.1,1
64,25,1,equilibrada,50,100,dwell,4,nsb,limping,0.038,0.35,1
64,25,1,equilibrada,50,100,dwell_paso,4,plugin,ar1,0.05,,0.062
64,25,1,equilibrada,50,100,dwell_paso,4,plugin,limping,0.05,,0.054
64,25,1,equilibrada,50,100,dwell_paso,4,mm,ar1,0.05,,0.062
64,25,1,equilibrada,50,100,dwell_paso,4,mm,limping,0.05,,0.054
64,25,1,equilibrada,50,100,dwell_paso,4,pt,ar1,0.05,,0.062
64,25,1,equilibrada,50,100,dwell_paso,4,pt,limping,0.05,,0.054
64,25,1,equilibrada,50,100,dwell_paso,4,nsb,ar1,0.05,,0.062
64,25,1,equilibrada,50,100,dwell_paso,4,nsb,limping,0.05,,0.056
64,25,1,equilibrada,50,100,dwell_paso,8,plugin,ar1,0.038,,0.07
64,25,1,equilibrada,50,100,dwell_paso,8,plugin,limping,0.038,,0.054
64,25,1,equilibrada,50,100,dwell_paso,8,mm,ar1,0.038,,0.07
64,25,1,equilibrada,50,100,dwell_paso,8,mm,limping,0.038,,0.054
64,25,1,equilibrada,50,100,dwell_paso,8,pt,ar1,0.038,,0.07
64,25,1,equilibrada,50,100,dwell_paso,8,pt,limping,0.038,,0.054
64,25,1,equilibrada,50,100,dwell_paso,8,nsb,ar1,0.038,,0.068
64,25,1,equilibrada,50,100,dwell_paso,8,nsb,limping,0.038,,0.052
65,25,1,equilibrada,50,300,evento,8,plugin,ar1,0.038,0.1,1
65,25,1,equilibrada,50,300,evento,8,plugin,limping,0.038,0.35,1
65,25,1,equilibrada,50,300,evento,8,mm,ar1,0.038,0.1,1
65,25,1,equilibrada,50,300,evento,8,mm,limping,0.038,0.35,1
65,25,1,equilibrada,50,300,evento,8,pt,ar1,0.038,0.1,1
65,25,1,equilibrada,50,300,evento,8,pt,limping,0.038,0.35,1
65,25,1,equilibrada,50,300,evento,8,nsb,ar1,0.038,0.1,1
65,25,1,equilibrada,50,300,evento,8,nsb,limping,0.038,0.35,1
65,25,1,equilibrada,50,300,dwell,4,plugin,ar1,0.05,0.05,1
65,25,1,equilibrada,50,300,dwell,4,plugin,limping,0.05,0.35,1
65,25,1,equilibrada,50,300,dwell,4,mm,ar1,0.05,0.05,1
65,25,1,equilibrada,50,300,dwell,4,mm,limping,0.05,0.35,1
65,25,1,equilibrada,50,300,dwell,4,pt,ar1,0.05,0.05,1
65,25,1,equilibrada,50,300,dwell,4,pt,limping,0.05,0.35,1
65,25,1,equilibrada,50,300,dwell,4,nsb,ar1,0.05,0.05,1
65,25,1,equilibrada,50,300,dwell,4,nsb,limping,0.05,0.35,1
65,25,1,equilibrada,50,300,dwell,8,plugin,ar1,0.044,0.05,1
65,25,1,equilibrada,50,300,dwell,8,plugin,limping,0.044,0.35,1
65,25,1,equilibrada,50,300,dwell,8,mm,ar1,0.044,0.05,1
65,25,1,equilibrada,50,300,dwell,8,mm,limping,0.044,0.35,1
65,25,1,equilibrada,50,300,dwell,8,pt,ar1,0.044,0.05,1
65,25,1,equilibrada,50,300,dwell,8,pt,limping,0.044,0.35,1
65,25,1,equilibrada,50,300,dwell,8,nsb,ar1,0.042,0.05,1
65,25,1,equilibrada,50,300,dwell,8,nsb,limping,0.042,0.35,1
65,25,1,equilibrada,50,300,paso,4,plugin,ar1,0.032,,0.06
65,25,1,equilibrada,50,300,paso,4,plugin,limping,0.032,,0.07
65,25,1,equilibrada,50,300,paso,4,mm,ar1,0.032,,0.06
65,25,1,equilibrada,50,300,paso,4,mm,limping,0.032,,0.07
65,25,1,equilibrada,50,300,paso,4,pt,ar1,0.032,,0.06
65,25,1,equilibrada,50,300,paso,4,pt,limping,0.032,,0.07
65,25,1,equilibrada,50,300,paso,4,nsb,ar1,0.034,,0.06
65,25,1,equilibrada,50,300,paso,4,nsb,limping,0.034,,0.07
65,25,1,equilibrada,50,300,paso,8,plugin,ar1,0.032,,0.06
65,25,1,equilibrada,50,300,paso,8,plugin,limping,0.032,,0.07
65,25,1,equilibrada,50,300,paso,8,mm,ar1,0.032,,0.06
65,25,1,equilibrada,50,300,paso,8,mm,limping,0.032,,0.07
65,25,1,equilibrada,50,300,paso,8,pt,ar1,0.032,,0.06
65,25,1,equilibrada,50,300,paso,8,pt,limping,0.032,,0.07
65,25,1,equilibrada,50,300,paso,8,nsb,ar1,0.034,,0.06
65,25,1,equilibrada,50,300,paso,8,nsb,limping,0.034,,0.07
65,25,1,equilibrada,50,300,dwell_paso,4,plugin,ar1,0.048,,0.064
65,25,1,equilibrada,50,300,dwell_paso,4,plugin,limping,0.048,,0.054
65,25,1,equilibrada,50,300,dwell_paso,4,mm,ar1,0.048,,0.064
65,25,1,equilibrada,50,300,dwell_paso,4,mm,limping,0.048,,0.054
65,25,1,equilibrada,50,300,dwell_paso,4,pt,ar1,0.048,,0.064
65,25,1,equilibrada,50,300,dwell_paso,4,pt,limping,0.048,,0.054
65,25,1,equilibrada,50,300,dwell_paso,4,nsb,ar1,0.048,,0.064
65,25,1,equilibrada,50,300,dwell_paso,4,nsb,limping,0.048,,0.052
65,25,1,equilibrada,50,300,dwell_paso,8,nsb,ar1,0.05,,0.062
65,25,1,equilibrada,50,300,dwell_paso,8,nsb,limping,0.05,,0.054
66,25,1,equilibrada,100,50,evento,4,plugin,ar1,0.042,0.2,1
66,25,1,equilibrada,100,50,evento,4,plugin,limping,0.042,0.5,1
66,25,1,equilibrada,100,50,evento,4,mm,ar1,0.042,0.2,1
66,25,1,equilibrada,100,50,evento,4,mm,limping,0.042,0.5,1
66,25,1,equilibrada,100,50,evento,4,pt,ar1,0.042,0.2,1
66,25,1,equilibrada,100,50,evento,4,pt,limping,0.042,0.5,1
66,25,1,equilibrada,100,50,evento,4,nsb,ar1,0.042,0.2,1
66,25,1,equilibrada,100,50,evento,4,nsb,limping,0.042,0.5,1
66,25,1,equilibrada,100,50,dwell,4,plugin,ar1,0.04,0.1,1
66,25,1,equilibrada,100,50,dwell,4,plugin,limping,0.04,0.35,1
66,25,1,equilibrada,100,50,dwell,4,mm,ar1,0.04,0.1,1
66,25,1,equilibrada,100,50,dwell,4,mm,limping,0.04,0.35,1
66,25,1,equilibrada,100,50,dwell,4,pt,ar1,0.04,0.1,1
66,25,1,equilibrada,100,50,dwell,4,pt,limping,0.04,0.35,1
66,25,1,equilibrada,100,50,dwell,4,nsb,ar1,0.04,0.1,1
66,25,1,equilibrada,100,50,dwell,4,nsb,limping,0.04,0.35,1
66,25,1,equilibrada,100,50,dwell_paso,4,plugin,ar1,0.042,,0.052
66,25,1,equilibrada,100,50,dwell_paso,4,plugin,limping,0.042,,0.05
66,25,1,equilibrada,100,50,dwell_paso,4,mm,ar1,0.042,,0.052
66,25,1,equilibrada,100,50,dwell_paso,4,mm,limping,0.042,,0.05
66,25,1,equilibrada,100,50,dwell_paso,4,pt,ar1,0.042,,0.052
66,25,1,equilibrada,100,50,dwell_paso,4,pt,limping,0.042,,0.05
66,25,1,equilibrada,100,50,dwell_paso,4,nsb,ar1,0.042,,0.05
66,25,1,equilibrada,100,50,dwell_paso,4,nsb,limping,0.042,,0.052
67,25,1,equilibrada,100,100,evento,8,plugin,ar1,0.026,0.1,1
67,25,1,equilibrada,100,100,evento,8,plugin,limping,0.026,0.35,1
67,25,1,equilibrada,100,100,evento,8,mm,ar1,0.026,0.1,1
67,25,1,equilibrada,100,100,evento,8,mm,limping,0.026,0.35,1
67,25,1,equilibrada,100,100,evento,8,pt,ar1,0.026,0.1,1
67,25,1,equilibrada,100,100,evento,8,pt,limping,0.026,0.35,1
67,25,1,equilibrada,100,100,evento,8,nsb,ar1,0.028,0.1,1
67,25,1,equilibrada,100,100,evento,8,nsb,limping,0.028,0.35,1
67,25,1,equilibrada,100,100,dwell,4,plugin,ar1,0.04,0.05,1
67,25,1,equilibrada,100,100,dwell,4,plugin,limping,0.04,0.35,1
67,25,1,equilibrada,100,100,dwell,4,mm,ar1,0.04,0.05,1
67,25,1,equilibrada,100,100,dwell,4,mm,limping,0.04,0.35,1
67,25,1,equilibrada,100,100,dwell,4,pt,ar1,0.04,0.05,1
67,25,1,equilibrada,100,100,dwell,4,pt,limping,0.04,0.35,1
67,25,1,equilibrada,100,100,dwell,4,nsb,ar1,0.042,0.05,1
67,25,1,equilibrada,100,100,dwell,4,nsb,limping,0.042,0.35,1
67,25,1,equilibrada,100,100,dwell,8,plugin,ar1,0.04,0.1,1
67,25,1,equilibrada,100,100,dwell,8,plugin,limping,0.04,0.35,1
67,25,1,equilibrada,100,100,dwell,8,mm,ar1,0.04,0.1,1
67,25,1,equilibrada,100,100,dwell,8,mm,limping,0.04,0.35,1
67,25,1,equilibrada,100,100,dwell,8,pt,ar1,0.04,0.1,1
67,25,1,equilibrada,100,100,dwell,8,pt,limping,0.04,0.35,1
67,25,1,equilibrada,100,100,dwell,8,nsb,ar1,0.04,0.1,1
67,25,1,equilibrada,100,100,dwell,8,nsb,limping,0.04,0.35,1
67,25,1,equilibrada,100,100,paso,4,plugin,ar1,0.046,,0.064
67,25,1,equilibrada,100,100,paso,4,plugin,limping,0.046,,0.066
67,25,1,equilibrada,100,100,paso,4,mm,ar1,0.046,,0.064
67,25,1,equilibrada,100,100,paso,4,mm,limping,0.046,,0.066
67,25,1,equilibrada,100,100,paso,4,pt,ar1,0.046,,0.064
67,25,1,equilibrada,100,100,paso,4,pt,limping,0.046,,0.066
67,25,1,equilibrada,100,100,paso,4,nsb,ar1,0.046,,0.064
67,25,1,equilibrada,100,100,paso,4,nsb,limping,0.046,,0.064
67,25,1,equilibrada,100,100,paso,8,plugin,ar1,0.046,,0.064
67,25,1,equilibrada,100,100,paso,8,plugin,limping,0.046,,0.066
67,25,1,equilibrada,100,100,paso,8,mm,ar1,0.046,,0.064
67,25,1,equilibrada,100,100,paso,8,mm,limping,0.046,,0.066
67,25,1,equilibrada,100,100,paso,8,pt,ar1,0.046,,0.064
67,25,1,equilibrada,100,100,paso,8,pt,limping,0.046,,0.066
67,25,1,equilibrada,100,100,paso,8,nsb,ar1,0.046,,0.064
67,25,1,equilibrada,100,100,paso,8,nsb,limping,0.046,,0.064
67,25,1,equilibrada,100,100,dwell_paso,4,plugin,ar1,0.046,,0.062
67,25,1,equilibrada,100,100,dwell_paso,4,plugin,limping,0.046,,0.06
67,25,1,equilibrada,100,100,dwell_paso,4,mm,ar1,0.046,,0.062
67,25,1,equilibrada,100,100,dwell_paso,4,mm,limping,0.046,,0.06
67,25,1,equilibrada,100,100,dwell_paso,4,pt,ar1,0.046,,0.062
67,25,1,equilibrada,100,100,dwell_paso,4,pt,limping,0.046,,0.06
67,25,1,equilibrada,100,100,dwell_paso,4,nsb,ar1,0.048,,0.062
67,25,1,equilibrada,100,100,dwell_paso,4,nsb,limping,0.048,,0.06
67,25,1,equilibrada,100,100,dwell_paso,8,plugin,ar1,0.034,,0.06
67,25,1,equilibrada,100,100,dwell_paso,8,plugin,limping,0.034,,0.056
67,25,1,equilibrada,100,100,dwell_paso,8,mm,ar1,0.034,,0.06
67,25,1,equilibrada,100,100,dwell_paso,8,mm,limping,0.034,,0.056
67,25,1,equilibrada,100,100,dwell_paso,8,pt,ar1,0.034,,0.06
67,25,1,equilibrada,100,100,dwell_paso,8,pt,limping,0.034,,0.056
67,25,1,equilibrada,100,100,dwell_paso,8,nsb,ar1,0.034,,0.062
67,25,1,equilibrada,100,100,dwell_paso,8,nsb,limping,0.034,,0.054
68,25,1,equilibrada,100,300,evento,4,plugin,ar1,0.044,0.05,1
68,25,1,equilibrada,100,300,evento,4,plugin,limping,0.044,0.35,1
68,25,1,equilibrada,100,300,evento,4,mm,ar1,0.044,0.05,1
68,25,1,equilibrada,100,300,evento,4,mm,limping,0.044,0.35,1
68,25,1,equilibrada,100,300,evento,4,pt,ar1,0.044,0.05,1
68,25,1,equilibrada,100,300,evento,4,pt,limping,0.044,0.35,1
68,25,1,equilibrada,100,300,evento,4,nsb,ar1,0.042,0.05,1
68,25,1,equilibrada,100,300,evento,4,nsb,limping,0.042,0.35,1
68,25,1,equilibrada,100,300,evento,8,plugin,ar1,0.048,0.1,1
68,25,1,equilibrada,100,300,evento,8,plugin,limping,0.048,0.35,1
68,25,1,equilibrada,100,300,evento,8,mm,ar1,0.048,0.1,1
68,25,1,equilibrada,100,300,evento,8,mm,limping,0.048,0.35,1
68,25,1,equilibrada,100,300,evento,8,pt,ar1,0.048,0.1,1
68,25,1,equilibrada,100,300,evento,8,pt,limping,0.048,0.35,1
68,25,1,equilibrada,100,300,evento,8,nsb,ar1,0.05,0.1,1
68,25,1,equilibrada,100,300,evento,8,nsb,limping,0.05,0.35,1
68,25,1,equilibrada,100,300,paso,4,plugin,ar1,0.05,,0.076
68,25,1,equilibrada,100,300,paso,4,plugin,limping,0.05,,0.058
68,25,1,equilibrada,100,300,paso,4,mm,ar1,0.05,,0.076
68,25,1,equilibrada,100,300,paso,4,mm,limping,0.05,,0.058
68,25,1,equilibrada,100,300,paso,4,pt,ar1,0.05,,0.076
68,25,1,equilibrada,100,300,paso,4,pt,limping,0.05,,0.058
68,25,1,equilibrada,100,300,paso,4,nsb,ar1,0.05,,0.076
68,25,1,equilibrada,100,300,paso,4,nsb,limping,0.05,,0.058
68,25,1,equilibrada,100,300,paso,8,plugin,ar1,0.05,,0.076
68,25,1,equilibrada,100,300,paso,8,plugin,limping,0.05,,0.058
68,25,1,equilibrada,100,300,paso,8,mm,ar1,0.05,,0.076
68,25,1,equilibrada,100,300,paso,8,mm,limping,0.05,,0.058
68,25,1,equilibrada,100,300,paso,8,pt,ar1,0.05,,0.076
68,25,1,equilibrada,100,300,paso,8,pt,limping,0.05,,0.058
68,25,1,equilibrada,100,300,paso,8,nsb,ar1,0.05,,0.076
68,25,1,equilibrada,100,300,paso,8,nsb,limping,0.05,,0.058
68,25,1,equilibrada,100,300,dwell_paso,4,plugin,ar1,0.04,,0.058
68,25,1,equilibrada,100,300,dwell_paso,4,plugin,limping,0.04,,0.066
68,25,1,equilibrada,100,300,dwell_paso,4,mm,ar1,0.04,,0.058
68,25,1,equilibrada,100,300,dwell_paso,4,mm,limping,0.04,,0.066
68,25,1,equilibrada,100,300,dwell_paso,4,pt,ar1,0.04,,0.058
68,25,1,equilibrada,100,300,dwell_paso,4,pt,limping,0.04,,0.066
68,25,1,equilibrada,100,300,dwell_paso,4,nsb,ar1,0.04,,0.058
68,25,1,equilibrada,100,300,dwell_paso,4,nsb,limping,0.04,,0.066
68,25,1,equilibrada,100,300,dwell_paso,8,plugin,ar1,0.046,,0.064
68,25,1,equilibrada,100,300,dwell_paso,8,plugin,limping,0.046,,0.066
68,25,1,equilibrada,100,300,dwell_paso,8,mm,ar1,0.046,,0.064
68,25,1,equilibrada,100,300,dwell_paso,8,mm,limping,0.046,,0.066
68,25,1,equilibrada,100,300,dwell_paso,8,pt,ar1,0.046,,0.064
68,25,1,equilibrada,100,300,dwell_paso,8,pt,limping,0.046,,0.066
68,25,1,equilibrada,100,300,dwell_paso,8,nsb,ar1,0.046,,0.064
68,25,1,equilibrada,100,300,dwell_paso,8,nsb,limping,0.046,,0.066
69,25,1,equilibrada,200,50,evento,8,plugin,ar1,0.034,0.2,1
69,25,1,equilibrada,200,50,evento,8,plugin,limping,0.034,0.35,1
69,25,1,equilibrada,200,50,evento,8,mm,ar1,0.034,0.2,1
69,25,1,equilibrada,200,50,evento,8,mm,limping,0.034,0.35,1
69,25,1,equilibrada,200,50,evento,8,pt,ar1,0.034,0.2,1
69,25,1,equilibrada,200,50,evento,8,pt,limping,0.034,0.35,1
69,25,1,equilibrada,200,50,evento,8,nsb,ar1,0.04,0.1,1
69,25,1,equilibrada,200,50,evento,8,nsb,limping,0.04,0.35,1
69,25,1,equilibrada,200,50,dwell,4,plugin,ar1,0.038,0.05,1
69,25,1,equilibrada,200,50,dwell,4,plugin,limping,0.038,0.35,1
69,25,1,equilibrada,200,50,dwell,4,mm,ar1,0.038,0.05,1
69,25,1,equilibrada,200,50,dwell,4,mm,limping,0.038,0.35,1
69,25,1,equilibrada,200,50,dwell,4,pt,ar1,0.038,0.05,1
69,25,1,equilibrada,200,50,dwell,4,pt,limping,0.038,0.35,1
69,25,1,equilibrada,200,50,dwell,4,nsb,ar1,0.038,0.05,1
69,25,1,equilibrada,200,50,dwell,4,nsb,limping,0.038,0.35,1
69,25,1,equilibrada,200,50,dwell,8,plugin,ar1,0.042,0.1,1
69,25,1,equilibrada,200,50,dwell,8,plugin,limping,0.042,0.35,1
69,25,1,equilibrada,200,50,dwell,8,mm,ar1,0.042,0.1,1
69,25,1,equilibrada,200,50,dwell,8,mm,limping,0.042,0.35,1
69,25,1,equilibrada,200,50,dwell,8,pt,ar1,0.042,0.1,1
69,25,1,equilibrada,200,50,dwell,8,pt,limping,0.042,0.35,1
69,25,1,equilibrada,200,50,dwell,8,nsb,ar1,0.04,0.1,1
69,25,1,equilibrada,200,50,dwell,8,nsb,limping,0.04,0.35,1
70,25,1,equilibrada,200,100,evento,8,plugin,ar1,0.046,0.1,1
70,25,1,equilibrada,200,100,evento,8,plugin,limping,0.046,0.35,1
70,25,1,equilibrada,200,100,evento,8,mm,ar1,0.046,0.1,1
70,25,1,equilibrada,200,100,evento,8,mm,limping,0.046,0.35,1
70,25,1,equilibrada,200,100,evento,8,pt,ar1,0.046,0.1,1
70,25,1,equilibrada,200,100,evento,8,pt,limping,0.046,0.35,1
70,25,1,equilibrada,200,100,evento,8,nsb,ar1,0.042,0.1,1
70,25,1,equilibrada,200,100,evento,8,nsb,limping,0.042,0.35,1
70,25,1,equilibrada,200,100,paso,4,plugin,ar1,0.038,,0.054
70,25,1,equilibrada,200,100,paso,4,plugin,limping,0.038,,0.07
70,25,1,equilibrada,200,100,paso,4,mm,ar1,0.038,,0.054
70,25,1,equilibrada,200,100,paso,4,mm,limping,0.038,,0.07
70,25,1,equilibrada,200,100,paso,4,pt,ar1,0.038,,0.054
70,25,1,equilibrada,200,100,paso,4,pt,limping,0.038,,0.07
70,25,1,equilibrada,200,100,paso,4,nsb,ar1,0.04,,0.056
70,25,1,equilibrada,200,100,paso,4,nsb,limping,0.04,,0.07
70,25,1,equilibrada,200,100,paso,8,plugin,ar1,0.038,,0.054
70,25,1,equilibrada,200,100,paso,8,plugin,limping,0.038,,0.07
70,25,1,equilibrada,200,100,paso,8,mm,ar1,0.038,,0.054
70,25,1,equilibrada,200,100,paso,8,mm,limping,0.038,,0.07
70,25,1,equilibrada,200,100,paso,8,pt,ar1,0.038,,0.054
70,25,1,equilibrada,200,100,paso,8,pt,limping,0.038,,0.07
70,25,1,equilibrada,200,100,paso,8,nsb,ar1,0.04,,0.056
70,25,1,equilibrada,200,100,paso,8,nsb,limping,0.04,,0.07
71,25,1,equilibrada,200,300,evento,4,plugin,ar1,0.042,0.05,1
71,25,1,equilibrada,200,300,evento,4,plugin,limping,0.042,0.2,1
71,25,1,equilibrada,200,300,evento,4,mm,ar1,0.042,0.05,1
71,25,1,equilibrada,200,300,evento,4,mm,limping,0.042,0.2,1
71,25,1,equilibrada,200,300,evento,4,pt,ar1,0.042,0.05,1
71,25,1,equilibrada,200,300,evento,4,pt,limping,0.042,0.2,1
71,25,1,equilibrada,200,300,evento,4,nsb,ar1,0.042,0.05,1
71,25,1,equilibrada,200,300,evento,4,nsb,limping,0.042,0.2,1
71,25,1,equilibrada,200,300,dwell,4,plugin,ar1,0.044,0.05,1
71,25,1,equilibrada,200,300,dwell,4,plugin,limping,0.044,0.2,1
71,25,1,equilibrada,200,300,dwell,4,mm,ar1,0.044,0.05,1
71,25,1,equilibrada,200,300,dwell,4,mm,limping,0.044,0.2,1
71,25,1,equilibrada,200,300,dwell,4,pt,ar1,0.044,0.05,1
71,25,1,equilibrada,200,300,dwell,4,pt,limping,0.044,0.2,1
71,25,1,equilibrada,200,300,dwell,4,nsb,ar1,0.044,0.05,1
71,25,1,equilibrada,200,300,dwell,4,nsb,limping,0.044,0.2,1
71,25,1,equilibrada,200,300,dwell,8,plugin,ar1,0.04,0.05,1
71,25,1,equilibrada,200,300,dwell,8,plugin,limping,0.04,0.2,1
71,25,1,equilibrada,200,300,dwell,8,mm,ar1,0.04,0.05,1
71,25,1,equilibrada,200,300,dwell,8,mm,limping,0.04,0.2,1
71,25,1,equilibrada,200,300,dwell,8,pt,ar1,0.04,0.05,1
71,25,1,equilibrada,200,300,dwell,8,pt,limping,0.04,0.2,1
71,25,1,equilibrada,200,300,dwell,8,nsb,ar1,0.04,0.05,1
71,25,1,equilibrada,200,300,dwell,8,nsb,limping,0.04,0.2,1
71,25,1,equilibrada,200,300,paso,4,plugin,ar1,0.05,,0.064
71,25,1,equilibrada,200,300,paso,4,plugin,limping,0.05,,0.06
71,25,1,equilibrada,200,300,paso,4,mm,ar1,0.05,,0.064
71,25,1,equilibrada,200,300,paso,4,mm,limping,0.05,,0.06
71,25,1,equilibrada,200,300,paso,4,pt,ar1,0.05,,0.064
71,25,1,equilibrada,200,300,paso,4,pt,limping,0.05,,0.06
71,25,1,equilibrada,200,300,paso,8,plugin,ar1,0.05,,0.064
71,25,1,equilibrada,200,300,paso,8,plugin,limping,0.05,,0.06
71,25,1,equilibrada,200,300,paso,8,mm,ar1,0.05,,0.064
71,25,1,equilibrada,200,300,paso,8,mm,limping,0.05,,0.06
71,25,1,equilibrada,200,300,paso,8,pt,ar1,0.05,,0.064
71,25,1,equilibrada,200,300,paso,8,pt,limping,0.05,,0.06
72,25,1,sesgada_4nm,50,50,evento,4,plugin,ar1,0.042,0.2,1
72,25,1,sesgada_4nm,50,50,evento,4,plugin,limping,0.042,0.5,0.996
72,25,1,sesgada_4nm,50,50,evento,4,mm,ar1,0.04,0.2,1
72,25,1,sesgada_4nm,50,50,evento,4,mm,limping,0.04,0.5,0.996
72,25,1,sesgada_4nm,50,50,evento,4,pt,ar1,0.042,0.2,1
72,25,1,sesgada_4nm,50,50,evento,4,pt,limping,0.042,0.5,0.996
72,25,1,sesgada_4nm,50,50,evento,4,nsb,ar1,0.044,0.2,1
72,25,1,sesgada_4nm,50,50,evento,4,nsb,limping,0.044,0.5,0.996
72,25,1,sesgada_4nm,50,50,dwell,4,plugin,ar1,0.05,0.1,1
72,25,1,sesgada_4nm,50,50,dwell,4,plugin,limping,0.05,0.35,1
72,25,1,sesgada_4nm,50,50,dwell,4,mm,ar1,0.05,0.1,1
72,25,1,sesgada_4nm,50,50,dwell,4,mm,limping,0.05,0.35,1
72,25,1,sesgada_4nm,50,50,dwell,4,pt,ar1,0.05,0.1,1
72,25,1,sesgada_4nm,50,50,dwell,4,pt,limping,0.05,0.35,1
72,25,1,sesgada_4nm,50,50,dwell,4,nsb,ar1,0.05,0.1,1
72,25,1,sesgada_4nm,50,50,dwell,4,nsb,limping,0.05,0.35,1
72,25,1,sesgada_4nm,50,50,paso,4,plugin,ar1,0.048,,0.048
72,25,1,sesgada_4nm,50,50,paso,4,plugin,limping,0.048,,0.06
72,25,1,sesgada_4nm,50,50,paso,4,mm,ar1,0.048,,0.048
72,25,1,sesgada_4nm,50,50,paso,4,mm,limping,0.048,,0.06
72,25,1,sesgada_4nm,50,50,paso,4,pt,ar1,0.048,,0.048
72,25,1,sesgada_4nm,50,50,paso,4,pt,limping,0.048,,0.06
72,25,1,sesgada_4nm,50,50,paso,4,nsb,ar1,0.048,,0.046
72,25,1,sesgada_4nm,50,50,paso,4,nsb,limping,0.048,,0.06
72,25,1,sesgada_4nm,50,50,paso,8,plugin,ar1,0.048,,0.048
72,25,1,sesgada_4nm,50,50,paso,8,plugin,limping,0.048,,0.06
72,25,1,sesgada_4nm,50,50,paso,8,mm,ar1,0.048,,0.048
72,25,1,sesgada_4nm,50,50,paso,8,mm,limping,0.048,,0.06
72,25,1,sesgada_4nm,50,50,paso,8,pt,ar1,0.048,,0.048
72,25,1,sesgada_4nm,50,50,paso,8,pt,limping,0.048,,0.06
72,25,1,sesgada_4nm,50,50,paso,8,nsb,ar1,0.048,,0.046
72,25,1,sesgada_4nm,50,50,paso,8,nsb,limping,0.048,,0.06
72,25,1,sesgada_4nm,50,50,dwell_paso,4,plugin,ar1,0.046,,0.068
72,25,1,sesgada_4nm,50,50,dwell_paso,4,plugin,limping,0.046,,0.064
72,25,1,sesgada_4nm,50,50,dwell_paso,4,mm,ar1,0.046,,0.068
72,25,1,sesgada_4nm,50,50,dwell_paso,4,mm,limping,0.046,,0.064
72,25,1,sesgada_4nm,50,50,dwell_paso,4,pt,ar1,0.046,,0.068
72,25,1,sesgada_4nm,50,50,dwell_paso,4,pt,limping,0.046,,0.064
72,25,1,sesgada_4nm,50,50,dwell_paso,4,nsb,ar1,0.048,,0.068
72,25,1,sesgada_4nm,50,50,dwell_paso,4,nsb,limping,0.048,,0.064
73,25,1,sesgada_4nm,50,100,evento,4,plugin,ar1,0.036,0.2,1
73,25,1,sesgada_4nm,50,100,evento,4,plugin,limping,0.036,0.5,1
73,25,1,sesgada_4nm,50,100,evento,4,mm,ar1,0.036,0.2,1
73,25,1,sesgada_4nm,50,100,evento,4,mm,limping,0.036,0.5,1
73,25,1,sesgada_4nm,50,100,evento,4,pt,ar1,0.036,0.2,1
73,25,1,sesgada_4nm,50,100,evento,4,pt,limping,0.036,0.5,1
73,25,1,sesgada_4nm,50,100,evento,4,nsb,ar1,0.038,0.2,1
73,25,1,sesgada_4nm,50,100,evento,4,nsb,limping,0.038,0.5,1
73,25,1,sesgada_4nm,50,100,dwell,4,plugin,ar1,0.038,0.1,1
73,25,1,sesgada_4nm,50,100,dwell,4,plugin,limping,0.038,0.35,1
73,25,1,sesgada_4nm,50,100,dwell,4,mm,ar1,0.038,0.1,1
73,25,1,sesgada_4nm,50,100,dwell,4,mm,limping,0.038,0.35,1
73,25,1,sesgada_4nm,50,100,dwell,4,pt,ar1,0.038,0.1,1
73,25,1,sesgada_4nm,50,100,dwell,4,pt,limping,0.038,0.35,1
73,25,1,sesgada_4nm,50,100,dwell,4,nsb,ar1,0.04,0.1,1
73,25,1,sesgada_4nm,50,100,dwell,4,nsb,limping,0.04,0.35,1
73,25,1,sesgada_4nm,50,100,paso,4,plugin,ar1,0.036,,0.08
73,25,1,sesgada_4nm,50,100,paso,4,plugin,limping,0.036,,0.058
73,25,1,sesgada_4nm,50,100,paso,4,mm,ar1,0.036,,0.08
73,25,1,sesgada_4nm,50,100,paso,4,mm,limping,0.036,,0.058
73,25,1,sesgada_4nm,50,100,paso,4,pt,ar1,0.036,,0.08
73,25,1,sesgada_4nm,50,100,paso,4,pt,limping,0.036,,0.058
73,25,1,sesgada_4nm,50,100,paso,4,nsb,ar1,0.036,,0.078
73,25,1,sesgada_4nm,50,100,paso,4,nsb,limping,0.036,,0.054
73,25,1,sesgada_4nm,50,100,paso,8,plugin,ar1,0.036,,0.08
73,25,1,sesgada_4nm,50,100,paso,8,plugin,limping,0.036,,0.058
73,25,1,sesgada_4nm,50,100,paso,8,mm,ar1,0.036,,0.08
73,25,1,sesgada_4nm,50,100,paso,8,mm,limping,0.036,,0.058
73,25,1,sesgada_4nm,50,100,paso,8,pt,ar1,0.036,,0.08
73,25,1,sesgada_4nm,50,100,paso,8,pt,limping,0.036,,0.058
73,25,1,sesgada_4nm,50,100,paso,8,nsb,ar1,0.036,,0.078
73,25,1,sesgada_4nm,50,100,paso,8,nsb,limping,0.036,,0.054
74,25,1,sesgada_4nm,50,300,evento,4,plugin,ar1,0.042,0.1,1
74,25,1,sesgada_4nm,50,300,evento,4,plugin,limping,0.042,0.35,1
74,25,1,sesgada_4nm,50,300,evento,4,mm,ar1,0.042,0.1,1
74,25,1,sesgada_4nm,50,300,evento,4,mm,limping,0.042,0.35,1
74,25,1,sesgada_4nm,50,300,evento,4,pt,ar1,0.042,0.1,1
74,25,1,sesgada_4nm,50,300,evento,4,pt,limping,0.042,0.35,1
74,25,1,sesgada_4nm,50,300,evento,4,nsb,ar1,0.042,0.1,1
74,25,1,sesgada_4nm,50,300,evento,4,nsb,limping,0.042,0.35,1
74,25,1,sesgada_4nm,50,300,dwell,4,plugin,ar1,0.048,0.05,1
74,25,1,sesgada_4nm,50,300,dwell,4,plugin,limping,0.048,0.35,1
74,25,1,sesgada_4nm,50,300,dwell,4,mm,ar1,0.048,0.05,1
74,25,1,sesgada_4nm,50,300,dwell,4,mm,limping,0.048,0.35,1
74,25,1,sesgada_4nm,50,300,dwell,4,pt,ar1,0.048,0.05,1
74,25,1,sesgada_4nm,50,300,dwell,4,pt,limping,0.048,0.35,1
74,25,1,sesgada_4nm,50,300,dwell,4,nsb,ar1,0.048,0.05,1
74,25,1,sesgada_4nm,50,300,dwell,4,nsb,limping,0.048,0.35,1
74,25,1,sesgada_4nm,50,300,dwell_paso,4,plugin,ar1,0.048,,0.054
74,25,1,sesgada_4nm,50,300,dwell_paso,4,plugin,limping,0.048,,0.068
74,25,1,sesgada_4nm,50,300,dwell_paso,4,mm,ar1,0.048,,0.054
74,25,1,sesgada_4nm,50,300,dwell_paso,4,mm,limping,0.048,,0.068
74,25,1,sesgada_4nm,50,300,dwell_paso,4,pt,ar1,0.048,,0.054
74,25,1,sesgada_4nm,50,300,dwell_paso,4,pt,limping,0.048,,0.068
74,25,1,sesgada_4nm,50,300,dwell_paso,4,nsb,ar1,0.048,,0.054
74,25,1,sesgada_4nm,50,300,dwell_paso,4,nsb,limping,0.048,,0.068
74,25,1,sesgada_4nm,50,300,dwell_paso,8,plugin,ar1,0.042,,0.06
74,25,1,sesgada_4nm,50,300,dwell_paso,8,plugin,limping,0.042,,0.068
74,25,1,sesgada_4nm,50,300,dwell_paso,8,mm,ar1,0.042,,0.06
74,25,1,sesgada_4nm,50,300,dwell_paso,8,mm,limping,0.042,,0.068
74,25,1,sesgada_4nm,50,300,dwell_paso,8,pt,ar1,0.042,,0.06
74,25,1,sesgada_4nm,50,300,dwell_paso,8,pt,limping,0.042,,0.068
74,25,1,sesgada_4nm,50,300,dwell_paso,8,nsb,ar1,0.042,,0.06
74,25,1,sesgada_4nm,50,300,dwell_paso,8,nsb,limping,0.042,,0.07
75,25,1,sesgada_4nm,100,50,dwell,4,plugin,ar1,0.046,0.1,1
75,25,1,sesgada_4nm,100,50,dwell,4,plugin,limping,0.046,0.35,1
75,25,1,sesgada_4nm,100,50,dwell,4,mm,ar1,0.046,0.1,1
75,25,1,sesgada_4nm,100,50,dwell,4,mm,limping,0.046,0.35,1
75,25,1,sesgada_4nm,100,50,dwell,4,pt,ar1,0.046,0.1,1
75,25,1,sesgada_4nm,100,50,dwell,4,pt,limping,0.046,0.35,1
75,25,1,sesgada_4nm,100,50,dwell,4,nsb,ar1,0.046,0.1,1
75,25,1,sesgada_4nm,100,50,dwell,4,nsb,limping,0.046,0.35,1
75,25,1,sesgada_4nm,100,50,paso,4,plugin,ar1,0.048,,0.06
75,25,1,sesgada_4nm,100,50,paso,4,plugin,limping,0.048,,0.048
75,25,1,sesgada_4nm,100,50,paso,4,mm,ar1,0.048,,0.06
75,25,1,sesgada_4nm,100,50,paso,4,mm,limping,0.048,,0.048
75,25,1,sesgada_4nm,100,50,paso,4,pt,ar1,0.048,,0.06
75,25,1,sesgada_4nm,100,50,paso,4,pt,limping,0.048,,0.048
75,25,1,sesgada_4nm,100,50,paso,4,nsb,ar1,0.05,,0.06
75,25,1,sesgada_4nm,100,50,paso,4,nsb,limping,0.05,,0.048
75,25,1,sesgada_4nm,100,50,paso,8,plugin,ar1,0.048,,0.06
75,25,1,sesgada_4nm,100,50,paso,8,plugin,limping,0.048,,0.048
75,25,1,sesgada_4nm,100,50,paso,8,mm,ar1,0.048,,0.06
75,25,1,sesgada_4nm,100,50,paso,8,mm,limping,0.048,,0.048
75,25,1,sesgada_4nm,100,50,paso,8,pt,ar1,0.048,,0.06
75,25,1,sesgada_4nm,100,50,paso,8,pt,limping,0.048,,0.048
75,25,1,sesgada_4nm,100,50,paso,8,nsb,ar1,0.05,,0.06
75,25,1,sesgada_4nm,100,50,paso,8,nsb,limping,0.05,,0.048
75,25,1,sesgada_4nm,100,50,dwell_paso,4,plugin,ar1,0.05,,0.064
75,25,1,sesgada_4nm,100,50,dwell_paso,4,plugin,limping,0.05,,0.054
75,25,1,sesgada_4nm,100,50,dwell_paso,4,mm,ar1,0.05,,0.064
75,25,1,sesgada_4nm,100,50,dwell_paso,4,mm,limping,0.05,,0.054
75,25,1,sesgada_4nm,100,50,dwell_paso,4,pt,ar1,0.05,,0.064
75,25,1,sesgada_4nm,100,50,dwell_paso,4,pt,limping,0.05,,0.054
75,25,1,sesgada_4nm,100,50,dwell_paso,4,nsb,ar1,0.05,,0.062
75,25,1,sesgada_4nm,100,50,dwell_paso,4,nsb,limping,0.05,,0.054
76,25,1,sesgada_4nm,100,100,evento,8,plugin,ar1,0.04,0.2,1
76,25,1,sesgada_4nm,100,100,evento,8,plugin,limping,0.04,0.35,1
76,25,1,sesgada_4nm,100,100,evento,8,mm,ar1,0.04,0.2,1
76,25,1,sesgada_4nm,100,100,evento,8,mm,limping,0.04,0.35,1
76,25,1,sesgada_4nm,100,100,evento,8,pt,ar1,0.04,0.2,1
76,25,1,sesgada_4nm,100,100,evento,8,pt,limping,0.04,0.35,1
76,25,1,sesgada_4nm,100,100,evento,8,nsb,ar1,0.044,0.2,1
76,25,1,sesgada_4nm,100,100,evento,8,nsb,limping,0.044,0.35,1
76,25,1,sesgada_4nm,100,100,dwell,4,plugin,ar1,0.042,0.05,1
76,25,1,sesgada_4nm,100,100,dwell,4,plugin,limping,0.042,0.35,1
76,25,1,sesgada_4nm,100,100,dwell,4,mm,ar1,0.042,0.05,1
76,25,1,sesgada_4nm,100,100,dwell,4,mm,limping,0.042,0.35,1
76,25,1,sesgada_4nm,100,100,dwell,4,pt,ar1,0.042,0.05,1
76,25,1,sesgada_4nm,100,100,dwell,4,pt,limping,0.042,0.35,1
76,25,1,sesgada_4nm,100,100,dwell,4,nsb,ar1,0.042,0.05,1
76,25,1,sesgada_4nm,100,100,dwell,4,nsb,limping,0.042,0.35,1
76,25,1,sesgada_4nm,100,100,dwell_paso,4,plugin,ar1,0.04,,0.05
76,25,1,sesgada_4nm,100,100,dwell_paso,4,plugin,limping,0.04,,0.068
76,25,1,sesgada_4nm,100,100,dwell_paso,4,mm,ar1,0.04,,0.05
76,25,1,sesgada_4nm,100,100,dwell_paso,4,mm,limping,0.04,,0.068
76,25,1,sesgada_4nm,100,100,dwell_paso,4,pt,ar1,0.04,,0.05
76,25,1,sesgada_4nm,100,100,dwell_paso,4,pt,limping,0.04,,0.068
76,25,1,sesgada_4nm,100,100,dwell_paso,4,nsb,ar1,0.04,,0.05
76,25,1,sesgada_4nm,100,100,dwell_paso,4,nsb,limping,0.04,,0.068
76,25,1,sesgada_4nm,100,100,dwell_paso,8,plugin,ar1,0.038,,0.06
76,25,1,sesgada_4nm,100,100,dwell_paso,8,plugin,limping,0.038,,0.068
76,25,1,sesgada_4nm,100,100,dwell_paso,8,mm,ar1,0.038,,0.06
76,25,1,sesgada_4nm,100,100,dwell_paso,8,mm,limping,0.038,,0.068
76,25,1,sesgada_4nm,100,100,dwell_paso,8,pt,ar1,0.038,,0.06
76,25,1,sesgada_4nm,100,100,dwell_paso,8,pt,limping,0.038,,0.068
76,25,1,sesgada_4nm,100,100,dwell_paso,8,nsb,ar1,0.038,,0.06
76,25,1,sesgada_4nm,100,100,dwell_paso,8,nsb,limping,0.038,,0.066
77,25,1,sesgada_4nm,100,300,dwell_paso,4,plugin,ar1,0.046,,0.054
77,25,1,sesgada_4nm,100,300,dwell_paso,4,plugin,limping,0.046,,0.062
77,25,1,sesgada_4nm,100,300,dwell_paso,4,mm,ar1,0.046,,0.054
77,25,1,sesgada_4nm,100,300,dwell_paso,4,mm,limping,0.046,,0.062
77,25,1,sesgada_4nm,100,300,dwell_paso,4,pt,ar1,0.046,,0.054
77,25,1,sesgada_4nm,100,300,dwell_paso,4,pt,limping,0.046,,0.062
77,25,1,sesgada_4nm,100,300,dwell_paso,4,nsb,ar1,0.046,,0.054
77,25,1,sesgada_4nm,100,300,dwell_paso,4,nsb,limping,0.046,,0.062
78,25,1,sesgada_4nm,200,50,evento,8,mm,ar1,0.05,0.2,1
78,25,1,sesgada_4nm,200,50,evento,8,mm,limping,0.05,0.35,1
78,25,1,sesgada_4nm,200,50,paso,4,plugin,ar1,0.042,,0.058
78,25,1,sesgada_4nm,200,50,paso,4,plugin,limping,0.042,,0.074
78,25,1,sesgada_4nm,200,50,paso,4,mm,ar1,0.042,,0.058
78,25,1,sesgada_4nm,200,50,paso,4,mm,limping,0.042,,0.074
78,25,1,sesgada_4nm,200,50,paso,4,pt,ar1,0.042,,0.058
78,25,1,sesgada_4nm,200,50,paso,4,pt,limping,0.042,,0.074
78,25,1,sesgada_4nm,200,50,paso,4,nsb,ar1,0.042,,0.058
78,25,1,sesgada_4nm,200,50,paso,4,nsb,limping,0.042,,0.074
78,25,1,sesgada_4nm,200,50,paso,8,plugin,ar1,0.042,,0.058
78,25,1,sesgada_4nm,200,50,paso,8,plugin,limping,0.042,,0.074
78,25,1,sesgada_4nm,200,50,paso,8,mm,ar1,0.042,,0.058
78,25,1,sesgada_4nm,200,50,paso,8,mm,limping,0.042,,0.074
78,25,1,sesgada_4nm,200,50,paso,8,pt,ar1,0.042,,0.058
78,25,1,sesgada_4nm,200,50,paso,8,pt,limping,0.042,,0.074
78,25,1,sesgada_4nm,200,50,paso,8,nsb,ar1,0.042,,0.058
78,25,1,sesgada_4nm,200,50,paso,8,nsb,limping,0.042,,0.074
79,25,1,sesgada_4nm,200,100,evento,4,plugin,ar1,0.038,0.1,1
79,25,1,sesgada_4nm,200,100,evento,4,plugin,limping,0.038,0.35,1
79,25,1,sesgada_4nm,200,100,evento,4,mm,ar1,0.038,0.1,1
79,25,1,sesgada_4nm,200,100,evento,4,mm,limping,0.038,0.35,1
79,25,1,sesgada_4nm,200,100,evento,4,pt,ar1,0.038,0.1,1
79,25,1,sesgada_4nm,200,100,evento,4,pt,limping,0.038,0.35,1
79,25,1,sesgada_4nm,200,100,evento,4,nsb,ar1,0.04,0.1,1
79,25,1,sesgada_4nm,200,100,evento,4,nsb,limping,0.04,0.35,1
79,25,1,sesgada_4nm,200,100,paso,4,plugin,ar1,0.042,,0.068
79,25,1,sesgada_4nm,200,100,paso,4,plugin,limping,0.042,,0.058
79,25,1,sesgada_4nm,200,100,paso,4,mm,ar1,0.042,,0.068
79,25,1,sesgada_4nm,200,100,paso,4,mm,limping,0.042,,0.058
79,25,1,sesgada_4nm,200,100,paso,4,pt,ar1,0.042,,0.068
79,25,1,sesgada_4nm,200,100,paso,4,pt,limping,0.042,,0.058
79,25,1,sesgada_4nm,200,100,paso,4,nsb,ar1,0.044,,0.068
79,25,1,sesgada_4nm,200,100,paso,4,nsb,limping,0.044,,0.058
79,25,1,sesgada_4nm,200,100,paso,8,plugin,ar1,0.042,,0.068
79,25,1,sesgada_4nm,200,100,paso,8,plugin,limping,0.042,,0.058
79,25,1,sesgada_4nm,200,100,paso,8,mm,ar1,0.042,,0.068
79,25,1,sesgada_4nm,200,100,paso,8,mm,limping,0.042,,0.058
79,25,1,sesgada_4nm,200,100,paso,8,pt,ar1,0.042,,0.068
79,25,1,sesgada_4nm,200,100,paso,8,pt,limping,0.042,,0.058
79,25,1,sesgada_4nm,200,100,paso,8,nsb,ar1,0.044,,0.068
79,25,1,sesgada_4nm,200,100,paso,8,nsb,limping,0.044,,0.058
80,25,1,sesgada_4nm,200,300,evento,4,plugin,ar1,0.044,0.05,1
80,25,1,sesgada_4nm,200,300,evento,4,plugin,limping,0.044,0.2,1
80,25,1,sesgada_4nm,200,300,evento,4,mm,ar1,0.044,0.05,1
80,25,1,sesgada_4nm,200,300,evento,4,mm,limping,0.044,0.2,1
80,25,1,sesgada_4nm,200,300,evento,4,pt,ar1,0.044,0.05,1
80,25,1,sesgada_4nm,200,300,evento,4,pt,limping,0.044,0.2,1
80,25,1,sesgada_4nm,200,300,evento,4,nsb,ar1,0.044,0.05,1
80,25,1,sesgada_4nm,200,300,evento,4,nsb,limping,0.044,0.2,1
80,25,1,sesgada_4nm,200,300,paso,4,plugin,ar1,0.05,,0.06
80,25,1,sesgada_4nm,200,300,paso,4,plugin,limping,0.05,,0.062
80,25,1,sesgada_4nm,200,300,paso,4,mm,ar1,0.05,,0.06
80,25,1,sesgada_4nm,200,300,paso,4,mm,limping,0.05,,0.062
80,25,1,sesgada_4nm,200,300,paso,4,pt,ar1,0.05,,0.06
80,25,1,sesgada_4nm,200,300,paso,4,pt,limping,0.05,,0.062
80,25,1,sesgada_4nm,200,300,paso,4,nsb,ar1,0.048,,0.06
80,25,1,sesgada_4nm,200,300,paso,4,nsb,limping,0.048,,0.062
80,25,1,sesgada_4nm,200,300,paso,8,plugin,ar1,0.05,,0.06
80,25,1,sesgada_4nm,200,300,paso,8,plugin,limping,0.05,,0.062
80,25,1,sesgada_4nm,200,300,paso,8,mm,ar1,0.05,,0.06
80,25,1,sesgada_4nm,200,300,paso,8,mm,limping,0.05,,0.062
80,25,1,sesgada_4nm,200,300,paso,8,pt,ar1,0.05,,0.06
80,25,1,sesgada_4nm,200,300,paso,8,pt,limping,0.05,,0.062
80,25,1,sesgada_4nm,200,300,paso,8,nsb,ar1,0.048,,0.06
80,25,1,sesgada_4nm,200,300,paso,8,nsb,limping,0.048,,0.062
81,25,2,dominante_8nm,50,50,evento,8,plugin,ar1,0.048,0.2,1
81,25,2,dominante_8nm,50,50,evento,8,plugin,limping,0.048,0.35,1
81,25,2,dominante_8nm,50,50,evento,8,pt,ar1,0.048,0.2,1
81,25,2,dominante_8nm,50,50,evento,8,pt,limping,0.048,0.35,1
81,25,2,dominante_8nm,50,50,dwell,8,plugin,ar1,0.05,0.2,1
81,25,2,dominante_8nm,50,50,dwell,8,plugin,limping,0.05,0.35,1
81,25,2,dominante_8nm,50,50,dwell,8,mm,ar1,0.05,0.2,1
81,25,2,dominante_8nm,50,50,dwell,8,mm,limping,0.05,0.35,1
81,25,2,dominante_8nm,50,50,dwell,8,pt,ar1,0.05,0.2,1
81,25,2,dominante_8nm,50,50,dwell,8,pt,limping,0.05,0.35,1
81,25,2,dominante_8nm,50,50,dwell,8,nsb,ar1,0.046,0.2,1
81,25,2,dominante_8nm,50,50,dwell,8,nsb,limping,0.046,0.35,1
82,25,2,dominante_8nm,50,100,evento,4,plugin,ar1,0.04,0.2,1
82,25,2,dominante_8nm,50,100,evento,4,plugin,limping,0.04,0.35,1
82,25,2,dominante_8nm,50,100,evento,4,mm,ar1,0.042,0.2,1
82,25,2,dominante_8nm,50,100,evento,4,mm,limping,0.042,0.35,1
82,25,2,dominante_8nm,50,100,evento,4,pt,ar1,0.042,0.2,1
82,25,2,dominante_8nm,50,100,evento,4,pt,limping,0.042,0.35,1
82,25,2,dominante_8nm,50,100,evento,4,nsb,ar1,0.046,0.2,1
82,25,2,dominante_8nm,50,100,evento,4,nsb,limping,0.046,0.35,1
82,25,2,dominante_8nm,50,100,evento,8,plugin,ar1,0.026,0.2,1
82,25,2,dominante_8nm,50,100,evento,8,plugin,limping,0.026,0.35,1
82,25,2,dominante_8nm,50,100,evento,8,mm,ar1,0.026,0.2,1
82,25,2,dominante_8nm,50,100,evento,8,mm,limping,0.026,0.35,1
82,25,2,dominante_8nm,50,100,evento,8,pt,ar1,0.026,0.2,1
82,25,2,dominante_8nm,50,100,evento,8,pt,limping,0.026,0.35,1
82,25,2,dominante_8nm,50,100,evento,8,nsb,ar1,0.024,0.2,1
82,25,2,dominante_8nm,50,100,evento,8,nsb,limping,0.024,0.35,1
82,25,2,dominante_8nm,50,100,dwell,8,plugin,ar1,0.034,0.1,1
82,25,2,dominante_8nm,50,100,dwell,8,plugin,limping,0.034,0.35,1
82,25,2,dominante_8nm,50,100,dwell,8,mm,ar1,0.034,0.1,1
82,25,2,dominante_8nm,50,100,dwell,8,mm,limping,0.034,0.35,1
82,25,2,dominante_8nm,50,100,dwell,8,pt,ar1,0.034,0.1,1
82,25,2,dominante_8nm,50,100,dwell,8,pt,limping,0.034,0.35,1
82,25,2,dominante_8nm,50,100,dwell,8,nsb,ar1,0.03,0.1,1
82,25,2,dominante_8nm,50,100,dwell,8,nsb,limping,0.03,0.35,1
82,25,2,dominante_8nm,50,100,paso,4,plugin,ar1,0.022,,0.062
82,25,2,dominante_8nm,50,100,paso,4,plugin,limping,0.022,,0.054
82,25,2,dominante_8nm,50,100,paso,4,mm,ar1,0.022,,0.062
82,25,2,dominante_8nm,50,100,paso,4,mm,limping,0.022,,0.054
82,25,2,dominante_8nm,50,100,paso,4,pt,ar1,0.022,,0.062
82,25,2,dominante_8nm,50,100,paso,4,pt,limping,0.022,,0.054
82,25,2,dominante_8nm,50,100,paso,4,nsb,ar1,0.022,,0.058
82,25,2,dominante_8nm,50,100,paso,4,nsb,limping,0.022,,0.054
82,25,2,dominante_8nm,50,100,paso,8,plugin,ar1,0.022,,0.062
82,25,2,dominante_8nm,50,100,paso,8,plugin,limping,0.022,,0.054
82,25,2,dominante_8nm,50,100,paso,8,mm,ar1,0.022,,0.062
82,25,2,dominante_8nm,50,100,paso,8,mm,limping,0.022,,0.054
82,25,2,dominante_8nm,50,100,paso,8,pt,ar1,0.022,,0.062
82,25,2,dominante_8nm,50,100,paso,8,pt,limping,0.022,,0.054
82,25,2,dominante_8nm,50,100,paso,8,nsb,ar1,0.022,,0.058
82,25,2,dominante_8nm,50,100,paso,8,nsb,limping,0.022,,0.054
82,25,2,dominante_8nm,50,100,dwell_paso,4,plugin,ar1,0.042,,0.06
82,25,2,dominante_8nm,50,100,dwell_paso,4,plugin,limping,0.042,,0.072
82,25,2,dominante_8nm,50,100,dwell_paso,4,mm,ar1,0.042,,0.06
82,25,2,dominante_8nm,50,100,dwell_paso,4,mm,limping,0.042,,0.072
82,25,2,dominante_8nm,50,100,dwell_paso,4,pt,ar1,0.042,,0.06
82,25,2,dominante_8nm,50,100,dwell_paso,4,pt,limping,0.042,,0.072
82,25,2,dominante_8nm,50,100,dwell_paso,4,nsb,ar1,0.044,,0.06
82,25,2,dominante_8nm,50,100,dwell_paso,4,nsb,limping,0.044,,0.072
82,25,2,dominante_8nm,50,100,dwell_paso,8,plugin,ar1,0.034,,0.07
82,25,2,dominante_8nm,50,100,dwell_paso,8,plugin,limping,0.034,,0.064
82,25,2,dominante_8nm,50,100,dwell_paso,8,mm,ar1,0.034,,0.07
82,25,2,dominante_8nm,50,100,dwell_paso,8,mm,limping,0.034,,0.064
82,25,2,dominante_8nm,50,100,dwell_paso,8,pt,ar1,0.034,,0.07
82,25,2,dominante_8nm,50,100,dwell_paso,8,pt,limping,0.034,,0.064
82,25,2,dominante_8nm,50,100,dwell_paso,8,nsb,ar1,0.034,,0.07
82,25,2,dominante_8nm,50,100,dwell_paso,8,nsb,limping,0.034,,0.064
83,25,2,dominante_8nm,50,300,evento,4,plugin,ar1,0.044,0.1,1
83,25,2,dominante_8nm,50,300,evento,4,plugin,limping,0.044,0.2,1
83,25,2,dominante_8nm,50,300,evento,4,mm,ar1,0.044,0.1,1
83,25,2,dominante_8nm,50,300,evento,4,mm,limping,0.044,0.2,1
83,25,2,dominante_8nm,50,300,evento,4,pt,ar1,0.044,0.1,1
83,25,2,dominante_8nm,50,300,evento,4,pt,limping,0.044,0.2,1
83,25,2,dominante_8nm,50,300,evento,4,nsb,ar1,0.042,0.1,1
83,25,2,dominante_8nm,50,300,evento,4,nsb,limping,0.042,0.2,1
83,25,2,dominante_8nm,50,300,evento,8,nsb,ar1,0.05,0.1,1
83,25,2,dominante_8nm,50,300,evento,8,nsb,limping,0.05,0.35,1
83,25,2,dominante_8nm,50,300,dwell,4,plugin,ar1,0.048,0.05,1
83,25,2,dominante_8nm,50,300,dwell,4,plugin,limping,0.048,0.2,1
83,25,2,dominante_8nm,50,300,dwell,4,mm,ar1,0.048,0.05,1
83,25,2,dominante_8nm,50,300,dwell,4,mm,limping,0.048,0.2,1
83,25,2,dominante_8nm,50,300,dwell,4,pt,ar1,0.048,0.05,1
83,25,2,dominante_8nm,50,300,dwell,4,pt,limping,0.048,0.2,1
83,25,2,dominante_8nm,50,300,dwell,4,nsb,ar1,0.05,0.05,1
83,25,2,dominante_8nm,50,300,dwell,4,nsb,limping,0.05,0.2,1
83,25,2,dominante_8nm,50,300,dwell,8,plugin,ar1,0.042,0.05,1
83,25,2,dominante_8nm,50,300,dwell,8,plugin,limping,0.042,0.2,1
83,25,2,dominante_8nm,50,300,dwell,8,mm,ar1,0.042,0.05,1
83,25,2,dominante_8nm,50,300,dwell,8,mm,limping,0.042,0.2,1
83,25,2,dominante_8nm,50,300,dwell,8,pt,ar1,0.042,0.05,1
83,25,2,dominante_8nm,50,300,dwell,8,pt,limping,0.042,0.2,1
83,25,2,dominante_8nm,50,300,dwell,8,nsb,ar1,0.044,0.05,1
83,25,2,dominante_8nm,50,300,dwell,8,nsb,limping,0.044,0.2,1
83,25,2,dominante_8nm,50,300,dwell_paso,4,plugin,ar1,0.048,,0.056
83,25,2,dominante_8nm,50,300,dwell_paso,4,plugin,limping,0.048,,0.058
83,25,2,dominante_8nm,50,300,dwell_paso,4,mm,ar1,0.048,,0.056
83,25,2,dominante_8nm,50,300,dwell_paso,4,mm,limping,0.048,,0.058
83,25,2,dominante_8nm,50,300,dwell_paso,4,pt,ar1,0.048,,0.056
83,25,2,dominante_8nm,50,300,dwell_paso,4,pt,limping,0.048,,0.058
83,25,2,dominante_8nm,50,300,dwell_paso,4,nsb,ar1,0.048,,0.054
83,25,2,dominante_8nm,50,300,dwell_paso,4,nsb,limping,0.048,,0.058
83,25,2,dominante_8nm,50,300,dwell_paso,8,plugin,ar1,0.042,,0.058
83,25,2,dominante_8nm,50,300,dwell_paso,8,plugin,limping,0.042,,0.056
83,25,2,dominante_8nm,50,300,dwell_paso,8,mm,ar1,0.042,,0.058
83,25,2,dominante_8nm,50,300,dwell_paso,8,mm,limping,0.042,,0.056
83,25,2,dominante_8nm,50,300,dwell_paso,8,pt,ar1,0.042,,0.058
83,25,2,dominante_8nm,50,300,dwell_paso,8,pt,limping,0.042,,0.056
83,25,2,dominante_8nm,50,300,dwell_paso,8,nsb,ar1,0.042,,0.058
83,25,2,dominante_8nm,50,300,dwell_paso,8,nsb,limping,0.042,,0.058
84,25,2,dominante_8nm,100,50,evento,4,plugin,ar1,0.05,0.2,1
84,25,2,dominante_8nm,100,50,evento,4,plugin,limping,0.05,0.35,1
84,25,2,dominante_8nm,100,50,evento,4,mm,ar1,0.05,0.2,1
84,25,2,dominante_8nm,100,50,evento,4,mm,limping,0.05,0.35,1
84,25,2,dominante_8nm,100,50,evento,4,pt,ar1,0.05,0.2,1
84,25,2,dominante_8nm,100,50,evento,4,pt,limping,0.05,0.35,1
84,25,2,dominante_8nm,100,50,evento,4,nsb,ar1,0.048,0.2,1
84,25,2,dominante_8nm,100,50,evento,4,nsb,limping,0.048,0.35,1
84,25,2,dominante_8nm,100,50,evento,8,plugin,ar1,0.028,0.2,1
84,25,2,dominante_8nm,100,50,evento,8,plugin,limping,0.028,0.35,1
84,25,2,dominante_8nm,100,50,evento,8,mm,ar1,0.034,0.2,1
84,25,2,dominante_8nm,100,50,evento,8,mm,limping,0.034,0.35,1
84,25,2,dominante_8nm,100,50,evento,8,pt,ar1,0.028,0.2,1
84,25,2,dominante_8nm,100,50,evento,8,pt,limping,0.028,0.35,1
84,25,2,dominante_8nm,100,50,evento,8,nsb,ar1,0.036,0.2,1
84,25,2,dominante_8nm,100,50,evento,8,nsb,limping,0.036,0.35,1
84,25,2,dominante_8nm,100,50,dwell,4,plugin,ar1,0.042,0.1,1
84,25,2,dominante_8nm,100,50,dwell,4,plugin,limping,0.042,0.2,1
84,25,2,dominante_8nm,100,50,dwell,4,mm,ar1,0.042,0.1,1
84,25,2,dominante_8nm,100,50,dwell,4,mm,limping,0.042,0.2,1
84,25,2,dominante_8nm,100,50,dwell,4,pt,ar1,0.042,0.1,1
84,25,2,dominante_8nm,100,50,dwell,4,pt,limping,0.042,0.2,1
84,25,2,dominante_8nm,100,50,dwell,4,nsb,ar1,0.042,0.1,1
84,25,2,dominante_8nm,100,50,dwell,4,nsb,limping,0.042,0.2,1
84,25,2,dominante_8nm,100,50,dwell,8,plugin,ar1,0.036,0.1,1
84,25,2,dominante_8nm,100,50,dwell,8,plugin,limping,0.036,0.35,1
84,25,2,dominante_8nm,100,50,dwell,8,mm,ar1,0.036,0.1,1
84,25,2,dominante_8nm,100,50,dwell,8,mm,limping,0.036,0.35,1
84,25,2,dominante_8nm,100,50,dwell,8,pt,ar1,0.036,0.1,1
84,25,2,dominante_8nm,100,50,dwell,8,pt,limping,0.036,0.35,1
84,25,2,dominante_8nm,100,50,dwell,8,nsb,ar1,0.04,0.1,1
84,25,2,dominante_8nm,100,50,dwell,8,nsb,limping,0.04,0.35,1
84,25,2,dominante_8nm,100,50,paso,4,plugin,ar1,0.048,,0.062
84,25,2,dominante_8nm,100,50,paso,4,plugin,limping,0.048,,0.056
84,25,2,dominante_8nm,100,50,paso,4,mm,ar1,0.048,,0.062
84,25,2,dominante_8nm,100,50,paso,4,mm,limping,0.048,,0.056
84,25,2,dominante_8nm,100,50,paso,4,pt,ar1,0.048,,0.062
84,25,2,dominante_8nm,100,50,paso,4,pt,limping,0.048,,0.056
84,25,2,dominante_8nm,100,50,paso,4,nsb,ar1,0.048,,0.06
84,25,2,dominante_8nm,100,50,paso,4,nsb,limping,0.048,,0.052
84,25,2,dominante_8nm,100,50,paso,8,plugin,ar1,0.048,,0.062
84,25,2,dominante_8nm,100,50,paso,8,plugin,limping,0.048,,0.056
84,25,2,dominante_8nm,100,50,paso,8,mm,ar1,0.048,,0.062
84,25,2,dominante_8nm,100,50,paso,8,mm,limping,0.048,,0.056
84,25,2,dominante_8nm,100,50,paso,8,pt,ar1,0.048,,0.062
84,25,2,dominante_8nm,100,50,paso,8,pt,limping,0.048,,0.056
84,25,2,dominante_8nm,100,50,paso,8,nsb,ar1,0.048,,0.06
84,25,2,dominante_8nm,100,50,paso,8,nsb,limping,0.048,,0.052
84,25,2,dominante_8nm,100,50,dwell_paso,4,plugin,ar1,0.04,,0.07
84,25,2,dominante_8nm,100,50,dwell_paso,4,plugin,limping,0.04,,0.056
84,25,2,dominante_8nm,100,50,dwell_paso,4,mm,ar1,0.04,,0.07
84,25,2,dominante_8nm,100,50,dwell_paso,4,mm,limping,0.04,,0.056
84,25,2,dominante_8nm,100,50,dwell_paso,4,pt,ar1,0.04,,0.07
84,25,2,dominante_8nm,100,50,dwell_paso,4,pt,limping,0.04,,0.056
84,25,2,dominante_8nm,100,50,dwell_paso,4,nsb,ar1,0.04,,0.07
84,25,2,dominante_8nm,100,50,dwell_paso,4,nsb,limping,0.04,,0.056
84,25,2,dominante_8nm,100,50,dwell_paso,8,plugin,ar1,0.04,,0.062
84,25,2,dominante_8nm,100,50,dwell_paso,8,plugin,limping,0.04,,0.06
84,25,2,dominante_8nm,100,50,dwell_paso,8,mm,ar1,0.04,,0.062
84,25,2,dominante_8nm,100,50,dwell_paso,8,mm,limping,0.04,,0.06
84,25,2,dominante_8nm,100,50,dwell_paso,8,pt,ar1,0.04,,0.062
84,25,2,dominante_8nm,100,50,dwell_paso,8,pt,limping,0.04,,0.06
84,25,2,dominante_8nm,100,50,dwell_paso,8,nsb,ar1,0.04,,0.062
84,25,2,dominante_8nm,100,50,dwell_paso,8,nsb,limping,0.04,,0.062
85,25,2,dominante_8nm,100,100,evento,4,plugin,ar1,0.046,0.1,1
85,25,2,dominante_8nm,100,100,evento,4,plugin,limping,0.046,0.35,1
85,25,2,dominante_8nm,100,100,evento,4,mm,ar1,0.046,0.1,1
85,25,2,dominante_8nm,100,100,evento,4,mm,limping,0.046,0.35,1
85,25,2,dominante_8nm,100,100,evento,4,pt,ar1,0.046,0.1,1
85,25,2,dominante_8nm,100,100,evento,4,pt,limping,0.046,0.35,1
85,25,2,dominante_8nm,100,100,evento,4,nsb,ar1,0.042,0.1,1
85,25,2,dominante_8nm,100,100,evento,4,nsb,limping,0.042,0.35,1
85,25,2,dominante_8nm,100,100,evento,8,plugin,ar1,0.05,0.2,1
85,25,2,dominante_8nm,100,100,evento,8,plugin,limping,0.05,0.35,1
85,25,2,dominante_8nm,100,100,evento,8,mm,ar1,0.048,0.2,1
85,25,2,dominante_8nm,100,100,evento,8,mm,limping,0.048,0.35,1
85,25,2,dominante_8nm,100,100,evento,8,pt,ar1,0.05,0.2,1
85,25,2,dominante_8nm,100,100,evento,8,pt,limping,0.05,0.35,1
85,25,2,dominante_8nm,100,100,evento,8,nsb,ar1,0.048,0.2,1
85,25,2,dominante_8nm,100,100,evento,8,nsb,limping,0.048,0.35,1
85,25,2,dominante_8nm,100,100,paso,4,plugin,ar1,0.046,,0.058
85,25,2,dominante_8nm,100,100,paso,4,plugin,limping,0.046,,0.068
85,25,2,dominante_8nm,100,100,paso,4,mm,ar1,0.046,,0.058
85,25,2,dominante_8nm,100,100,paso,4,mm,limping,0.046,,0.068
85,25,2,dominante_8nm,100,100,paso,4,pt,ar1,0.046,,0.058
85,25,2,dominante_8nm,100,100,paso,4,pt,limping,0.046,,0.068
85,25,2,dominante_8nm,100,100,paso,4,nsb,ar1,0.046,,0.056
85,25,2,dominante_8nm,100,100,paso,4,nsb,limping,0.046,,0.068
85,25,2,dominante_8nm,100,100,paso,8,plugin,ar1,0.046,,0.058
85,25,2,dominante_8nm,100,100,paso,8,plugin,limping,0.046,,0.068
85,25,2,dominante_8nm,100,100,paso,8,mm,ar1,0.046,,0.058
85,25,2,dominante_8nm,100,100,paso,8,mm,limping,0.046,,0.068
85,25,2,dominante_8nm,100,100,paso,8,pt,ar1,0.046,,0.058
85,25,2,dominante_8nm,100,100,paso,8,pt,limping,0.046,,0.068
85,25,2,dominante_8nm,100,100,paso,8,nsb,ar1,0.046,,0.056
85,25,2,dominante_8nm,100,100,paso,8,nsb,limping,0.046,,0.068
86,25,2,dominante_8nm,100,300,evento,4,plugin,ar1,0.05,0.05,1
86,25,2,dominante_8nm,100,300,evento,4,plugin,limping,0.05,0.2,1
86,25,2,dominante_8nm,100,300,evento,4,mm,ar1,0.05,0.05,1
86,25,2,dominante_8nm,100,300,evento,4,mm,limping,0.05,0.2,1
86,25,2,dominante_8nm,100,300,evento,4,pt,ar1,0.05,0.05,1
86,25,2,dominante_8nm,100,300,evento,4,pt,limping,0.05,0.2,1
86,25,2,dominante_8nm,100,300,evento,4,nsb,ar1,0.05,0.05,1
86,25,2,dominante_8nm,100,300,evento,4,nsb,limping,0.05,0.2,1
86,25,2,dominante_8nm,100,300,evento,8,plugin,ar1,0.044,0.1,1
86,25,2,dominante_8nm,100,300,evento,8,plugin,limping,0.044,0.2,1
86,25,2,dominante_8nm,100,300,evento,8,mm,ar1,0.044,0.1,1
86,25,2,dominante_8nm,100,300,evento,8,mm,limping,0.044,0.2,1
86,25,2,dominante_8nm,100,300,evento,8,pt,ar1,0.044,0.1,1
86,25,2,dominante_8nm,100,300,evento,8,pt,limping,0.044,0.2,1
86,25,2,dominante_8nm,100,300,evento,8,nsb,ar1,0.05,0.1,1
86,25,2,dominante_8nm,100,300,evento,8,nsb,limping,0.05,0.2,1
86,25,2,dominante_8nm,100,300,dwell,4,plugin,ar1,0.048,0.05,1
86,25,2,dominante_8nm,100,300,dwell,4,plugin,limping,0.048,0.2,1
86,25,2,dominante_8nm,100,300,dwell,4,mm,ar1,0.048,0.05,1
86,25,2,dominante_8nm,100,300,dwell,4,mm,limping,0.048,0.2,1
86,25,2,dominante_8nm,100,300,dwell,4,pt,ar1,0.048,0.05,1
86,25,2,dominante_8nm,100,300,dwell,4,pt,limping,0.048,0.2,1
86,25,2,dominante_8nm,100,300,dwell,4,nsb,ar1,0.046,0.05,1
86,25,2,dominante_8nm,100,300,dwell,4,nsb,limping,0.046,0.2,1
86,25,2,dominante_8nm,100,300,dwell,8,plugin,ar1,0.05,0.05,1
86,25,2,dominante_8nm,100,300,dwell,8,plugin,limping,0.05,0.2,1
86,25,2,dominante_8nm,100,300,dwell,8,mm,ar1,0.05,0.05,1
86,25,2,dominante_8nm,100,300,dwell,8,mm,limping,0.05,0.2,1
86,25,2,dominante_8nm,100,300,dwell,8,pt,ar1,0.05,0.05,1
86,25,2,dominante_8nm,100,300,dwell,8,pt,limping,0.05,0.2,1
86,25,2,dominante_8nm,100,300,dwell,8,nsb,ar1,0.048,0.05,1
86,25,2,dominante_8nm,100,300,dwell,8,nsb,limping,0.048,0.2,1
86,25,2,dominante_8nm,100,300,paso,4,plugin,ar1,0.042,,0.052
86,25,2,dominante_8nm,100,300,paso,4,plugin,limping,0.042,,0.054
86,25,2,dominante_8nm,100,300,paso,4,mm,ar1,0.042,,0.052
86,25,2,dominante_8nm,100,300,paso,4,mm,limping,0.042,,0.054
86,25,2,dominante_8nm,100,300,paso,4,pt,ar1,0.042,,0.052
86,25,2,dominante_8nm,100,300,paso,4,pt,limping,0.042,,0.054
86,25,2,dominante_8nm,100,300,paso,4,nsb,ar1,0.042,,0.052
86,25,2,dominante_8nm,100,300,paso,4,nsb,limping,0.042,,0.052
86,25,2,dominante_8nm,100,300,paso,8,plugin,ar1,0.042,,0.052
86,25,2,dominante_8nm,100,300,paso,8,plugin,limping,0.042,,0.054
86,25,2,dominante_8nm,100,300,paso,8,mm,ar1,0.042,,0.052
86,25,2,dominante_8nm,100,300,paso,8,mm,limping,0.042,,0.054
86,25,2,dominante_8nm,100,300,paso,8,pt,ar1,0.042,,0.052
86,25,2,dominante_8nm,100,300,paso,8,pt,limping,0.042,,0.054
86,25,2,dominante_8nm,100,300,paso,8,nsb,ar1,0.042,,0.052
86,25,2,dominante_8nm,100,300,paso,8,nsb,limping,0.042,,0.052
87,25,2,dominante_8nm,200,50,evento,4,plugin,ar1,0.038,0.1,1
87,25,2,dominante_8nm,200,50,evento,4,plugin,limping,0.038,0.35,1
87,25,2,dominante_8nm,200,50,evento,4,mm,ar1,0.038,0.1,1
87,25,2,dominante_8nm,200,50,evento,4,mm,limping,0.038,0.35,1
87,25,2,dominante_8nm,200,50,evento,4,pt,ar1,0.038,0.1,1
87,25,2,dominante_8nm,200,50,evento,4,pt,limping,0.038,0.35,1
87,25,2,dominante_8nm,200,50,evento,4,nsb,ar1,0.038,0.1,1
87,25,2,dominante_8nm,200,50,evento,4,nsb,limping,0.038,0.35,1
87,25,2,dominante_8nm,200,50,evento,8,plugin,ar1,0.048,0.2,1
87,25,2,dominante_8nm,200,50,evento,8,plugin,limping,0.048,0.35,1
87,25,2,dominante_8nm,200,50,evento,8,pt,ar1,0.048,0.2,1
87,25,2,dominante_8nm,200,50,evento,8,pt,limping,0.048,0.35,1
87,25,2,dominante_8nm,200,50,dwell_paso,4,plugin,ar1,0.044,,0.06
87,25,2,dominante_8nm,200,50,dwell_paso,4,plugin,limping,0.044,,0.066
87,25,2,dominante_8nm,200,50,dwell_paso,4,mm,ar1,0.044,,0.06
87,25,2,dominante_8nm,200,50,dwell_paso,4,mm,limping,0.044,,0.066
87,25,2,dominante_8nm,200,50,dwell_paso,4,pt,ar1,0.044,,0.06
87,25,2,dominante_8nm,200,50,dwell_paso,4,pt,limping,0.044,,0.066
87,25,2,dominante_8nm,200,50,dwell_paso,4,nsb,ar1,0.044,,0.06
87,25,2,dominante_8nm,200,50,dwell_paso,4,nsb,limping,0.044,,0.066
87,25,2,dominante_8nm,200,50,dwell_paso,8,plugin,ar1,0.036,,0.066
87,25,2,dominante_8nm,200,50,dwell_paso,8,plugin,limping,0.036,,0.066
87,25,2,dominante_8nm,200,50,dwell_paso,8,mm,ar1,0.036,,0.066
87,25,2,dominante_8nm,200,50,dwell_paso,8,mm,limping,0.036,,0.066
87,25,2,dominante_8nm,200,50,dwell_paso,8,pt,ar1,0.036,,0.066
87,25,2,dominante_8nm,200,50,dwell_paso,8,pt,limping,0.036,,0.066
87,25,2,dominante_8nm,200,50,dwell_paso,8,nsb,ar1,0.036,,0.066
87,25,2,dominante_8nm,200,50,dwell_paso,8,nsb,limping,0.036,,0.066
88,25,2,dominante_8nm,200,100,evento,4,plugin,ar1,0.05,0.1,1
88,25,2,dominante_8nm,200,100,evento,4,plugin,limping,0.05,0.2,1
88,25,2,dominante_8nm,200,100,evento,4,mm,ar1,0.05,0.1,1
88,25,2,dominante_8nm,200,100,evento,4,mm,limping,0.05,0.2,1
88,25,2,dominante_8nm,200,100,evento,4,pt,ar1,0.05,0.1,1
88,25,2,dominante_8nm,200,100,evento,4,pt,limping,0.05,0.2,1
88,25,2,dominante_8nm,200,100,evento,4,nsb,ar1,0.05,0.1,1
88,25,2,dominante_8nm,200,100,evento,4,nsb,limping,0.05,0.2,1
88,25,2,dominante_8nm,200,100,dwell,4,plugin,ar1,0.048,0.05,1
88,25,2,dominante_8nm,200,100,dwell,4,plugin,limping,0.048,0.2,1
88,25,2,dominante_8nm,200,100,dwell,4,mm,ar1,0.048,0.05,1
88,25,2,dominante_8nm,200,100,dwell,4,mm,limping,0.048,0.2,1
88,25,2,dominante_8nm,200,100,dwell,4,pt,ar1,0.048,0.05,1
88,25,2,dominante_8nm,200,100,dwell,4,pt,limping,0.048,0.2,1
88,25,2,dominante_8nm,200,100,dwell,4,nsb,ar1,0.048,0.05,1
88,25,2,dominante_8nm,200,100,dwell,4,nsb,limping,0.048,0.2,1
88,25,2,dominante_8nm,200,100,dwell,8,plugin,ar1,0.046,0.05,1
88,25,2,dominante_8nm,200,100,dwell,8,plugin,limping,0.046,0.2,1
88,25,2,dominante_8nm,200,100,dwell,8,mm,ar1,0.046,0.05,1
88,25,2,dominante_8nm,200,100,dwell,8,mm,limping,0.046,0.2,1
88,25,2,dominante_8nm,200,100,dwell,8,pt,ar1,0.046,0.05,1
88,25,2,dominante_8nm,200,100,dwell,8,pt,limping,0.046,0.2,1
88,25,2,dominante_8nm,200,100,dwell,8,nsb,ar1,0.044,0.05,1
88,25,2,dominante_8nm,200,100,dwell,8,nsb,limping,0.044,0.2,1
88,25,2,dominante_8nm,200,100,paso,4,plugin,ar1,0.046,,0.058
88,25,2,dominante_8nm,200,100,paso,4,plugin,limping,0.046,,0.064
88,25,2,dominante_8nm,200,100,paso,4,mm,ar1,0.046,,0.058
88,25,2,dominante_8nm,200,100,paso,4,mm,limping,0.046,,0.064
88,25,2,dominante_8nm,200,100,paso,4,pt,ar1,0.046,,0.058
88,25,2,dominante_8nm,200,100,paso,4,pt,limping,0.046,,0.064
88,25,2,dominante_8nm,200,100,paso,4,nsb,ar1,0.046,,0.06
88,25,2,dominante_8nm,200,100,paso,4,nsb,limping,0.046,,0.07
88,25,2,dominante_8nm,200,100,paso,8,plugin,ar1,0.046,,0.058
88,25,2,dominante_8nm,200,100,paso,8,plugin,limping,0.046,,0.064
88,25,2,dominante_8nm,200,100,paso,8,mm,ar1,0.046,,0.058
88,25,2,dominante_8nm,200,100,paso,8,mm,limping,0.046,,0.064
88,25,2,dominante_8nm,200,100,paso,8,pt,ar1,0.046,,0.058
88,25,2,dominante_8nm,200,100,paso,8,pt,limping,0.046,,0.064
88,25,2,dominante_8nm,200,100,paso,8,nsb,ar1,0.046,,0.06
88,25,2,dominante_8nm,200,100,paso,8,nsb,limping,0.046,,0.07
88,25,2,dominante_8nm,200,100,dwell_paso,4,plugin,ar1,0.046,,0.06
88,25,2,dominante_8nm,200,100,dwell_paso,4,plugin,limping,0.046,,0.072
88,25,2,dominante_8nm,200,100,dwell_paso,4,mm,ar1,0.046,,0.06
88,25,2,dominante_8nm,200,100,dwell_paso,4,mm,limping,0.046,,0.072
88,25,2,dominante_8nm,200,100,dwell_paso,4,pt,ar1,0.046,,0.06
88,25,2,dominante_8nm,200,100,dwell_paso,4,pt,limping,0.046,,0.072
88,25,2,dominante_8nm,200,100,dwell_paso,4,nsb,ar1,0.044,,0.06
88,25,2,dominante_8nm,200,100,dwell_paso,4,nsb,limping,0.044,,0.072
88,25,2,dominante_8nm,200,100,dwell_paso,8,plugin,ar1,0.04,,0.062
88,25,2,dominante_8nm,200,100,dwell_paso,8,plugin,limping,0.04,,0.056
88,25,2,dominante_8nm,200,100,dwell_paso,8,mm,ar1,0.04,,0.062
88,25,2,dominante_8nm,200,100,dwell_paso,8,mm,limping,0.04,,0.056
88,25,2,dominante_8nm,200,100,dwell_paso,8,pt,ar1,0.04,,0.062
88,25,2,dominante_8nm,200,100,dwell_paso,8,pt,limping,0.04,,0.056
88,25,2,dominante_8nm,200,100,dwell_paso,8,nsb,ar1,0.04,,0.062
88,25,2,dominante_8nm,200,100,dwell_paso,8,nsb,limping,0.04,,0.056
89,25,2,dominante_8nm,200,300,evento,4,plugin,ar1,0.044,0.05,1
89,25,2,dominante_8nm,200,300,evento,4,plugin,limping,0.044,0.2,1
89,25,2,dominante_8nm,200,300,evento,4,mm,ar1,0.044,0.05,1
89,25,2,dominante_8nm,200,300,evento,4,mm,limping,0.044,0.2,1
89,25,2,dominante_8nm,200,300,evento,4,pt,ar1,0.044,0.05,1
89,25,2,dominante_8nm,200,300,evento,4,pt,limping,0.044,0.2,1
89,25,2,dominante_8nm,200,300,evento,4,nsb,ar1,0.044,0.05,1
89,25,2,dominante_8nm,200,300,evento,4,nsb,limping,0.044,0.2,1
89,25,2,dominante_8nm,200,300,evento,8,plugin,ar1,0.05,0.05,1
89,25,2,dominante_8nm,200,300,evento,8,plugin,limping,0.05,0.2,1
89,25,2,dominante_8nm,200,300,evento,8,mm,ar1,0.05,0.05,1
89,25,2,dominante_8nm,200,300,evento,8,mm,limping,0.05,0.2,1
89,25,2,dominante_8nm,200,300,evento,8,pt,ar1,0.05,0.05,1
89,25,2,dominante_8nm,200,300,evento,8,pt,limping,0.05,0.2,1
89,25,2,dominante_8nm,200,300,dwell_paso,4,plugin,ar1,0.036,,0.056
89,25,2,dominante_8nm,200,300,dwell_paso,4,plugin,limping,0.036,,0.068
89,25,2,dominante_8nm,200,300,dwell_paso,4,mm,ar1,0.036,,0.056
89,25,2,dominante_8nm,200,300,dwell_paso,4,mm,limping,0.036,,0.068
89,25,2,dominante_8nm,200,300,dwell_paso,4,pt,ar1,0.036,,0.056
89,25,2,dominante_8nm,200,300,dwell_paso,4,pt,limping,0.036,,0.068
89,25,2,dominante_8nm,200,300,dwell_paso,4,nsb,ar1,0.036,,0.056
89,25,2,dominante_8nm,200,300,dwell_paso,4,nsb,limping,0.036,,0.068
89,25,2,dominante_8nm,200,300,dwell_paso,8,plugin,ar1,0.034,,0.06
89,25,2,dominante_8nm,200,300,dwell_paso,8,plugin,limping,0.034,,0.062
89,25,2,dominante_8nm,200,300,dwell_paso,8,mm,ar1,0.034,,0.06
89,25,2,dominante_8nm,200,300,dwell_paso,8,mm,limping,0.034,,0.062
89,25,2,dominante_8nm,200,300,dwell_paso,8,pt,ar1,0.034,,0.06
89,25,2,dominante_8nm,200,300,dwell_paso,8,pt,limping,0.034,,0.062
89,25,2,dominante_8nm,200,300,dwell_paso,8,nsb,ar1,0.034,,0.06
89,25,2,dominante_8nm,200,300,dwell_paso,8,nsb,limping,0.034,,0.062
90,25,2,equilibrada,50,50,evento,4,plugin,ar1,0.048,0.2,1
90,25,2,equilibrada,50,50,evento,4,plugin,limping,0.048,0.35,1
90,25,2,equilibrada,50,50,evento,4,mm,ar1,0.048,0.2,1
90,25,2,equilibrada,50,50,evento,4,mm,limping,0.048,0.35,1
90,25,2,equilibrada,50,50,evento,4,pt,ar1,0.048,0.2,1
90,25,2,equilibrada,50,50,evento,4,pt,limping,0.048,0.35,1
90,25,2,equilibrada,50,50,evento,4,nsb,ar1,0.048,0.2,1
90,25,2,equilibrada,50,50,evento,4,nsb,limping,0.048,0.35,1
90,25,2,equilibrada,50,50,evento,8,plugin,ar1,0.038,0.35,1
90,25,2,equilibrada,50,50,evento,8,plugin,limping,0.038,0.35,1
90,25,2,equilibrada,50,50,evento,8,mm,ar1,0.04,0.35,1
90,25,2,equilibrada,50,50,evento,8,mm,limping,0.04,0.35,1
90,25,2,equilibrada,50,50,evento,8,pt,ar1,0.038,0.35,1
90,25,2,equilibrada,50,50,evento,8,pt,limping,0.038,0.35,1
90,25,2,equilibrada,50,50,evento,8,nsb,ar1,0.04,0.35,1
90,25,2,equilibrada,50,50,evento,8,nsb,limping,0.04,0.35,1
90,25,2,equilibrada,50,50,dwell_paso,4,plugin,ar1,0.038,,0.064
90,25,2,equilibrada,50,50,dwell_paso,4,plugin,limping,0.038,,0.054
90,25,2,equilibrada,50,50,dwell_paso,4,mm,ar1,0.038,,0.064
90,25,2,equilibrada,50,50,dwell_paso,4,mm,limping,0.038,,0.054
90,25,2,equilibrada,50,50,dwell_paso,4,pt,ar1,0.038,,0.064
90,25,2,equilibrada,50,50,dwell_paso,4,pt,limping,0.038,,0.054
90,25,2,equilibrada,50,50,dwell_paso,4,nsb,ar1,0.04,,0.062
90,25,2,equilibrada,50,50,dwell_paso,4,nsb,limping,0.04,,0.056
90,25,2,equilibrada,50,50,dwell_paso,8,plugin,ar1,0.038,,0.066
90,25,2,equilibrada,50,50,dwell_paso,8,plugin,limping,0.038,,0.056
90,25,2,equilibrada,50,50,dwell_paso,8,mm,ar1,0.038,,0.066
90,25,2,equilibrada,50,50,dwell_paso,8,mm,limping,0.038,,0.056
90,25,2,equilibrada,50,50,dwell_paso,8,pt,ar1,0.038,,0.066
90,25,2,equilibrada,50,50,dwell_paso,8,pt,limping,0.038,,0.056
90,25,2,equilibrada,50,50,dwell_paso,8,nsb,ar1,0.038,,0.066
90,25,2,equilibrada,50,50,dwell_paso,8,nsb,limping,0.038,,0.056
91,25,2,equilibrada,50,100,evento,4,plugin,ar1,0.046,0.2,1
91,25,2,equilibrada,50,100,evento,4,plugin,limping,0.046,0.35,1
91,25,2,equilibrada,50,100,evento,4,mm,ar1,0.046,0.2,1
91,25,2,equilibrada,50,100,evento,4,mm,limping,0.046,0.35,1
91,25,2,equilibrada,50,100,evento,4,pt,ar1,0.046,0.2,1
91,25,2,equilibrada,50,100,evento,4,pt,limping,0.046,0.35,1
91,25,2,equilibrada,50,100,evento,4,nsb,ar1,0.046,0.2,1
91,25,2,equilibrada,50,100,evento,4,nsb,limping,0.046,0.35,1
91,25,2,equilibrada,50,100,evento,8,plugin,ar1,0.046,0.2,1
91,25,2,equilibrada,50,100,evento,8,plugin,limping,0.046,0.35,1
91,25,2,equilibrada,50,100,evento,8,mm,ar1,0.048,0.2,1
91,25,2,equilibrada,50,100,evento,8,mm,limping,0.048,0.35,1
91,25,2,equilibrada,50,100,evento,8,pt,ar1,0.048,0.2,1
91,25,2,equilibrada,50,100,evento,8,pt,limping,0.048,0.35,1
91,25,2,equilibrada,50,100,dwell,4,plugin,ar1,0.046,0.1,1
91,25,2,equilibrada,50,100,dwell,4,plugin,limping,0.046,0.2,1
91,25,2,equilibrada,50,100,dwell,4,mm,ar1,0.046,0.1,1
91,25,2,equilibrada,50,100,dwell,4,mm,limping,0.046,0.2,1
91,25,2,equilibrada,50,100,dwell,4,pt,ar1,0.046,0.1,1
91,25,2,equilibrada,50,100,dwell,4,pt,limping,0.046,0.2,1
91,25,2,equilibrada,50,100,dwell,4,nsb,ar1,0.046,0.1,1
91,25,2,equilibrada,50,100,dwell,4,nsb,limping,0.046,0.2,1
91,25,2,equilibrada,50,100,dwell,8,plugin,ar1,0.044,0.1,1
91,25,2,equilibrada,50,100,dwell,8,plugin,limping,0.044,0.35,1
91,25,2,equilibrada,50,100,dwell,8,mm,ar1,0.044,0.1,1
91,25,2,equilibrada,50,100,dwell,8,mm,limping,0.044,0.35,1
91,25,2,equilibrada,50,100,dwell,8,pt,ar1,0.044,0.1,1
91,25,2,equilibrada,50,100,dwell,8,pt,limping,0.044,0.35,1
91,25,2,equilibrada,50,100,dwell,8,nsb,ar1,0.042,0.1,1
91,25,2,equilibrada,50,100,dwell,8,nsb,limping,0.042,0.35,1
91,25,2,equilibrada,50,100,paso,4,plugin,ar1,0.044,,0.058
91,25,2,equilibrada,50,100,paso,4,plugin,limping,0.044,,0.064
91,25,2,equilibrada,50,100,paso,4,mm,ar1,0.044,,0.058
91,25,2,equilibrada,50,100,paso,4,mm,limping,0.044,,0.064
91,25,2,equilibrada,50,100,paso,4,pt,ar1,0.044,,0.058
91,25,2,equilibrada,50,100,paso,4,pt,limping,0.044,,0.064
91,25,2,equilibrada,50,100,paso,4,nsb,ar1,0.044,,0.058
91,25,2,equilibrada,50,100,paso,4,nsb,limping,0.044,,0.064
91,25,2,equilibrada,50,100,paso,8,plugin,ar1,0.044,,0.058
91,25,2,equilibrada,50,100,paso,8,plugin,limping,0.044,,0.064
91,25,2,equilibrada,50,100,paso,8,mm,ar1,0.044,,0.058
91,25,2,equilibrada,50,100,paso,8,mm,limping,0.044,,0.064
91,25,2,equilibrada,50,100,paso,8,pt,ar1,0.044,,0.058
91,25,2,equilibrada,50,100,paso,8,pt,limping,0.044,,0.064
91,25,2,equilibrada,50,100,paso,8,nsb,ar1,0.044,,0.058
91,25,2,equilibrada,50,100,paso,8,nsb,limping,0.044,,0.064
91,25,2,equilibrada,50,100,dwell_paso,4,plugin,ar1,0.03,,0.058
91,25,2,equilibrada,50,100,dwell_paso,4,plugin,limping,0.03,,0.062
91,25,2,equilibrada,50,100,dwell_paso,4,mm,ar1,0.03,,0.058
91,25,2,equilibrada,50,100,dwell_paso,4,mm,limping,0.03,,0.062
91,25,2,equilibrada,50,100,dwell_paso,4,pt,ar1,0.03,,0.058
91,25,2,equilibrada,50,100,dwell_paso,4,pt,limping,0.03,,0.062
91,25,2,equilibrada,50,100,dwell_paso,4,nsb,ar1,0.03,,0.058
91,25,2,equilibrada,50,100,dwell_paso,4,nsb,limping,0.03,,0.062
91,25,2,equilibrada,50,100,dwell_paso,8,plugin,ar1,0.042,,0.066
91,25,2,equilibrada,50,100,dwell_paso,8,plugin,limping,0.042,,0.07
91,25,2,equilibrada,50,100,dwell_paso,8,mm,ar1,0.042,,0.066
91,25,2,equilibrada,50,100,dwell_paso,8,mm,limping,0.042,,0.07
91,25,2,equilibrada,50,100,dwell_paso,8,pt,ar1,0.042,,0.066
91,25,2,equilibrada,50,100,dwell_paso,8,pt,limping,0.042,,0.07
91,25,2,equilibrada,50,100,dwell_paso,8,nsb,ar1,0.044,,0.07
91,25,2,equilibrada,50,100,dwell_paso,8,nsb,limping,0.044,,0.07
92,25,2,equilibrada,50,300,evento,8,plugin,ar1,0.048,0.1,1
92,25,2,equilibrada,50,300,evento,8,plugin,limping,0.048,0.35,1
92,25,2,equilibrada,50,300,evento,8,mm,ar1,0.048,0.1,1
92,25,2,equilibrada,50,300,evento,8,mm,limping,0.048,0.35,1
92,25,2,equilibrada,50,300,evento,8,pt,ar1,0.048,0.1,1
92,25,2,equilibrada,50,300,evento,8,pt,limping,0.048,0.35,1
92,25,2,equilibrada,50,300,dwell_paso,4,plugin,ar1,0.048,,0.054
92,25,2,equilibrada,50,300,dwell_paso,4,plugin,limping,0.048,,0.062
92,25,2,equilibrada,50,300,dwell_paso,4,mm,ar1,0.048,,0.054
92,25,2,equilibrada,50,300,dwell_paso,4,mm,limping,0.048,,0.062
92,25,2,equilibrada,50,300,dwell_paso,4,pt,ar1,0.048,,0.054
92,25,2,equilibrada,50,300,dwell_paso,4,pt,limping,0.048,,0.062
92,25,2,equilibrada,50,300,dwell_paso,4,nsb,ar1,0.05,,0.054
92,25,2,equilibrada,50,300,dwell_paso,4,nsb,limping,0.05,,0.062
92,25,2,equilibrada,50,300,dwell_paso,8,plugin,ar1,0.05,,0.062
92,25,2,equilibrada,50,300,dwell_paso,8,plugin,limping,0.05,,0.068
92,25,2,equilibrada,50,300,dwell_paso,8,mm,ar1,0.05,,0.062
92,25,2,equilibrada,50,300,dwell_paso,8,mm,limping,0.05,,0.068
92,25,2,equilibrada,50,300,dwell_paso,8,pt,ar1,0.05,,0.062
92,25,2,equilibrada,50,300,dwell_paso,8,pt,limping,0.05,,0.068
92,25,2,equilibrada,50,300,dwell_paso,8,nsb,ar1,0.05,,0.062
92,25,2,equilibrada,50,300,dwell_paso,8,nsb,limping,0.05,,0.07
93,25,2,equilibrada,100,50,evento,8,plugin,ar1,0.048,0.2,1
93,25,2,equilibrada,100,50,evento,8,plugin,limping,0.048,0.35,1
93,25,2,equilibrada,100,50,evento,8,mm,ar1,0.048,0.2,1
93,25,2,equilibrada,100,50,evento,8,mm,limping,0.048,0.35,1
93,25,2,equilibrada,100,50,evento,8,pt,ar1,0.048,0.2,1
93,25,2,equilibrada,100,50,evento,8,pt,limping,0.048,0.35,1
93,25,2,equilibrada,100,50,evento,8,nsb,ar1,0.05,0.2,1
93,25,2,equilibrada,100,50,evento,8,nsb,limping,0.05,0.35,1
93,25,2,equilibrada,100,50,dwell,4,plugin,ar1,0.04,0.1,1
93,25,2,equilibrada,100,50,dwell,4,plugin,limping,0.04,0.2,1
93,25,2,equilibrada,100,50,dwell,4,mm,ar1,0.04,0.1,1
93,25,2,equilibrada,100,50,dwell,4,mm,limping,0.04,0.2,1
93,25,2,equilibrada,100,50,dwell,4,pt,ar1,0.04,0.1,1
93,25,2,equilibrada,100,50,dwell,4,pt,limping,0.04,0.2,1
93,25,2,equilibrada,100,50,dwell,4,nsb,ar1,0.04,0.1,1
93,25,2,equilibrada,100,50,dwell,4,nsb,limping,0.04,0.2,1
93,25,2,equilibrada,100,50,paso,4,plugin,ar1,0.04,,0.068
93,25,2,equilibrada,100,50,paso,4,plugin,limping,0.04,,0.046
93,25,2,equilibrada,100,50,paso,4,mm,ar1,0.04,,0.068
93,25,2,equilibrada,100,50,paso,4,mm,limping,0.04,,0.046
93,25,2,equilibrada,100,50,paso,4,pt,ar1,0.04,,0.068
93,25,2,equilibrada,100,50,paso,4,pt,limping,0.04,,0.046
93,25,2,equilibrada,100,50,paso,4,nsb,ar1,0.04,,0.068
93,25,2,equilibrada,100,50,paso,4,nsb,limping,0.04,,0.046
93,25,2,equilibrada,100,50,paso,8,plugin,ar1,0.04,,0.068
93,25,2,equilibrada,100,50,paso,8,plugin,limping,0.04,,0.046
93,25,2,equilibrada,100,50,paso,8,mm,ar1,0.04,,0.068
93,25,2,equilibrada,100,50,paso,8,mm,limping,0.04,,0.046
93,25,2,equilibrada,100,50,paso,8,pt,ar1,0.04,,0.068
93,25,2,equilibrada,100,50,paso,8,pt,limping,0.04,,0.046
93,25,2,equilibrada,100,50,paso,8,nsb,ar1,0.04,,0.068
93,25,2,equilibrada,100,50,paso,8,nsb,limping,0.04,,0.046
93,25,2,equilibrada,100,50,dwell_paso,4,plugin,ar1,0.04,,0.072
93,25,2,equilibrada,100,50,dwell_paso,4,plugin,limping,0.04,,0.072
93,25,2,equilibrada,100,50,dwell_paso,4,mm,ar1,0.04,,0.072
93,25,2,equilibrada,100,50,dwell_paso,4,mm,limping,0.04,,0.072
93,25,2,equilibrada,100,50,dwell_paso,4,pt,ar1,0.04,,0.072
93,25,2,equilibrada,100,50,dwell_paso,4,pt,limping,0.04,,0.072
93,25,2,equilibrada,100,50,dwell_paso,4,nsb,ar1,0.042,,0.072
93,25,2,equilibrada,100,50,dwell_paso,4,nsb,limping,0.042,,0.074
93,25,2,equilibrada,100,50,dwell_paso,8,plugin,ar1,0.04,,0.064
93,25,2,equilibrada,100,50,dwell_paso,8,plugin,limping,0.04,,0.062
93,25,2,equilibrada,100,50,dwell_paso,8,mm,ar1,0.04,,0.064
93,25,2,equilibrada,100,50,dwell_paso,8,mm,limping,0.04,,0.062
93,25,2,equilibrada,100,50,dwell_paso,8,pt,ar1,0.04,,0.064
93,25,2,equilibrada,100,50,dwell_paso,8,pt,limping,0.04,,0.062
93,25,2,equilibrada,100,50,dwell_paso,8,nsb,ar1,0.042,,0.064
93,25,2,equilibrada,100,50,dwell_paso,8,nsb,limping,0.042,,0.06
94,25,2,equilibrada,100,100,evento,4,plugin,ar1,0.048,0.1,1
94,25,2,equilibrada,100,100,evento,4,plugin,limping,0.048,0.35,1
94,25,2,equilibrada,100,100,evento,4,mm,ar1,0.048,0.1,1
94,25,2,equilibrada,100,100,evento,4,mm,limping,0.048,0.35,1
94,25,2,equilibrada,100,100,evento,4,pt,ar1,0.048,0.1,1
94,25,2,equilibrada,100,100,evento,4,pt,limping,0.048,0.35,1
94,25,2,equilibrada,100,100,evento,4,nsb,ar1,0.05,0.1,1
94,25,2,equilibrada,100,100,evento,4,nsb,limping,0.05,0.35,1
94,25,2,equilibrada,100,100,evento,8,plugin,ar1,0.034,0.2,1
94,25,2,equilibrada,100,100,evento,8,plugin,limping,0.034,0.35,1
94,25,2,equilibrada,100,100,evento,8,mm,ar1,0.034,0.2,1
94,25,2,equilibrada,100,100,evento,8,mm,limping,0.034,0.35,1
94,25,2,equilibrada,100,100,evento,8,pt,ar1,0.034,0.2,1
94,25,2,equilibrada,100,100,evento,8,pt,limping,0.034,0.35,1
94,25,2,equilibrada,100,100,evento,8,nsb,ar1,0.04,0.2,1
94,25,2,equilibrada,100,100,evento,8,nsb,limping,0.04,0.35,1
94,25,2,equilibrada,100,100,dwell,8,plugin,ar1,0.038,0.1,1
94,25,2,equilibrada,100,100,dwell,8,plugin,limping,0.038,0.2,1
94,25,2,equilibrada,100,100,dwell,8,mm,ar1,0.038,0.1,1
94,25,2,equilibrada,100,100,dwell,8,mm,limping,0.038,0.2,1
94,25,2,equilibrada,100,100,dwell,8,pt,ar1,0.038,0.1,1
94,25,2,equilibrada,100,100,dwell,8,pt,limping,0.038,0.2,1
94,25,2,equilibrada,100,100,dwell,8,nsb,ar1,0.038,0.1,1
94,25,2,equilibrada,100,100,dwell,8,nsb,limping,0.038,0.2,1
95,25,2,equilibrada,100,300,evento,4,plugin,ar1,0.03,0.05,1
95,25,2,equilibrada,100,300,evento,4,plugin,limping,0.03,0.2,1
95,25,2,equilibrada,100,300,evento,4,mm,ar1,0.03,0.05,1
95,25,2,equilibrada,100,300,evento,4,mm,limping,0.03,0.2,1
95,25,2,equilibrada,100,300,evento,4,pt,ar1,0.03,0.05,1
95,25,2,equilibrada,100,300,evento,4,pt,limping,0.03,0.2,1
95,25,2,equilibrada,100,300,evento,4,nsb,ar1,0.032,0.05,1
95,25,2,equilibrada,100,300,evento,4,nsb,limping,0.032,0.2,1
95,25,2,equilibrada,100,300,dwell,4,plugin,ar1,0.046,0.05,1
95,25,2,equilibrada,100,300,dwell,4,plugin,limping,0.046,0.2,1
95,25,2,equilibrada,100,300,dwell,4,mm,ar1,0.046,0.05,1
95,25,2,equilibrada,100,300,dwell,4,mm,limping,0.046,0.2,1
95,25,2,equilibrada,100,300,dwell,4,pt,ar1,0.046,0.05,1
95,25,2,equilibrada,100,300,dwell,4,pt,limping,0.046,0.2,1
95,25,2,equilibrada,100,300,dwell,4,nsb,ar1,0.046,0.05,1
95,25,2,equilibrada,100,300,dwell,4,nsb,limping,0.046,0.2,1
95,25,2,equilibrada,100,300,dwell,8,plugin,ar1,0.04,0.05,1
95,25,2,equilibrada,100,300,dwell,8,plugin,limping,0.04,0.2,1
95,25,2,equilibrada,100,300,dwell,8,mm,ar1,0.04,0.05,1
95,25,2,equilibrada,100,300,dwell,8,mm,limping,0.04,0.2,1
95,25,2,equilibrada,100,300,dwell,8,pt,ar1,0.04,0.05,1
95,25,2,equilibrada,100,300,dwell,8,pt,limping,0.04,0.2,1
95,25,2,equilibrada,100,300,dwell,8,nsb,ar1,0.038,0.05,1
95,25,2,equilibrada,100,300,dwell,8,nsb,limping,0.038,0.2,1
96,25,2,equilibrada,200,50,dwell,4,plugin,ar1,0.03,0.05,1
96,25,2,equilibrada,200,50,dwell,4,plugin,limping,0.03,0.2,1
96,25,2,equilibrada,200,50,dwell,4,mm,ar1,0.03,0.05,1
96,25,2,equilibrada,200,50,dwell,4,mm,limping,0.03,0.2,1
96,25,2,equilibrada,200,50,dwell,4,pt,ar1,0.03,0.05,1
96,25,2,equilibrada,200,50,dwell,4,pt,limping,0.03,0.2,1
96,25,2,equilibrada,200,50,dwell,4,nsb,ar1,0.03,0.05,1
96,25,2,equilibrada,200,50,dwell,4,nsb,limping,0.03,0.2,1
96,25,2,equilibrada,200,50,dwell,8,plugin,ar1,0.038,0.1,1
96,25,2,equilibrada,200,50,dwell,8,plugin,limping,0.038,0.2,1
96,25,2,equilibrada,200,50,dwell,8,mm,ar1,0.038,0.1,1
96,25,2,equilibrada,200,50,dwell,8,mm,limping,0.038,0.2,1
96,25,2,equilibrada,200,50,dwell,8,pt,ar1,0.038,0.1,1
96,25,2,equilibrada,200,50,dwell,8,pt,limping,0.038,0.2,1
96,25,2,equilibrada,200,50,dwell,8,nsb,ar1,0.042,0.1,1
96,25,2,equilibrada,200,50,dwell,8,nsb,limping,0.042,0.2,1
96,25,2,equilibrada,200,50,dwell_paso,4,plugin,ar1,0.046,,0.066
96,25,2,equilibrada,200,50,dwell_paso,4,plugin,limping,0.046,,0.068
96,25,2,equilibrada,200,50,dwell_paso,4,mm,ar1,0.046,,0.066
96,25,2,equilibrada,200,50,dwell_paso,4,mm,limping,0.046,,0.068
96,25,2,equilibrada,200,50,dwell_paso,4,pt,ar1,0.046,,0.066
96,25,2,equilibrada,200,50,dwell_paso,4,pt,limping,0.046,,0.068
96,25,2,equilibrada,200,50,dwell_paso,4,nsb,ar1,0.046,,0.064
96,25,2,equilibrada,200,50,dwell_paso,4,nsb,limping,0.046,,0.07
97,25,2,equilibrada,200,100,evento,4,nsb,ar1,0.05,0.1,1
97,25,2,equilibrada,200,100,evento,4,nsb,limping,0.05,0.2,1
97,25,2,equilibrada,200,100,paso,4,plugin,ar1,0.044,,0.064
97,25,2,equilibrada,200,100,paso,4,plugin,limping,0.044,,0.07
97,25,2,equilibrada,200,100,paso,4,mm,ar1,0.044,,0.064
97,25,2,equilibrada,200,100,paso,4,mm,limping,0.044,,0.07
97,25,2,equilibrada,200,100,paso,4,pt,ar1,0.044,,0.064
97,25,2,equilibrada,200,100,paso,4,pt,limping,0.044,,0.07
97,25,2,equilibrada,200,100,paso,4,nsb,ar1,0.044,,0.064
97,25,2,equilibrada,200,100,paso,4,nsb,limping,0.044,,0.07
97,25,2,equilibrada,200,100,paso,8,plugin,ar1,0.044,,0.064
97,25,2,equilibrada,200,100,paso,8,plugin,limping,0.044,,0.07
97,25,2,equilibrada,200,100,paso,8,mm,ar1,0.044,,0.064
97,25,2,equilibrada,200,100,paso,8,mm,limping,0.044,,0.07
97,25,2,equilibrada,200,100,paso,8,pt,ar1,0.044,,0.064
97,25,2,equilibrada,200,100,paso,8,pt,limping,0.044,,0.07
97,25,2,equilibrada,200,100,paso,8,nsb,ar1,0.044,,0.064
97,25,2,equilibrada,200,100,paso,8,nsb,limping,0.044,,0.07
97,25,2,equilibrada,200,100,dwell_paso,4,plugin,ar1,0.042,,0.072
97,25,2,equilibrada,200,100,dwell_paso,4,plugin,limping,0.042,,0.056
97,25,2,equilibrada,200,100,dwell_paso,4,mm,ar1,0.042,,0.072
97,25,2,equilibrada,200,100,dwell_paso,4,mm,limping,0.042,,0.056
97,25,2,equilibrada,200,100,dwell_paso,4,pt,ar1,0.042,,0.072
97,25,2,equilibrada,200,100,dwell_paso,4,pt,limping,0.042,,0.056
97,25,2,equilibrada,200,100,dwell_paso,4,nsb,ar1,0.042,,0.072
97,25,2,equilibrada,200,100,dwell_paso,4,nsb,limping,0.042,,0.056
97,25,2,equilibrada,200,100,dwell_paso,8,plugin,ar1,0.042,,0.068
97,25,2,equilibrada,200,100,dwell_paso,8,plugin,limping,0.042,,0.056
97,25,2,equilibrada,200,100,dwell_paso,8,mm,ar1,0.042,,0.068
97,25,2,equilibrada,200,100,dwell_paso,8,mm,limping,0.042,,0.056
97,25,2,equilibrada,200,100,dwell_paso,8,pt,ar1,0.042,,0.068
97,25,2,equilibrada,200,100,dwell_paso,8,pt,limping,0.042,,0.056
97,25,2,equilibrada,200,100,dwell_paso,8,nsb,ar1,0.042,,0.068
97,25,2,equilibrada,200,100,dwell_paso,8,nsb,limping,0.042,,0.056
98,25,2,equilibrada,200,300,evento,4,plugin,ar1,0.048,0.05,1
98,25,2,equilibrada,200,300,evento,4,plugin,limping,0.048,0.2,1
98,25,2,equilibrada,200,300,evento,4,mm,ar1,0.048,0.05,1
98,25,2,equilibrada,200,300,evento,4,mm,limping,0.048,0.2,1
98,25,2,equilibrada,200,300,evento,4,pt,ar1,0.048,0.05,1
98,25,2,equilibrada,200,300,evento,4,pt,limping,0.048,0.2,1
98,25,2,equilibrada,200,300,evento,4,nsb,ar1,0.048,0.05,1
98,25,2,equilibrada,200,300,evento,4,nsb,limping,0.048,0.2,1
98,25,2,equilibrada,200,300,dwell,4,plugin,ar1,0.042,0.05,1
98,25,2,equilibrada,200,300,dwell,4,plugin,limping,0.042,0.2,1
98,25,2,equilibrada,200,300,dwell,4,mm,ar1,0.042,0.05,1
98,25,2,equilibrada,200,300,dwell,4,mm,limping,0.042,0.2,1
98,25,2,equilibrada,200,300,dwell,4,pt,ar1,0.042,0.05,1
98,25,2,equilibrada,200,300,dwell,4,pt,limping,0.042,0.2,1
98,25,2,equilibrada,200,300,dwell,4,nsb,ar1,0.044,0.05,1
98,25,2,equilibrada,200,300,dwell,4,nsb,limping,0.044,0.2,1
98,25,2,equilibrada,200,300,dwell,8,plugin,ar1,0.046,0.05,1
98,25,2,equilibrada,200,300,dwell,8,plugin,limping,0.046,0.2,1
98,25,2,equilibrada,200,300,dwell,8,mm,ar1,0.046,0.05,1
98,25,2,equilibrada,200,300,dwell,8,mm,limping,0.046,0.2,1
98,25,2,equilibrada,200,300,dwell,8,pt,ar1,0.046,0.05,1
98,25,2,equilibrada,200,300,dwell,8,pt,limping,0.046,0.2,1
98,25,2,equilibrada,200,300,dwell,8,nsb,ar1,0.046,0.05,1
98,25,2,equilibrada,200,300,dwell,8,nsb,limping,0.046,0.2,1
98,25,2,equilibrada,200,300,dwell_paso,4,plugin,ar1,0.048,,0.056
98,25,2,equilibrada,200,300,dwell_paso,4,plugin,limping,0.048,,0.07
98,25,2,equilibrada,200,300,dwell_paso,4,mm,ar1,0.048,,0.056
98,25,2,equilibrada,200,300,dwell_paso,4,mm,limping,0.048,,0.07
98,25,2,equilibrada,200,300,dwell_paso,4,pt,ar1,0.048,,0.056
98,25,2,equilibrada,200,300,dwell_paso,4,pt,limping,0.048,,0.07
98,25,2,equilibrada,200,300,dwell_paso,4,nsb,ar1,0.046,,0.054
98,25,2,equilibrada,200,300,dwell_paso,4,nsb,limping,0.046,,0.068
98,25,2,equilibrada,200,300,dwell_paso,8,plugin,ar1,0.044,,0.056
98,25,2,equilibrada,200,300,dwell_paso,8,plugin,limping,0.044,,0.056
98,25,2,equilibrada,200,300,dwell_paso,8,mm,ar1,0.044,,0.056
98,25,2,equilibrada,200,300,dwell_paso,8,mm,limping,0.044,,0.056
98,25,2,equilibrada,200,300,dwell_paso,8,pt,ar1,0.044,,0.056
98,25,2,equilibrada,200,300,dwell_paso,8,pt,limping,0.044,,0.056
98,25,2,equilibrada,200,300,dwell_paso,8,nsb,ar1,0.048,,0.062
98,25,2,equilibrada,200,300,dwell_paso,8,nsb,limping,0.048,,0.054
99,25,2,sesgada_4nm,50,50,evento,4,plugin,ar1,0.04,0.2,1
99,25,2,sesgada_4nm,50,50,evento,4,plugin,limping,0.04,0.35,1
99,25,2,sesgada_4nm,50,50,evento,4,mm,ar1,0.036,0.2,1
99,25,2,sesgada_4nm,50,50,evento,4,mm,limping,0.036,0.35,1
99,25,2,sesgada_4nm,50,50,evento,4,pt,ar1,0.04,0.2,1
99,25,2,sesgada_4nm,50,50,evento,4,pt,limping,0.04,0.35,1
99,25,2,sesgada_4nm,50,50,evento,4,nsb,ar1,0.038,0.2,1
99,25,2,sesgada_4nm,50,50,evento,4,nsb,limping,0.038,0.35,1
99,25,2,sesgada_4nm,50,50,dwell,8,plugin,ar1,0.044,0.2,1
99,25,2,sesgada_4nm,50,50,dwell,8,plugin,limping,0.044,0.35,1
99,25,2,sesgada_4nm,50,50,dwell,8,mm,ar1,0.044,0.2,1
99,25,2,sesgada_4nm,50,50,dwell,8,mm,limping,0.044,0.35,1
99,25,2,sesgada_4nm,50,50,dwell,8,pt,ar1,0.044,0.2,1
99,25,2,sesgada_4nm,50,50,dwell,8,pt,limping,0.044,0.35,1
99,25,2,sesgada_4nm,50,50,dwell,8,nsb,ar1,0.046,0.2,1
99,25,2,sesgada_4nm,50,50,dwell,8,nsb,limping,0.046,0.35,1
99,25,2,sesgada_4nm,50,50,dwell_paso,4,plugin,ar1,0.042,,0.062
99,25,2,sesgada_4nm,50,50,dwell_paso,4,plugin,limping,0.042,,0.06
99,25,2,sesgada_4nm,50,50,dwell_paso,4,mm,ar1,0.042,,0.062
99,25,2,sesgada_4nm,50,50,dwell_paso,4,mm,limping,0.042,,0.06
99,25,2,sesgada_4nm,50,50,dwell_paso,4,pt,ar1,0.042,,0.062
99,25,2,sesgada_4nm,50,50,dwell_paso,4,pt,limping,0.042,,0.06
99,25,2,sesgada_4nm,50,50,dwell_paso,4,nsb,ar1,0.042,,0.062
99,25,2,sesgada_4nm,50,50,dwell_paso,4,nsb,limping,0.042,,0.062
99,25,2,sesgada_4nm,50,50,dwell_paso,8,plugin,ar1,0.05,,0.058
99,25,2,sesgada_4nm,50,50,dwell_paso,8,plugin,limping,0.05,,0.062
99,25,2,sesgada_4nm,50,50,dwell_paso,8,mm,ar1,0.05,,0.058
99,25,2,sesgada_4nm,50,50,dwell_paso,8,mm,limping,0.05,,0.062
99,25,2,sesgada_4nm,50,50,dwell_paso,8,pt,ar1,0.05,,0.058
99,25,2,sesgada_4nm,50,50,dwell_paso,8,pt,limping,0.05,,0.062
99,25,2,sesgada_4nm,50,50,dwell_paso,8,nsb,ar1,0.048,,0.056
99,25,2,sesgada_4nm,50,50,dwell_paso,8,nsb,limping,0.048,,0.062
100,25,2,sesgada_4nm,50,100,evento,4,plugin,ar1,0.048,0.2,1
100,25,2,sesgada_4nm,50,100,evento,4,plugin,limping,0.048,0.35,1
100,25,2,sesgada_4nm,50,100,evento,4,mm,ar1,0.046,0.2,1
100,25,2,sesgada_4nm,50,100,evento,4,mm,limping,0.046,0.35,1
100,25,2,sesgada_4nm,50,100,evento,4,pt,ar1,0.046,0.2,1
100,25,2,sesgada_4nm,50,100,evento,4,pt,limping,0.046,0.35,1
100,25,2,sesgada_4nm,50,100,evento,4,nsb,ar1,0.042,0.2,1
100,25,2,sesgada_4nm,50,100,evento,4,nsb,limping,0.042,0.35,1
100,25,2,sesgada_4nm,50,100,evento,8,plugin,ar1,0.048,0.2,1
100,25,2,sesgada_4nm,50,100,evento,8,plugin,limping,0.048,0.35,1
100,25,2,sesgada_4nm,50,100,evento,8,mm,ar1,0.044,0.2,1
100,25,2,sesgada_4nm,50,100,evento,8,mm,limping,0.044,0.35,1
100,25,2,sesgada_4nm,50,100,evento,8,pt,ar1,0.048,0.2,1
100,25,2,sesgada_4nm,50,100,evento,8,pt,limping,0.048,0.35,1
100,25,2,sesgada_4nm,50,100,evento,8,nsb,ar1,0.048,0.2,1
100,25,2,sesgada_4nm,50,100,evento,8,nsb,limping,0.048,0.35,1
100,25,2,sesgada_4nm,50,100,dwell,4,plugin,ar1,0.04,0.1,1
100,25,2,sesgada_4nm,50,100,dwell,4,plugin,limping,0.04,0.2,1
100,25,2,sesgada_4nm,50,100,dwell,4,mm,ar1,0.04,0.1,1
100,25,2,sesgada_4nm,50,100,dwell,4,mm,limping,0.04,0.2,1
100,25,2,sesgada_4nm,50,100,dwell,4,pt,ar1,0.04,0.1,1
100,25,2,sesgada_4nm,50,100,dwell,4,pt,limping,0.04,0.2,1
100,25,2,sesgada_4nm,50,100,dwell,4,nsb,ar1,0.04,0.1,1
100,25,2,sesgada_4nm,50,100,dwell,4,nsb,limping,0.04,0.2,1
100,25,2,sesgada_4nm,50,100,dwell,8,plugin,ar1,0.038,0.1,1
100,25,2,sesgada_4nm,50,100,dwell,8,plugin,limping,0.038,0.35,1
100,25,2,sesgada_4nm,50,100,dwell,8,mm,ar1,0.038,0.1,1
100,25,2,sesgada_4nm,50,100,dwell,8,mm,limping,0.038,0.35,1
100,25,2,sesgada_4nm,50,100,dwell,8,pt,ar1,0.038,0.1,1
100,25,2,sesgada_4nm,50,100,dwell,8,pt,limping,0.038,0.35,1
100,25,2,sesgada_4nm,50,100,dwell,8,nsb,ar1,0.04,0.1,1
100,25,2,sesgada_4nm,50,100,dwell,8,nsb,limping,0.04,0.35,1
100,25,2,sesgada_4nm,50,100,dwell_paso,4,plugin,ar1,0.04,,0.048
100,25,2,sesgada_4nm,50,100,dwell_paso,4,plugin,limping,0.04,,0.058
100,25,2,sesgada_4nm,50,100,dwell_paso,4,mm,ar1,0.04,,0.048
100,25,2,sesgada_4nm,50,100,dwell_paso,4,mm,limping,0.04,,0.058
100,25,2,sesgada_4nm,50,100,dwell_paso,4,pt,ar1,0.04,,0.048
100,25,2,sesgada_4nm,50,100,dwell_paso,4,pt,limping,0.04,,0.058
100,25,2,sesgada_4nm,50,100,dwell_paso,4,nsb,ar1,0.04,,0.05
100,25,2,sesgada_4nm,50,100,dwell_paso,4,nsb,limping,0.04,,0.058
101,25,2,sesgada_4nm,50,300,evento,4,plugin,ar1,0.032,0.1,1
101,25,2,sesgada_4nm,50,300,evento,4,plugin,limping,0.032,0.2,1
101,25,2,sesgada_4nm,50,300,evento,4,mm,ar1,0.032,0.1,1
101,25,2,sesgada_4nm,50,300,evento,4,mm,limping,0.032,0.2,1
101,25,2,sesgada_4nm,50,300,evento,4,pt,ar1,0.032,0.1,1
101,25,2,sesgada_4nm,50,300,evento,4,pt,limping,0.032,0.2,1
101,25,2,sesgada_4nm,50,300,evento,4,nsb,ar1,0.038,0.1,1
101,25,2,sesgada_4nm,50,300,evento,4,nsb,limping,0.038,0.2,1
101,25,2,sesgada_4nm,50,300,dwell,4,plugin,ar1,0.05,0.05,1
101,25,2,sesgada_4nm,50,300,dwell,4,plugin,limping,0.05,0.2,1
101,25,2,sesgada_4nm,50,300,dwell,4,mm,ar1,0.05,0.05,1
101,25,2,sesgada_4nm,50,300,dwell,4,mm,limping,0.05,0.2,1
101,25,2,sesgada_4nm,50,300,dwell,4,pt,ar1,0.05,0.05,1
101,25,2,sesgada_4nm,50,300,dwell,4,pt,limping,0.05,0.2,1
101,25,2,sesgada_4nm,50,300,dwell,4,nsb,ar1,0.05,0.05,1
101,25,2,sesgada_4nm,50,300,dwell,4,nsb,limping,0.05,0.2,1
102,25,2,sesgada_4nm,100,50,paso,4,plugin,ar1,0.046,,0.062
102,25,2,sesgada_4nm,100,50,paso,4,plugin,limping,0.046,,0.074
102,25,2,sesgada_4nm,100,50,paso,4,mm,ar1,0.046,,0.062
102,25,2,sesgada_4nm,100,50,paso,4,mm,limping,0.046,,0.074
102,25,2,sesgada_4nm,100,50,paso,4,pt,ar1,0.046,,0.062
102,25,2,sesgada_4nm,100,50,paso,4,pt,limping,0.046,,0.074
102,25,2,sesgada_4nm,100,50,paso,4,nsb,ar1,0.044,,0.06
102,25,2,sesgada_4nm,100,50,paso,4,nsb,limping,0.044,,0.072
102,25,2,sesgada_4nm,100,50,paso,8,plugin,ar1,0.046,,0.062
102,25,2,sesgada_4nm,100,50,paso,8,plugin,limping,0.046,,0.074
102,25,2,sesgada_4nm,100,50,paso,8,mm,ar1,0.046,,0.062
102,25,2,sesgada_4nm,100,50,paso,8,mm,limping,0.046,,0.074
102,25,2,sesgada_4nm,100,50,paso,8,pt,ar1,0.046,,0.062
102,25,2,sesgada_4nm,100,50,paso,8,pt,limping,0.046,,0.074
102,25,2,sesgada_4nm,100,50,paso,8,nsb,ar1,0.044,,0.06
102,25,2,sesgada_4nm,100,50,paso,8,nsb,limping,0.044,,0.072
102,25,2,sesgada_4nm,100,50,dwell_paso,4,plugin,ar1,0.044,,0.056
102,25,2,sesgada_4nm,100,50,dwell_paso,4,plugin,limping,0.044,,0.064
102,25,2,sesgada_4nm,100,50,dwell_paso,4,mm,ar1,0.044,,0.056
102,25,2,sesgada_4nm,100,50,dwell_paso,4,mm,limping,0.044,,0.064
102,25,2,sesgada_4nm,100,50,dwell_paso,4,pt,ar1,0.044,,0.056
102,25,2,sesgada_4nm,100,50,dwell_paso,4,pt,limping,0.044,,0.064
102,25,2,sesgada_4nm,100,50,dwell_paso,4,nsb,ar1,0.044,,0.058
102,25,2,sesgada_4nm,100,50,dwell_paso,4,nsb,limping,0.044,,0.064
103,25,2,sesgada_4nm,100,100,evento,4,plugin,ar1,0.05,0.1,1
103,25,2,sesgada_4nm,100,100,evento,4,plugin,limping,0.05,0.35,1
103,25,2,sesgada_4nm,100,100,evento,4,mm,ar1,0.05,0.1,1
103,25,2,sesgada_4nm,100,100,evento,4,mm,limping,0.05,0.35,1
103,25,2,sesgada_4nm,100,100,evento,4,pt,ar1,0.05,0.1,1
103,25,2,sesgada_4nm,100,100,evento,4,pt,limping,0.05,0.35,1
103,25,2,sesgada_4nm,100,100,evento,4,nsb,ar1,0.05,0.1,1
103,25,2,sesgada_4nm,100,100,evento,4,nsb,limping,0.05,0.35,1
103,25,2,sesgada_4nm,100,100,dwell,4,plugin,ar1,0.03,0.05,1
103,25,2,sesgada_4nm,100,100,dwell,4,plugin,limping,0.03,0.2,1
103,25,2,sesgada_4nm,100,100,dwell,4,mm,ar1,0.03,0.05,1
103,25,2,sesgada_4nm,100,100,dwell,4,mm,limping,0.03,0.2,1
103,25,2,sesgada_4nm,100,100,dwell,4,pt,ar1,0.03,0.05,1
103,25,2,sesgada_4nm,100,100,dwell,4,pt,limping,0.03,0.2,1
103,25,2,sesgada_4nm,100,100,dwell,4,nsb,ar1,0.03,0.05,1
103,25,2,sesgada_4nm,100,100,dwell,4,nsb,limping,0.03,0.2,1
103,25,2,sesgada_4nm,100,100,paso,4,plugin,ar1,0.038,,0.064
103,25,2,sesgada_4nm,100,100,paso,4,plugin,limping,0.038,,0.06
103,25,2,sesgada_4nm,100,100,paso,4,mm,ar1,0.038,,0.064
103,25,2,sesgada_4nm,100,100,paso,4,mm,limping,0.038,,0.06
103,25,2,sesgada_4nm,100,100,paso,4,pt,ar1,0.038,,0.064
103,25,2,sesgada_4nm,100,100,paso,4,pt,limping,0.038,,0.06
103,25,2,sesgada_4nm,100,100,paso,4,nsb,ar1,0.038,,0.066
103,25,2,sesgada_4nm,100,100,paso,4,nsb,limping,0.038,,0.058
103,25,2,sesgada_4nm,100,100,paso,8,plugin,ar1,0.038,,0.064
103,25,2,sesgada_4nm,100,100,paso,8,plugin,limping,0.038,,0.06
103,25,2,sesgada_4nm,100,100,paso,8,mm,ar1,0.038,,0.064
103,25,2,sesgada_4nm,100,100,paso,8,mm,limping,0.038,,0.06
103,25,2,sesgada_4nm,100,100,paso,8,pt,ar1,0.038,,0.064
103,25,2,sesgada_4nm,100,100,paso,8,pt,limping,0.038,,0.06
103,25,2,sesgada_4nm,100,100,paso,8,nsb,ar1,0.038,,0.066
103,25,2,sesgada_4nm,100,100,paso,8,nsb,limping,0.038,,0.058
104,25,2,sesgada_4nm,100,300,evento,4,plugin,ar1,0.05,0.05,1
104,25,2,sesgada_4nm,100,300,evento,4,plugin,limping,0.05,0.2,1
104,25,2,sesgada_4nm,100,300,evento,4,mm,ar1,0.05,0.05,1
104,25,2,sesgada_4nm,100,300,evento,4,mm,limping,0.05,0.2,1
104,25,2,sesgada_4nm,100,300,evento,4,pt,ar1,0.05,0.05,1
104,25,2,sesgada_4nm,100,300,evento,4,pt,limping,0.05,0.2,1
104,25,2,sesgada_4nm,100,300,evento,4,nsb,ar1,0.046,0.05,1
104,25,2,sesgada_4nm,100,300,evento,4,nsb,limping,0.046,0.2,1
104,25,2,sesgada_4nm,100,300,evento,8,plugin,ar1,0.034,0.1,1
104,25,2,sesgada_4nm,100,300,evento,8,plugin,limping,0.034,0.2,1
104,25,2,sesgada_4nm,100,300,evento,8,mm,ar1,0.034,0.1,1
104,25,2,sesgada_4nm,100,300,evento,8,mm,limping,0.034,0.2,1
104,25,2,sesgada_4nm,100,300,evento,8,pt,ar1,0.034,0.1,1
104,25,2,sesgada_4nm,100,300,evento,8,pt,limping,0.034,0.2,1
104,25,2,sesgada_4nm,100,300,evento,8,nsb,ar1,0.036,0.1,1
104,25,2,sesgada_4nm,100,300,evento,8,nsb,limping,0.036,0.2,1
104,25,2,sesgada_4nm,100,300,dwell,4,plugin,ar1,0.044,0.05,1
104,25,2,sesgada_4nm,100,300,dwell,4,plugin,limping,0.044,0.2,1
104,25,2,sesgada_4nm,100,300,dwell,4,mm,ar1,0.044,0.05,1
104,25,2,sesgada_4nm,100,300,dwell,4,mm,limping,0.044,0.2,1
104,25,2,sesgada_4nm,100,300,dwell,4,pt,ar1,0.044,0.05,1
104,25,2,sesgada_4nm,100,300,dwell,4,pt,limping,0.044,0.2,1
104,25,2,sesgada_4nm,100,300,dwell,4,nsb,ar1,0.044,0.05,1
104,25,2,sesgada_4nm,100,300,dwell,4,nsb,limping,0.044,0.2,1
104,25,2,sesgada_4nm,100,300,dwell,8,plugin,ar1,0.042,0.05,1
104,25,2,sesgada_4nm,100,300,dwell,8,plugin,limping,0.042,0.2,1
104,25,2,sesgada_4nm,100,300,dwell,8,mm,ar1,0.042,0.05,1
104,25,2,sesgada_4nm,100,300,dwell,8,mm,limping,0.042,0.2,1
104,25,2,sesgada_4nm,100,300,dwell,8,pt,ar1,0.042,0.05,1
104,25,2,sesgada_4nm,100,300,dwell,8,pt,limping,0.042,0.2,1
104,25,2,sesgada_4nm,100,300,dwell,8,nsb,ar1,0.04,0.05,1
104,25,2,sesgada_4nm,100,300,dwell,8,nsb,limping,0.04,0.2,1
104,25,2,sesgada_4nm,100,300,dwell_paso,4,plugin,ar1,0.042,,0.058
104,25,2,sesgada_4nm,100,300,dwell_paso,4,plugin,limping,0.042,,0.064
104,25,2,sesgada_4nm,100,300,dwell_paso,4,mm,ar1,0.042,,0.058
104,25,2,sesgada_4nm,100,300,dwell_paso,4,mm,limping,0.042,,0.064
104,25,2,sesgada_4nm,100,300,dwell_paso,4,pt,ar1,0.042,,0.058
104,25,2,sesgada_4nm,100,300,dwell_paso,4,pt,limping,0.042,,0.064
104,25,2,sesgada_4nm,100,300,dwell_paso,4,nsb,ar1,0.042,,0.058
104,25,2,sesgada_4nm,100,300,dwell_paso,4,nsb,limping,0.042,,0.064
104,25,2,sesgada_4nm,100,300,dwell_paso,8,plugin,ar1,0.042,,0.076
104,25,2,sesgada_4nm,100,300,dwell_paso,8,plugin,limping,0.042,,0.07
104,25,2,sesgada_4nm,100,300,dwell_paso,8,mm,ar1,0.042,,0.076
104,25,2,sesgada_4nm,100,300,dwell_paso,8,mm,limping,0.042,,0.07
104,25,2,sesgada_4nm,100,300,dwell_paso,8,pt,ar1,0.042,,0.076
104,25,2,sesgada_4nm,100,300,dwell_paso,8,pt,limping,0.042,,0.07
104,25,2,sesgada_4nm,100,300,dwell_paso,8,nsb,ar1,0.042,,0.076
104,25,2,sesgada_4nm,100,300,dwell_paso,8,nsb,limping,0.042,,0.072
105,25,2,sesgada_4nm,200,50,evento,8,plugin,ar1,0.044,0.2,1
105,25,2,sesgada_4nm,200,50,evento,8,plugin,limping,0.044,0.35,1
105,25,2,sesgada_4nm,200,50,evento,8,mm,ar1,0.048,0.2,1
105,25,2,sesgada_4nm,200,50,evento,8,mm,limping,0.048,0.35,1
105,25,2,sesgada_4nm,200,50,evento,8,pt,ar1,0.044,0.2,1
105,25,2,sesgada_4nm,200,50,evento,8,pt,limping,0.044,0.35,1
105,25,2,sesgada_4nm,200,50,evento,8,nsb,ar1,0.04,0.2,1
105,25,2,sesgada_4nm,200,50,evento,8,nsb,limping,0.04,0.35,1
105,25,2,sesgada_4nm,200,50,dwell,4,nsb,ar1,0.05,0.05,1
105,25,2,sesgada_4nm,200,50,dwell,4,nsb,limping,0.05,0.2,1
105,25,2,sesgada_4nm,200,50,dwell_paso,4,plugin,ar1,0.042,,0.052
105,25,2,sesgada_4nm,200,50,dwell_paso,4,plugin,limping,0.042,,0.068
105,25,2,sesgada_4nm,200,50,dwell_paso,4,mm,ar1,0.042,,0.052
105,25,2,sesgada_4nm,200,50,dwell_paso,4,mm,limping,0.042,,0.068
105,25,2,sesgada_4nm,200,50,dwell_paso,4,pt,ar1,0.042,,0.052
105,25,2,sesgada_4nm,200,50,dwell_paso,4,pt,limping,0.042,,0.068
105,25,2,sesgada_4nm,200,50,dwell_paso,4,nsb,ar1,0.042,,0.052
105,25,2,sesgada_4nm,200,50,dwell_paso,4,nsb,limping,0.042,,0.068
105,25,2,sesgada_4nm,200,50,dwell_paso,8,plugin,ar1,0.05,,0.056
105,25,2,sesgada_4nm,200,50,dwell_paso,8,plugin,limping,0.05,,0.054
105,25,2,sesgada_4nm,200,50,dwell_paso,8,mm,ar1,0.05,,0.056
105,25,2,sesgada_4nm,200,50,dwell_paso,8,mm,limping,0.05,,0.054
105,25,2,sesgada_4nm,200,50,dwell_paso,8,pt,ar1,0.05,,0.056
105,25,2,sesgada_4nm,200,50,dwell_paso,8,pt,limping,0.05,,0.054
105,25,2,sesgada_4nm,200,50,dwell_paso,8,nsb,ar1,0.05,,0.056
105,25,2,sesgada_4nm,200,50,dwell_paso,8,nsb,limping,0.05,,0.054
106,25,2,sesgada_4nm,200,100,evento,4,nsb,ar1,0.048,0.1,1
106,25,2,sesgada_4nm,200,100,evento,4,nsb,limping,0.048,0.2,1
106,25,2,sesgada_4nm,200,100,evento,8,plugin,ar1,0.046,0.1,1
106,25,2,sesgada_4nm,200,100,evento,8,plugin,limping,0.046,0.2,1
106,25,2,sesgada_4nm,200,100,evento,8,mm,ar1,0.04,0.1,1
106,25,2,sesgada_4nm,200,100,evento,8,mm,limping,0.04,0.2,1
106,25,2,sesgada_4nm,200,100,evento,8,pt,ar1,0.046,0.1,1
106,25,2,sesgada_4nm,200,100,evento,8,pt,limping,0.046,0.2,1
106,25,2,sesgada_4nm,200,100,evento,8,nsb,ar1,0.046,0.1,1
106,25,2,sesgada_4nm,200,100,evento,8,nsb,limping,0.046,0.2,1
106,25,2,sesgada_4nm,200,100,dwell,4,plugin,ar1,0.044,0.05,1
106,25,2,sesgada_4nm,200,100,dwell,4,plugin,limping,0.044,0.2,1
106,25,2,sesgada_4nm,200,100,dwell,4,mm,ar1,0.044,0.05,1
106,25,2,sesgada_4nm,200,100,dwell,4,mm,limping,0.044,0.2,1
106,25,2,sesgada_4nm,200,100,dwell,4,pt,ar1,0.044,0.05,1
106,25,2,sesgada_4nm,200,100,dwell,4,pt,limping,0.044,0.2,1
106,25,2,sesgada_4nm,200,100,dwell,4,nsb,ar1,0.044,0.05,1
106,25,2,sesgada_4nm,200,100,dwell,4,nsb,limping,0.044,0.2,1
106,25,2,sesgada_4nm,200,100,dwell,8,plugin,ar1,0.034,0.05,1
106,25,2,sesgada_4nm,200,100,dwell,8,plugin,limping,0.034,0.2,1
106,25,2,sesgada_4nm,200,100,dwell,8,mm,ar1,0.034,0.05,1
106,25,2,sesgada_4nm,200,100,dwell,8,mm,limping,0.034,0.2,1
106,25,2,sesgada_4nm,200,100,dwell,8,pt,ar1,0.034,0.05,1
106,25,2,sesgada_4nm,200,100,dwell,8,pt,limping,0.034,0.2,1
106,25,2,sesgada_4nm,200,100,dwell,8,nsb,ar1,0.036,0.05,1
106,25,2,sesgada_4nm,200,100,dwell,8,nsb,limping,0.036,0.2,1
107,25,2,sesgada_4nm,200,300,evento,8,plugin,ar1,0.048,0.05,1
107,25,2,sesgada_4nm,200,300,evento,8,plugin,limping,0.048,0.2,1
107,25,2,sesgada_4nm,200,300,evento,8,mm,ar1,0.048,0.05,1
107,25,2,sesgada_4nm,200,300,evento,8,mm,limping,0.048,0.2,1
107,25,2,sesgada_4nm,200,300,evento,8,pt,ar1,0.048,0.05,1
107,25,2,sesgada_4nm,200,300,evento,8,pt,limping,0.048,0.2,1
107,25,2,sesgada_4nm,200,300,evento,8,nsb,ar1,0.05,0.05,1
107,25,2,sesgada_4nm,200,300,evento,8,nsb,limping,0.05,0.2,1
107,25,2,sesgada_4nm,200,300,dwell,4,plugin,ar1,0.034,0.05,1
107,25,2,sesgada_4nm,200,300,dwell,4,plugin,limping,0.034,0.1,1
107,25,2,sesgada_4nm,200,300,dwell,4,mm,ar1,0.034,0.05,1
107,25,2,sesgada_4nm,200,300,dwell,4,mm,limping,0.034,0.1,1
107,25,2,sesgada_4nm,200,300,dwell,4,pt,ar1,0.034,0.05,1
107,25,2,sesgada_4nm,200,300,dwell,4,pt,limping,0.034,0.1,1
107,25,2,sesgada_4nm,200,300,dwell,4,nsb,ar1,0.034,0.05,1
107,25,2,sesgada_4nm,200,300,dwell,4,nsb,limping,0.034,0.1,1
107,25,2,sesgada_4nm,200,300,paso,4,plugin,ar1,0.048,,0.062
107,25,2,sesgada_4nm,200,300,paso,4,plugin,limping,0.048,,0.054
107,25,2,sesgada_4nm,200,300,paso,4,mm,ar1,0.048,,0.062
107,25,2,sesgada_4nm,200,300,paso,4,mm,limping,0.048,,0.054
107,25,2,sesgada_4nm,200,300,paso,4,pt,ar1,0.048,,0.062
107,25,2,sesgada_4nm,200,300,paso,4,pt,limping,0.048,,0.054
107,25,2,sesgada_4nm,200,300,paso,4,nsb,ar1,0.05,,0.062
107,25,2,sesgada_4nm,200,300,paso,4,nsb,limping,0.05,,0.054
107,25,2,sesgada_4nm,200,300,paso,8,plugin,ar1,0.048,,0.062
107,25,2,sesgada_4nm,200,300,paso,8,plugin,limping,0.048,,0.054
107,25,2,sesgada_4nm,200,300,paso,8,mm,ar1,0.048,,0.062
107,25,2,sesgada_4nm,200,300,paso,8,mm,limping,0.048,,0.054
107,25,2,sesgada_4nm,200,300,paso,8,pt,ar1,0.048,,0.062
107,25,2,sesgada_4nm,200,300,paso,8,pt,limping,0.048,,0.054
107,25,2,sesgada_4nm,200,300,paso,8,nsb,ar1,0.05,,0.062
107,25,2,sesgada_4nm,200,300,paso,8,nsb,limping,0.05,,0.054
108,50,1,dominante_8nm,50,50,dwell,4,plugin,ar1,0.04,0.1,1
108,50,1,dominante_8nm,50,50,dwell,4,plugin,limping,0.04,0.35,1
108,50,1,dominante_8nm,50,50,dwell,4,mm,ar1,0.04,0.1,1
108,50,1,dominante_8nm,50,50,dwell,4,mm,limping,0.04,0.35,1
108,50,1,dominante_8nm,50,50,dwell,4,pt,ar1,0.04,0.1,1
108,50,1,dominante_8nm,50,50,dwell,4,pt,limping,0.04,0.35,1
108,50,1,dominante_8nm,50,50,dwell,4,nsb,ar1,0.036,0.1,1
108,50,1,dominante_8nm,50,50,dwell,4,nsb,limping,0.036,0.35,1
108,50,1,dominante_8nm,50,50,dwell,8,plugin,ar1,0.044,0.2,1
108,50,1,dominante_8nm,50,50,dwell,8,plugin,limping,0.044,0.5,1
108,50,1,dominante_8nm,50,50,dwell,8,mm,ar1,0.044,0.2,1
108,50,1,dominante_8nm,50,50,dwell,8,mm,limping,0.044,0.5,1
108,50,1,dominante_8nm,50,50,dwell,8,pt,ar1,0.044,0.2,1
108,50,1,dominante_8nm,50,50,dwell,8,pt,limping,0.044,0.5,1
108,50,1,dominante_8nm,50,50,dwell,8,nsb,ar1,0.046,0.2,1
108,50,1,dominante_8nm,50,50,dwell,8,nsb,limping,0.046,0.5,1
108,50,1,dominante_8nm,50,50,dwell_paso,8,plugin,ar1,0.038,,0.052
108,50,1,dominante_8nm,50,50,dwell_paso,8,plugin,limping,0.038,,0.066
108,50,1,dominante_8nm,50,50,dwell_paso,8,mm,ar1,0.038,,0.052
108,50,1,dominante_8nm,50,50,dwell_paso,8,mm,limping,0.038,,0.066
108,50,1,dominante_8nm,50,50,dwell_paso,8,pt,ar1,0.038,,0.052
108,50,1,dominante_8nm,50,50,dwell_paso,8,pt,limping,0.038,,0.066
108,50,1,dominante_8nm,50,50,dwell_paso,8,nsb,ar1,0.038,,0.052
108,50,1,dominante_8nm,50,50,dwell_paso,8,nsb,limping,0.038,,0.064
109,50,1,dominante_8nm,50,100,evento,4,plugin,ar1,0.04,0.2,1
109,50,1,dominante_8nm,50,100,evento,4,plugin,limping,0.04,0.5,1
109,50,1,dominante_8nm,50,100,evento,4,mm,ar1,0.038,0.2,1
109,50,1,dominante_8nm,50,100,evento,4,mm,limping,0.038,0.5,1
109,50,1,dominante_8nm,50,100,evento,4,pt,ar1,0.038,0.2,1
109,50,1,dominante_8nm,50,100,evento,4,pt,limping,0.038,0.5,1
109,50,1,dominante_8nm,50,100,evento,4,nsb,ar1,0.042,0.2,1
109,50,1,dominante_8nm,50,100,evento,4,nsb,limping,0.042,0.5,1
109,50,1,dominante_8nm,50,100,evento,8,plugin,ar1,0.046,0.2,1
109,50,1,dominante_8nm,50,100,evento,8,plugin,limping,0.046,0.5,1
109,50,1,dominante_8nm,50,100,evento,8,mm,ar1,0.05,0.2,1
109,50,1,dominante_8nm,50,100,evento,8,mm,limping,0.05,0.5,1
109,50,1,dominante_8nm,50,100,evento,8,pt,ar1,0.046,0.2,1
109,50,1,dominante_8nm,50,100,evento,8,pt,limping,0.046,0.5,1
109,50,1,dominante_8nm,50,100,dwell,4,plugin,ar1,0.05,0.1,1
109,50,1,dominante_8nm,50,100,dwell,4,plugin,limping,0.05,0.35,1
109,50,1,dominante_8nm,50,100,dwell,4,mm,ar1,0.05,0.1,1
109,50,1,dominante_8nm,50,100,dwell,4,mm,limping,0.05,0.35,1
109,50,1,dominante_8nm,50,100,dwell,4,pt,ar1,0.05,0.1,1
109,50,1,dominante_8nm,50,100,dwell,4,pt,limping,0.05,0.35,1
109,50,1,dominante_8nm,50,100,dwell,4,nsb,ar1,0.05,0.1,1
109,50,1,dominante_8nm,50,100,dwell,4,nsb,limping,0.05,0.35,1
109,50,1,dominante_8nm,50,100,dwell,8,plugin,ar1,0.04,0.1,1
109,50,1,dominante_8nm,50,100,dwell,8,plugin,limping,0.04,0.35,1
109,50,1,dominante_8nm,50,100,dwell,8,mm,ar1,0.04,0.1,1
109,50,1,dominante_8nm,50,100,dwell,8,mm,limping,0.04,0.35,1
109,50,1,dominante_8nm,50,100,dwell,8,pt,ar1,0.04,0.1,1
109,50,1,dominante_8nm,50,100,dwell,8,pt,limping,0.04,0.35,1
109,50,1,dominante_8nm,50,100,dwell,8,nsb,ar1,0.04,0.1,1
109,50,1,dominante_8nm,50,100,dwell,8,nsb,limping,0.04,0.35,1
109,50,1,dominante_8nm,50,100,paso,4,plugin,ar1,0.036,,0.072
109,50,1,dominante_8nm,50,100,paso,4,plugin,limping,0.036,,0.062
109,50,1,dominante_8nm,50,100,paso,4,mm,ar1,0.036,,0.072
109,50,1,dominante_8nm,50,100,paso,4,mm,limping,0.036,,0.062
109,50,1,dominante_8nm,50,100,paso,4,pt,ar1,0.036,,0.072
109,50,1,dominante_8nm,50,100,paso,4,pt,limping,0.036,,0.062
109,50,1,dominante_8nm,50,100,paso,4,nsb,ar1,0.036,,0.07
109,50,1,dominante_8nm,50,100,paso,4,nsb,limping,0.036,,0.064
109,50,1,dominante_8nm,50,100,paso,8,plugin,ar1,0.036,,0.072
109,50,1,dominante_8nm,50,100,paso,8,plugin,limping,0.036,,0.062
109,50,1,dominante_8nm,50,100,paso,8,mm,ar1,0.036,,0.072
109,50,1,dominante_8nm,50,100,paso,8,mm,limping,0.036,,0.062
109,50,1,dominante_8nm,50,100,paso,8,pt,ar1,0.036,,0.072
109,50,1,dominante_8nm,50,100,paso,8,pt,limping,0.036,,0.062
109,50,1,dominante_8nm,50,100,paso,8,nsb,ar1,0.036,,0.07
109,50,1,dominante_8nm,50,100,paso,8,nsb,limping,0.036,,0.064
109,50,1,dominante_8nm,50,100,dwell_paso,4,plugin,ar1,0.05,,0.06
109,50,1,dominante_8nm,50,100,dwell_paso,4,plugin,limping,0.05,,0.082
109,50,1,dominante_8nm,50,100,dwell_paso,4,mm,ar1,0.05,,0.06
109,50,1,dominante_8nm,50,100,dwell_paso,4,mm,limping,0.05,,0.082
109,50,1,dominante_8nm,50,100,dwell_paso,4,pt,ar1,0.05,,0.06
109,50,1,dominante_8nm,50,100,dwell_paso,4,pt,limping,0.05,,0.082
109,50,1,dominante_8nm,50,100,dwell_paso,4,nsb,ar1,0.05,,0.062
109,50,1,dominante_8nm,50,100,dwell_paso,4,nsb,limping,0.05,,0.082
110,50,1,dominante_8nm,50,300,dwell_paso,4,plugin,ar1,0.048,,0.05
110,50,1,dominante_8nm,50,300,dwell_paso,4,plugin,limping,0.048,,0.064
110,50,1,dominante_8nm,50,300,dwell_paso,4,mm,ar1,0.048,,0.05
110,50,1,dominante_8nm,50,300,dwell_paso,4,mm,limping,0.048,,0.064
110,50,1,dominante_8nm,50,300,dwell_paso,4,pt,ar1,0.048,,0.05
110,50,1,dominante_8nm,50,300,dwell_paso,4,pt,limping,0.048,,0.064
110,50,1,dominante_8nm,50,300,dwell_paso,4,nsb,ar1,0.05,,0.05
110,50,1,dominante_8nm,50,300,dwell_paso,4,nsb,limping,0.05,,0.064
110,50,1,dominante_8nm,50,300,dwell_paso,8,plugin,ar1,0.038,,0.052
110,50,1,dominante_8nm,50,300,dwell_paso,8,plugin,limping,0.038,,0.06
110,50,1,dominante_8nm,50,300,dwell_paso,8,mm,ar1,0.038,,0.052
110,50,1,dominante_8nm,50,300,dwell_paso,8,mm,limping,0.038,,0.06
110,50,1,dominante_8nm,50,300,dwell_paso,8,pt,ar1,0.038,,0.052
110,50,1,dominante_8nm,50,300,dwell_paso,8,pt,limping,0.038,,0.06
110,50,1,dominante_8nm,50,300,dwell_paso,8,nsb,ar1,0.038,,0.052
110,50,1,dominante_8nm,50,300,dwell_paso,8,nsb,limping,0.038,,0.06
111,50,1,dominante_8nm,100,50,evento,4,plugin,ar1,0.036,0.2,1
111,50,1,dominante_8nm,100,50,evento,4,plugin,limping,0.036,0.5,1
111,50,1,dominante_8nm,100,50,evento,4,mm,ar1,0.034,0.2,1
111,50,1,dominante_8nm,100,50,evento,4,mm,limping,0.034,0.5,1
111,50,1,dominante_8nm,100,50,evento,4,pt,ar1,0.034,0.2,1
111,50,1,dominante_8nm,100,50,evento,4,pt,limping,0.034,0.5,1
111,50,1,dominante_8nm,100,50,evento,4,nsb,ar1,0.042,0.2,1
111,50,1,dominante_8nm,100,50,evento,4,nsb,limping,0.042,0.5,1
111,50,1,dominante_8nm,100,50,evento,8,plugin,ar1,0.032,0.2,1
111,50,1,dominante_8nm,100,50,evento,8,plugin,limping,0.032,0.5,1
111,50,1,dominante_8nm,100,50,evento,8,mm,ar1,0.032,0.2,1
111,50,1,dominante_8nm,100,50,evento,8,mm,limping,0.032,0.5,1
111,50,1,dominante_8nm,100,50,evento,8,pt,ar1,0.032,0.2,1
111,50,1,dominante_8nm,100,50,evento,8,pt,limping,0.032,0.5,1
111,50,1,dominante_8nm,100,50,evento,8,nsb,ar1,0.032,0.2,1
111,50,1,dominante_8nm,100,50,evento,8,nsb,limping,0.032,0.5,1
111,50,1,dominante_8nm,100,50,dwell,8,plugin,ar1,0.048,0.1,1
111,50,1,dominante_8nm,100,50,dwell,8,plugin,limping,0.048,0.35,1
111,50,1,dominante_8nm,100,50,dwell,8,mm,ar1,0.048,0.1,1
111,50,1,dominante_8nm,100,50,dwell,8,mm,limping,0.048,0.35,1
111,50,1,dominante_8nm,100,50,dwell,8,pt,ar1,0.048,0.1,1
111,50,1,dominante_8nm,100,50,dwell,8,pt,limping,0.048,0.35,1
111,50,1,dominante_8nm,100,50,dwell,8,nsb,ar1,0.048,0.1,1
111,50,1,dominante_8nm,100,50,dwell,8,nsb,limping,0.048,0.35,1
111,50,1,dominante_8nm,100,50,paso,4,plugin,ar1,0.05,,0.066
111,50,1,dominante_8nm,100,50,paso,4,plugin,limping,0.05,,0.064
111,50,1,dominante_8nm,100,50,paso,4,mm,ar1,0.05,,0.066
111,50,1,dominante_8nm,100,50,paso,4,mm,limping,0.05,,0.064
111,50,1,dominante_8nm,100,50,paso,4,pt,ar1,0.05,,0.066
111,50,1,dominante_8nm,100,50,paso,4,pt,limping,0.05,,0.064
111,50,1,dominante_8nm,100,50,paso,4,nsb,ar1,0.05,,0.068
111,50,1,dominante_8nm,100,50,paso,4,nsb,limping,0.05,,0.064
111,50,1,dominante_8nm,100,50,paso,8,plugin,ar1,0.05,,0.066
111,50,1,dominante_8nm,100,50,paso,8,plugin,limping,0.05,,0.064
111,50,1,dominante_8nm,100,50,paso,8,mm,ar1,0.05,,0.066
111,50,1,dominante_8nm,100,50,paso,8,mm,limping,0.05,,0.064
111,50,1,dominante_8nm,100,50,paso,8,pt,ar1,0.05,,0.066
111,50,1,dominante_8nm,100,50,paso,8,pt,limping,0.05,,0.064
111,50,1,dominante_8nm,100,50,paso,8,nsb,ar1,0.05,,0.068
111,50,1,dominante_8nm,100,50,paso,8,nsb,limping,0.05,,0.064
111,50,1,dominante_8nm,100,50,dwell_paso,4,plugin,ar1,0.05,,0.07
111,50,1,dominante_8nm,100,50,dwell_paso,4,plugin,limping,0.05,,0.06
111,50,1,dominante_8nm,100,50,dwell_paso,4,mm,ar1,0.05,,0.07
111,50,1,dominante_8nm,100,50,dwell_paso,4,mm,limping,0.05,,0.06
111,50,1,dominante_8nm,100,50,dwell_paso,4,pt,ar1,0.05,,0.07
111,50,1,dominante_8nm,100,50,dwell_paso,4,pt,limping,0.05,,0.06
111,50,1,dominante_8nm,100,50,dwell_paso,4,nsb,ar1,0.05,,0.07
111,50,1,dominante_8nm,100,50,dwell_paso,4,nsb,limping,0.05,,0.06
111,50,1,dominante_8nm,100,50,dwell_paso,8,plugin,ar1,0.042,,0.078
111,50,1,dominante_8nm,100,50,dwell_paso,8,plugin,limping,0.042,,0.052
111,50,1,dominante_8nm,100,50,dwell_paso,8,mm,ar1,0.042,,0.078
111,50,1,dominante_8nm,100,50,dwell_paso,8,mm,limping,0.042,,0.052
111,50,1,dominante_8nm,100,50,dwell_paso,8,pt,ar1,0.042,,0.078
111,50,1,dominante_8nm,100,50,dwell_paso,8,pt,limping,0.042,,0.052
111,50,1,dominante_8nm,100,50,dwell_paso,8,nsb,ar1,0.042,,0.076
111,50,1,dominante_8nm,100,50,dwell_paso,8,nsb,limping,0.042,,0.052
112,50,1,dominante_8nm,100,100,evento,8,plugin,ar1,0.034,0.2,1
112,50,1,dominante_8nm,100,100,evento,8,plugin,limping,0.034,0.35,1
112,50,1,dominante_8nm,100,100,evento,8,mm,ar1,0.034,0.2,1
112,50,1,dominante_8nm,100,100,evento,8,mm,limping,0.034,0.35,1
112,50,1,dominante_8nm,100,100,evento,8,pt,ar1,0.034,0.2,1
112,50,1,dominante_8nm,100,100,evento,8,pt,limping,0.034,0.35,1
112,50,1,dominante_8nm,100,100,evento,8,nsb,ar1,0.032,0.2,1
112,50,1,dominante_8nm,100,100,evento,8,nsb,limping,0.032,0.35,1
113,50,1,dominante_8nm,100,300,evento,8,plugin,ar1,0.05,0.1,1
113,50,1,dominante_8nm,100,300,evento,8,plugin,limping,0.05,0.35,1
113,50,1,dominante_8nm,100,300,evento,8,mm,ar1,0.05,0.1,1
113,50,1,dominante_8nm,100,300,evento,8,mm,limping,0.05,0.35,1
113,50,1,dominante_8nm,100,300,evento,8,pt,ar1,0.05,0.1,1
113,50,1,dominante_8nm,100,300,evento,8,pt,limping,0.05,0.35,1
113,50,1,dominante_8nm,100,300,evento,8,nsb,ar1,0.048,0.1,1
113,50,1,dominante_8nm,100,300,evento,8,nsb,limping,0.048,0.35,1
113,50,1,dominante_8nm,100,300,dwell,8,plugin,ar1,0.048,0.05,1
113,50,1,dominante_8nm,100,300,dwell,8,plugin,limping,0.048,0.2,1
113,50,1,dominante_8nm,100,300,dwell,8,mm,ar1,0.048,0.05,1
113,50,1,dominante_8nm,100,300,dwell,8,mm,limping,0.048,0.2,1
113,50,1,dominante_8nm,100,300,dwell,8,pt,ar1,0.048,0.05,1
113,50,1,dominante_8nm,100,300,dwell,8,pt,limping,0.048,0.2,1
113,50,1,dominante_8nm,100,300,paso,4,plugin,ar1,0.048,,0.058
113,50,1,dominante_8nm,100,300,paso,4,plugin,limping,0.048,,0.058
113,50,1,dominante_8nm,100,300,paso,4,mm,ar1,0.048,,0.058
113,50,1,dominante_8nm,100,300,paso,4,mm,limping,0.048,,0.058
113,50,1,dominante_8nm,100,300,paso,4,pt,ar1,0.048,,0.058
113,50,1,dominante_8nm,100,300,paso,4,pt,limping,0.048,,0.058
113,50,1,dominante_8nm,100,300,paso,4,nsb,ar1,0.048,,0.058
113,50,1,dominante_8nm,100,300,paso,4,nsb,limping,0.048,,0.058
113,50,1,dominante_8nm,100,300,paso,8,plugin,ar1,0.048,,0.058
113,50,1,dominante_8nm,100,300,paso,8,plugin,limping,0.048,,0.058
113,50,1,dominante_8nm,100,300,paso,8,mm,ar1,0.048,,0.058
113,50,1,dominante_8nm,100,300,paso,8,mm,limping,0.048,,0.058
113,50,1,dominante_8nm,100,300,paso,8,pt,ar1,0.048,,0.058
113,50,1,dominante_8nm,100,300,paso,8,pt,limping,0.048,,0.058
113,50,1,dominante_8nm,100,300,paso,8,nsb,ar1,0.048,,0.058
113,50,1,dominante_8nm,100,300,paso,8,nsb,limping,0.048,,0.058
113,50,1,dominante_8nm,100,300,dwell_paso,4,plugin,ar1,0.048,,0.072
113,50,1,dominante_8nm,100,300,dwell_paso,4,plugin,limping,0.048,,0.06
113,50,1,dominante_8nm,100,300,dwell_paso,4,mm,ar1,0.048,,0.072
113,50,1,dominante_8nm,100,300,dwell_paso,4,mm,limping,0.048,,0.06
113,50,1,dominante_8nm,100,300,dwell_paso,4,pt,ar1,0.048,,0.072
113,50,1,dominante_8nm,100,300,dwell_paso,4,pt,limping,0.048,,0.06
113,50,1,dominante_8nm,100,300,dwell_paso,4,nsb,ar1,0.048,,0.072
113,50,1,dominante_8nm,100,300,dwell_paso,4,nsb,limping,0.048,,0.058
113,50,1,dominante_8nm,100,300,dwell_paso,8,plugin,ar1,0.036,,0.064
113,50,1,dominante_8nm,100,300,dwell_paso,8,plugin,limping,0.036,,0.062
113,50,1,dominante_8nm,100,300,dwell_paso,8,mm,ar1,0.036,,0.064
113,50,1,dominante_8nm,100,300,dwell_paso,8,mm,limping,0.036,,0.062
113,50,1,dominante_8nm,100,300,dwell_paso,8,pt,ar1,0.036,,0.064
113,50,1,dominante_8nm,100,300,dwell_paso,8,pt,limping,0.036,,0.062
113,50,1,dominante_8nm,100,300,dwell_paso,8,nsb,ar1,0.034,,0.064
113,50,1,dominante_8nm,100,300,dwell_paso,8,nsb,limping,0.034,,0.064
114,50,1,dominante_8nm,200,50,dwell,4,plugin,ar1,0.046,0.05,1
114,50,1,dominante_8nm,200,50,dwell,4,plugin,limping,0.046,0.35,1
114,50,1,dominante_8nm,200,50,dwell,4,mm,ar1,0.046,0.05,1
114,50,1,dominante_8nm,200,50,dwell,4,mm,limping,0.046,0.35,1
114,50,1,dominante_8nm,200,50,dwell,4,pt,ar1,0.046,0.05,1
114,50,1,dominante_8nm,200,50,dwell,4,pt,limping,0.046,0.35,1
114,50,1,dominante_8nm,200,50,dwell,4,nsb,ar1,0.044,0.05,1
114,50,1,dominante_8nm,200,50,dwell,4,nsb,limping,0.044,0.35,1
114,50,1,dominante_8nm,200,50,dwell,8,plugin,ar1,0.046,0.1,1
114,50,1,dominante_8nm,200,50,dwell,8,plugin,limping,0.046,0.35,1
114,50,1,dominante_8nm,200,50,dwell,8,mm,ar1,0.046,0.1,1
114,50,1,dominante_8nm,200,50,dwell,8,mm,limping,0.046,0.35,1
114,50,1,dominante_8nm,200,50,dwell,8,pt,ar1,0.046,0.1,1
114,50,1,dominante_8nm,200,50,dwell,8,pt,limping,0.046,0.35,1
114,50,1,dominante_8nm,200,50,dwell,8,nsb,ar1,0.048,0.1,1
114,50,1,dominante_8nm,200,50,dwell,8,nsb,limping,0.048,0.35,1
115,50,1,dominante_8nm,200,100,evento,4,plugin,ar1,0.046,0.1,1
115,50,1,dominante_8nm,200,100,evento,4,plugin,limping,0.046,0.35,1
115,50,1,dominante_8nm,200,100,evento,4,mm,ar1,0.046,0.1,1
115,50,1,dominante_8nm,200,100,evento,4,mm,limping,0.046,0.35,1
115,50,1,dominante_8nm,200,100,evento,4,pt,ar1,0.046,0.1,1
115,50,1,dominante_8nm,200,100,evento,4,pt,limping,0.046,0.35,1
115,50,1,dominante_8nm,200,100,evento,4,nsb,ar1,0.046,0.1,1
115,50,1,dominante_8nm,200,100,evento,4,nsb,limping,0.046,0.35,1
115,50,1,dominante_8nm,200,100,evento,8,plugin,ar1,0.04,0.1,1
115,50,1,dominante_8nm,200,100,evento,8,plugin,limping,0.04,0.35,1
115,50,1,dominante_8nm,200,100,evento,8,mm,ar1,0.042,0.1,1
115,50,1,dominante_8nm,200,100,evento,8,mm,limping,0.042,0.35,1
115,50,1,dominante_8nm,200,100,evento,8,pt,ar1,0.042,0.1,1
115,50,1,dominante_8nm,200,100,evento,8,pt,limping,0.042,0.35,1
115,50,1,dominante_8nm,200,100,evento,8,nsb,ar1,0.044,0.1,1
115,50,1,dominante_8nm,200,100,evento,8,nsb,limping,0.044,0.35,1
115,50,1,dominante_8nm,200,100,dwell,4,plugin,ar1,0.038,0.05,1
115,50,1,dominante_8nm,200,100,dwell,4,plugin,limping,0.038,0.2,1
115,50,1,dominante_8nm,200,100,dwell,4,mm,ar1,0.038,0.05,1
115,50,1,dominante_8nm,200,100,dwell,4,mm,limping,0.038,0.2,1
115,50,1,dominante_8nm,200,100,dwell,4,pt,ar1,0.038,0.05,1
115,50,1,dominante_8nm,200,100,dwell,4,pt,limping,0.038,0.2,1
115,50,1,dominante_8nm,200,100,dwell,4,nsb,ar1,0.038,0.05,1
115,50,1,dominante_8nm,200,100,dwell,4,nsb,limping,0.038,0.2,1
115,50,1,dominante_8nm,200,100,paso,4,plugin,ar1,0.048,,0.06
115,50,1,dominante_8nm,200,100,paso,4,plugin,limping,0.048,,0.058
115,50,1,dominante_8nm,200,100,paso,4,mm,ar1,0.048,,0.06
115,50,1,dominante_8nm,200,100,paso,4,mm,limping,0.048,,0.058
115,50,1,dominante_8nm,200,100,paso,4,pt,ar1,0.048,,0.06
115,50,1,dominante_8nm,200,100,paso,4,pt,limping,0.048,,0.058
115,50,1,dominante_8nm,200,100,paso,4,nsb,ar1,0.048,,0.062
115,50,1,dominante_8nm,200,100,paso,4,nsb,limping,0.048,,0.058
115,50,1,dominante_8nm,200,100,paso,8,plugin,ar1,0.048,,0.06
115,50,1,dominante_8nm,200,100,paso,8,plugin,limping,0.048,,0.058
115,50,1,dominante_8nm,200,100,paso,8,mm,ar1,0.048,,0.06
115,50,1,dominante_8nm,200,100,paso,8,mm,limping,0.048,,0.058
115,50,1,dominante_8nm,200,100,paso,8,pt,ar1,0.048,,0.06
115,50,1,dominante_8nm,200,100,paso,8,pt,limping,0.048,,0.058
115,50,1,dominante_8nm,200,100,paso,8,nsb,ar1,0.048,,0.062
115,50,1,dominante_8nm,200,100,paso,8,nsb,limping,0.048,,0.058
115,50,1,dominante_8nm,200,100,dwell_paso,4,plugin,ar1,0.044,,0.082
115,50,1,dominante_8nm,200,100,dwell_paso,4,plugin,limping,0.044,,0.058
115,50,1,dominante_8nm,200,100,dwell_paso,4,mm,ar1,0.044,,0.082
115,50,1,dominante_8nm,200,100,dwell_paso,4,mm,limping,0.044,,0.058
115,50,1,dominante_8nm,200,100,dwell_paso,4,pt,ar1,0.044,,0.082
115,50,1,dominante_8nm,200,100,dwell_paso,4,pt,limping,0.044,,0.058
115,50,1,dominante_8nm,200,100,dwell_paso,4,nsb,ar1,0.044,,0.082
115,50,1,dominante_8nm,200,100,dwell_paso,4,nsb,limping,0.044,,0.058
115,50,1,dominante_8nm,200,100,dwell_paso,8,plugin,ar1,0.048,,0.068
115,50,1,dominante_8nm,200,100,dwell_paso,8,plugin,limping,0.048,,0.052
115,50,1,dominante_8nm,200,100,dwell_paso,8,mm,ar1,0.048,,0.068
115,50,1,dominante_8nm,200,100,dwell_paso,8,mm,limping,0.048,,0.052
115,50,1,dominante_8nm,200,100,dwell_paso,8,pt,ar1,0.048,,0.068
115,50,1,dominante_8nm,200,100,dwell_paso,8,pt,limping,0.048,,0.052
115,50,1,dominante_8nm,200,100,dwell_paso,8,nsb,ar1,0.048,,0.068
115,50,1,dominante_8nm,200,100,dwell_paso,8,nsb,limping,0.048,,0.052
116,50,1,dominante_8nm,200,300,evento,4,plugin,ar1,0.034,0.05,1
116,50,1,dominante_8nm,200,300,evento,4,plugin,limping,0.034,0.2,1
116,50,1,dominante_8nm,200,300,evento,4,mm,ar1,0.034,0.05,1
116,50,1,dominante_8nm,200,300,evento,4,mm,limping,0.034,0.2,1
116,50,1,dominante_8nm,200,300,evento,4,pt,ar1,0.034,0.05,1
116,50,1,dominante_8nm,200,300,evento,4,pt,limping,0.034,0.2,1
116,50,1,dominante_8nm,200,300,evento,4,nsb,ar1,0.034,0.05,1
116,50,1,dominante_8nm,200,300,evento,4,nsb,limping,0.034,0.2,1
116,50,1,dominante_8nm,200,300,evento,8,plugin,ar1,0.042,0.05,1
116,50,1,dominante_8nm,200,300,evento,8,plugin,limping,0.042,0.35,1
116,50,1,dominante_8nm,200,300,evento,8,mm,ar1,0.042,0.05,1
116,50,1,dominante_8nm,200,300,evento,8,mm,limping,0.042,0.35,1
116,50,1,dominante_8nm,200,300,evento,8,pt,ar1,0.042,0.05,1
116,50,1,dominante_8nm,200,300,evento,8,pt,limping,0.042,0.35,1
116,50,1,dominante_8nm,200,300,evento,8,nsb,ar1,0.046,0.05,1
116,50,1,dominante_8nm,200,300,evento,8,nsb,limping,0.046,0.35,1
116,50,1,dominante_8nm,200,300,dwell,8,plugin,ar1,0.038,0.05,1
116,50,1,dominante_8nm,200,300,dwell,8,plugin,limping,0.038,0.2,1
116,50,1,dominante_8nm,200,300,dwell,8,mm,ar1,0.038,0.05,1
116,50,1,dominante_8nm,200,300,dwell,8,mm,limping,0.038,0.2,1
116,50,1,dominante_8nm,200,300,dwell,8,pt,ar1,0.038,0.05,1
116,50,1,dominante_8nm,200,300,dwell,8,pt,limping,0.038,0.2,1
116,50,1,dominante_8nm,200,300,dwell,8,nsb,ar1,0.038,0.05,1
116,50,1,dominante_8nm,200,300,dwell,8,nsb,limping,0.038,0.2,1
116,50,1,dominante_8nm,200,300,paso,4,plugin,ar1,0.036,,0.054
116,50,1,dominante_8nm,200,300,paso,4,plugin,limping,0.036,,0.062
116,50,1,dominante_8nm,200,300,paso,4,mm,ar1,0.036,,0.054
116,50,1,dominante_8nm,200,300,paso,4,mm,limping,0.036,,0.062
116,50,1,dominante_8nm,200,300,paso,4,pt,ar1,0.036,,0.054
116,50,1,dominante_8nm,200,300,paso,4,pt,limping,0.036,,0.062
116,50,1,dominante_8nm,200,300,paso,4,nsb,ar1,0.038,,0.056
116,50,1,dominante_8nm,200,300,paso,4,nsb,limping,0.038,,0.064
116,50,1,dominante_8nm,200,300,paso,8,plugin,ar1,0.036,,0.054
116,50,1,dominante_8nm,200,300,paso,8,plugin,limping,0.036,,0.062
116,50,1,dominante_8nm,200,300,paso,8,mm,ar1,0.036,,0.054
116,50,1,dominante_8nm,200,300,paso,8,mm,limping,0.036,,0.062
116,50,1,dominante_8nm,200,300,paso,8,pt,ar1,0.036,,0.054
116,50,1,dominante_8nm,200,300,paso,8,pt,limping,0.036,,0.062
116,50,1,dominante_8nm,200,300,paso,8,nsb,ar1,0.038,,0.056
116,50,1,dominante_8nm,200,300,paso,8,nsb,limping,0.038,,0.064
116,50,1,dominante_8nm,200,300,dwell_paso,4,plugin,ar1,0.044,,0.056
116,50,1,dominante_8nm,200,300,dwell_paso,4,plugin,limping,0.044,,0.064
116,50,1,dominante_8nm,200,300,dwell_paso,4,mm,ar1,0.044,,0.056
116,50,1,dominante_8nm,200,300,dwell_paso,4,mm,limping,0.044,,0.064
116,50,1,dominante_8nm,200,300,dwell_paso,4,pt,ar1,0.044,,0.056
116,50,1,dominante_8nm,200,300,dwell_paso,4,pt,limping,0.044,,0.064
116,50,1,dominante_8nm,200,300,dwell_paso,4,nsb,ar1,0.044,,0.056
116,50,1,dominante_8nm,200,300,dwell_paso,4,nsb,limping,0.044,,0.064
117,50,1,equilibrada,50,50,evento,4,plugin,ar1,0.05,0.2,1
117,50,1,equilibrada,50,50,evento,4,plugin,limping,0.05,0.5,0.996
117,50,1,equilibrada,50,50,evento,4,mm,ar1,0.05,0.2,1
117,50,1,equilibrada,50,50,evento,4,mm,limping,0.05,0.5,0.996
117,50,1,equilibrada,50,50,evento,4,pt,ar1,0.05,0.2,1
117,50,1,equilibrada,50,50,evento,4,pt,limping,0.05,0.5,0.996
117,50,1,equilibrada,50,50,evento,4,nsb,ar1,0.05,0.2,1
117,50,1,equilibrada,50,50,evento,4,nsb,limping,0.05,0.5,0.996
117,50,1,equilibrada,50,50,evento,8,plugin,ar1,0.042,0.35,1
117,50,1,equilibrada,50,50,evento,8,plugin,limping,0.042,0.5,0.918
117,50,1,equilibrada,50,50,evento,8,mm,ar1,0.042,0.35,1
117,50,1,equilibrada,50,50,evento,8,mm,limping,0.042,0.5,0.922
117,50,1,equilibrada,50,50,evento,8,pt,ar1,0.042,0.35,1
117,50,1,equilibrada,50,50,evento,8,pt,limping,0.042,0.5,0.918
117,50,1,equilibrada,50,50,evento,8,nsb,ar1,0.044,0.35,1
117,50,1,equilibrada,50,50,evento,8,nsb,limping,0.044,0.5,0.906
117,50,1,equilibrada,50,50,dwell,4,plugin,ar1,0.032,0.1,1
117,50,1,equilibrada,50,50,dwell,4,plugin,limping,0.032,0.35,1
117,50,1,equilibrada,50,50,dwell,4,mm,ar1,0.032,0.1,1
117,50,1,equilibrada,50,50,dwell,4,mm,limping,0.032,0.35,1
117,50,1,equilibrada,50,50,dwell,4,pt,ar1,0.032,0.1,1
117,50,1,equilibrada,50,50,dwell,4,pt,limping,0.032,0.35,1
117,50,1,equilibrada,50,50,dwell,4,nsb,ar1,0.032,0.1,1
117,50,1,equilibrada,50,50,dwell,4,nsb,limping,0.032,0.35,1
117,50,1,equilibrada,50,50,paso,4,plugin,ar1,0.048,,0.064
117,50,1,equilibrada,50,50,paso,4,plugin,limping,0.048,,0.064
117,50,1,equilibrada,50,50,paso,4,mm,ar1,0.048,,0.064
117,50,1,equilibrada,50,50,paso,4,mm,limping,0.048,,0.064
117,50,1,equilibrada,50,50,paso,4,pt,ar1,0.048,,0.064
117,50,1,equilibrada,50,50,paso,4,pt,limping,0.048,,0.064
117,50,1,equilibrada,50,50,paso,4,nsb,ar1,0.048,,0.064
117,50,1,equilibrada,50,50,paso,4,nsb,limping,0.048,,0.064
117,50,1,equilibrada,50,50,paso,8,plugin,ar1,0.048,,0.064
117,50,1,equilibrada,50,50,paso,8,plugin,limping,0.048,,0.064
117,50,1,equilibrada,50,50,paso,8,mm,ar1,0.048,,0.064
117,50,1,equilibrada,50,50,paso,8,mm,limping,0.048,,0.064
117,50,1,equilibrada,50,50,paso,8,pt,ar1,0.048,,0.064
117,50,1,equilibrada,50,50,paso,8,pt,limping,0.048,,0.064
117,50,1,equilibrada,50,50,paso,8,nsb,ar1,0.048,,0.064
117,50,1,equilibrada,50,50,paso,8,nsb,limping,0.048,,0.064
117,50,1,equilibrada,50,50,dwell_paso,4,plugin,ar1,0.048,,0.052
117,50,1,equilibrada,50,50,dwell_paso,4,plugin,limping,0.048,,0.06
117,50,1,equilibrada,50,50,dwell_paso,4,mm,ar1,0.048,,0.052
117,50,1,equilibrada,50,50,dwell_paso,4,mm,limping,0.048,,0.06
117,50,1,equilibrada,50,50,dwell_paso,4,pt,ar1,0.048,,0.052
117,50,1,equilibrada,50,50,dwell_paso,4,pt,limping,0.048,,0.06
117,50,1,equilibrada,50,50,dwell_paso,4,nsb,ar1,0.05,,0.054
117,50,1,equilibrada,50,50,dwell_paso,4,nsb,limping,0.05,,0.06
117,50,1,equilibrada,50,50,dwell_paso,8,plugin,ar1,0.032,,0.068
117,50,1,equilibrada,50,50,dwell_paso,8,plugin,limping,0.032,,0.056
117,50,1,equilibrada,50,50,dwell_paso,8,mm,ar1,0.032,,0.068
117,50,1,equilibrada,50,50,dwell_paso,8,mm,limping,0.032,,0.056
117,50,1,equilibrada,50,50,dwell_paso,8,pt,ar1,0.032,,0.068
117,50,1,equilibrada,50,50,dwell_paso,8,pt,limping,0.032,,0.056
117,50,1,equilibrada,50,50,dwell_paso,8,nsb,ar1,0.034,,0.07
117,50,1,equilibrada,50,50,dwell_paso,8,nsb,limping,0.034,,0.056
118,50,1,equilibrada,50,100,evento,8,plugin,ar1,0.046,0.2,1
118,50,1,equilibrada,50,100,evento,8,plugin,limping,0.046,0.5,1
118,50,1,equilibrada,50,100,evento,8,mm,ar1,0.046,0.2,1
118,50,1,equilibrada,50,100,evento,8,mm,limping,0.046,0.5,1
118,50,1,equilibrada,50,100,evento,8,pt,ar1,0.046,0.2,1
118,50,1,equilibrada,50,100,evento,8,pt,limping,0.046,0.5,1
118,50,1,equilibrada,50,100,evento,8,nsb,ar1,0.046,0.2,1
118,50,1,equilibrada,50,100,evento,8,nsb,limping,0.046,0.5,1
118,50,1,equilibrada,50,100,dwell,4,plugin,ar1,0.038,0.1,1
118,50,1,equilibrada,50,100,dwell,4,plugin,limping,0.038,0.35,1
118,50,1,equilibrada,50,100,dwell,4,mm,ar1,0.038,0.1,1
118,50,1,equilibrada,50,100,dwell,4,mm,limping,0.038,0.35,1
118,50,1,equilibrada,50,100,dwell,4,pt,ar1,0.038,0.1,1
118,50,1,equilibrada,50,100,dwell,4,pt,limping,0.038,0.35,1
118,50,1,equilibrada,50,100,dwell,4,nsb,ar1,0.038,0.1,1
118,50,1,equilibrada,50,100,dwell,4,nsb,limping,0.038,0.35,1
118,50,1,equilibrada,50,100,dwell_paso,4,plugin,ar1,0.05,,0.062
118,50,1,equilibrada,50,100,dwell_paso,4,plugin,limping,0.05,,0.054
118,50,1,equilibrada,50,100,dwell_paso,4,mm,ar1,0.05,,0.062
118,50,1,equilibrada,50,100,dwell_paso,4,mm,limping,0.05,,0.054
118,50,1,equilibrada,50,100,dwell_paso,4,pt,ar1,0.05,,0.062
118,50,1,equilibrada,50,100,dwell_paso,4,pt,limping,0.05,,0.054
118,50,1,equilibrada,50,100,dwell_paso,4,nsb,ar1,0.05,,0.062
118,50,1,equilibrada,50,100,dwell_paso,4,nsb,limping,0.05,,0.056
118,50,1,equilibrada,50,100,dwell_paso,8,plugin,ar1,0.038,,0.07
118,50,1,equilibrada,50,100,dwell_paso,8,plugin,limping,0.038,,0.054
118,50,1,equilibrada,50,100,dwell_paso,8,mm,ar1,0.038,,0.07
118,50,1,equilibrada,50,100,dwell_paso,8,mm,limping,0.038,,0.054
118,50,1,equilibrada,50,100,dwell_paso,8,pt,ar1,0.038,,0.07
118,50,1,equilibrada,50,100,dwell_paso,8,pt,limping,0.038,,0.054
118,50,1,equilibrada,50,100,dwell_paso,8,nsb,ar1,0.038,,0.068
118,50,1,equilibrada,50,100,dwell_paso,8,nsb,limping,0.038,,0.052
119,50,1,equilibrada,50,300,evento,8,plugin,ar1,0.038,0.1,1
119,50,1,equilibrada,50,300,evento,8,plugin,limping,0.038,0.35,1
119,50,1,equilibrada,50,300,evento,8,mm,ar1,0.038,0.1,1
119,50,1,equilibrada,50,300,evento,8,mm,limping,0.038,0.35,1
119,50,1,equilibrada,50,300,evento,8,pt,ar1,0.038,0.1,1
119,50,1,equilibrada,50,300,evento,8,pt,limping,0.038,0.35,1
119,50,1,equilibrada,50,300,evento,8,nsb,ar1,0.038,0.1,1
119,50,1,equilibrada,50,300,evento,8,nsb,limping,0.038,0.35,1
119,50,1,equilibrada,50,300,dwell,4,plugin,ar1,0.05,0.05,1
119,50,1,equilibrada,50,300,dwell,4,plugin,limping,0.05,0.35,1
119,50,1,equilibrada,50,300,dwell,4,mm,ar1,0.05,0.05,1
119,50,1,equilibrada,50,300,dwell,4,mm,limping,0.05,0.35,1
119,50,1,equilibrada,50,300,dwell,4,pt,ar1,0.05,0.05,1
119,50,1,equilibrada,50,300,dwell,4,pt,limping,0.05,0.35,1
119,50,1,equilibrada,50,300,dwell,4,nsb,ar1,0.05,0.05,1
119,50,1,equilibrada,50,300,dwell,4,nsb,limping,0.05,0.35,1
119,50,1,equilibrada,50,300,dwell,8,plugin,ar1,0.044,0.05,1
119,50,1,equilibrada,50,300,dwell,8,plugin,limping,0.044,0.35,1
119,50,1,equilibrada,50,300,dwell,8,mm,ar1,0.044,0.05,1
119,50,1,equilibrada,50,300,dwell,8,mm,limping,0.044,0.35,1
119,50,1,equilibrada,50,300,dwell,8,pt,ar1,0.044,0.05,1
119,50,1,equilibrada,50,300,dwell,8,pt,limping,0.044,0.35,1
119,50,1,equilibrada,50,300,dwell,8,nsb,ar1,0.042,0.05,1
119,50,1,equilibrada,50,300,dwell,8,nsb,limping,0.042,0.35,1
119,50,1,equilibrada,50,300,paso,4,plugin,ar1,0.032,,0.06
119,50,1,equilibrada,50,300,paso,4,plugin,limping,0.032,,0.07
119,50,1,equilibrada,50,300,paso,4,mm,ar1,0.032,,0.06
119,50,1,equilibrada,50,300,paso,4,mm,limping,0.032,,0.07
119,50,1,equilibrada,50,300,paso,4,pt,ar1,0.032,,0.06
119,50,1,equilibrada,50,300,paso,4,pt,limping,0.032,,0.07
119,50,1,equilibrada,50,300,paso,4,nsb,ar1,0.034,,0.06
119,50,1,equilibrada,50,300,paso,4,nsb,limping,0.034,,0.07
119,50,1,equilibrada,50,300,paso,8,plugin,ar1,0.032,,0.06
119,50,1,equilibrada,50,300,paso,8,plugin,limping,0.032,,0.07
119,50,1,equilibrada,50,300,paso,8,mm,ar1,0.032,,0.06
119,50,1,equilibrada,50,300,paso,8,mm,limping,0.032,,0.07
119,50,1,equilibrada,50,300,paso,8,pt,ar1,0.032,,0.06
119,50,1,equilibrada,50,300,paso,8,pt,limping,0.032,,0.07
119,50,1,equilibrada,50,300,paso,8,nsb,ar1,0.034,,0.06
119,50,1,equilibrada,50,300,paso,8,nsb,limping,0.034,,0.07
119,50,1,equilibrada,50,300,dwell_paso,4,plugin,ar1,0.048,,0.064
119,50,1,equilibrada,50,300,dwell_paso,4,plugin,limping,0.048,,0.054
119,50,1,equilibrada,50,300,dwell_paso,4,mm,ar1,0.048,,0.064
119,50,1,equilibrada,50,300,dwell_paso,4,mm,limping,0.048,,0.054
119,50,1,equilibrada,50,300,dwell_paso,4,pt,ar1,0.048,,0.064
119,50,1,equilibrada,50,300,dwell_paso,4,pt,limping,0.048,,0.054
119,50,1,equilibrada,50,300,dwell_paso,4,nsb,ar1,0.048,,0.064
119,50,1,equilibrada,50,300,dwell_paso,4,nsb,limping,0.048,,0.052
119,50,1,equilibrada,50,300,dwell_paso,8,nsb,ar1,0.05,,0.062
119,50,1,equilibrada,50,300,dwell_paso,8,nsb,limping,0.05,,0.054
120,50,1,equilibrada,100,50,evento,4,plugin,ar1,0.042,0.2,1
120,50,1,equilibrada,100,50,evento,4,plugin,limping,0.042,0.5,1
120,50,1,equilibrada,100,50,evento,4,mm,ar1,0.042,0.2,1
120,50,1,equilibrada,100,50,evento,4,mm,limping,0.042,0.5,1
120,50,1,equilibrada,100,50,evento,4,pt,ar1,0.042,0.2,1
120,50,1,equilibrada,100,50,evento,4,pt,limping,0.042,0.5,1
120,50,1,equilibrada,100,50,evento,4,nsb,ar1,0.042,0.2,1
120,50,1,equilibrada,100,50,evento,4,nsb,limping,0.042,0.5,1
120,50,1,equilibrada,100,50,dwell,4,plugin,ar1,0.04,0.1,1
120,50,1,equilibrada,100,50,dwell,4,plugin,limping,0.04,0.35,1
120,50,1,equilibrada,100,50,dwell,4,mm,ar1,0.04,0.1,1
120,50,1,equilibrada,100,50,dwell,4,mm,limping,0.04,0.35,1
120,50,1,equilibrada,100,50,dwell,4,pt,ar1,0.04,0.1,1
120,50,1,equilibrada,100,50,dwell,4,pt,limping,0.04,0.35,1
120,50,1,equilibrada,100,50,dwell,4,nsb,ar1,0.04,0.1,1
120,50,1,equilibrada,100,50,dwell,4,nsb,limping,0.04,0.35,1
120,50,1,equilibrada,100,50,dwell_paso,4,plugin,ar1,0.042,,0.052
120,50,1,equilibrada,100,50,dwell_paso,4,plugin,limping,0.042,,0.05
120,50,1,equilibrada,100,50,dwell_paso,4,mm,ar1,0.042,,0.052
120,50,1,equilibrada,100,50,dwell_paso,4,mm,limping,0.042,,0.05
120,50,1,equilibrada,100,50,dwell_paso,4,pt,ar1,0.042,,0.052
120,50,1,equilibrada,100,50,dwell_paso,4,pt,limping,0.042,,0.05
120,50,1,equilibrada,100,50,dwell_paso,4,nsb,ar1,0.042,,0.05
120,50,1,equilibrada,100,50,dwell_paso,4,nsb,limping,0.042,,0.052
121,50,1,equilibrada,100,100,evento,8,plugin,ar1,0.026,0.1,1
121,50,1,equilibrada,100,100,evento,8,plugin,limping,0.026,0.35,1
121,50,1,equilibrada,100,100,evento,8,mm,ar1,0.026,0.1,1
121,50,1,equilibrada,100,100,evento,8,mm,limping,0.026,0.35,1
121,50,1,equilibrada,100,100,evento,8,pt,ar1,0.026,0.1,1
121,50,1,equilibrada,100,100,evento,8,pt,limping,0.026,0.35,1
121,50,1,equilibrada,100,100,evento,8,nsb,ar1,0.028,0.1,1
121,50,1,equilibrada,100,100,evento,8,nsb,limping,0.028,0.35,1
121,50,1,equilibrada,100,100,dwell,4,plugin,ar1,0.04,0.05,1
121,50,1,equilibrada,100,100,dwell,4,plugin,limping,0.04,0.35,1
121,50,1,equilibrada,100,100,dwell,4,mm,ar1,0.04,0.05,1
121,50,1,equilibrada,100,100,dwell,4,mm,limping,0.04,0.35,1
121,50,1,equilibrada,100,100,dwell,4,pt,ar1,0.04,0.05,1
121,50,1,equilibrada,100,100,dwell,4,pt,limping,0.04,0.35,1
121,50,1,equilibrada,100,100,dwell,4,nsb,ar1,0.042,0.05,1
121,50,1,equilibrada,100,100,dwell,4,nsb,limping,0.042,0.35,1
121,50,1,equilibrada,100,100,dwell,8,plugin,ar1,0.04,0.1,1
121,50,1,equilibrada,100,100,dwell,8,plugin,limping,0.04,0.35,1
121,50,1,equilibrada,100,100,dwell,8,mm,ar1,0.04,0.1,1
121,50,1,equilibrada,100,100,dwell,8,mm,limping,0.04,0.35,1
121,50,1,equilibrada,100,100,dwell,8,pt,ar1,0.04,0.1,1
121,50,1,equilibrada,100,100,dwell,8,pt,limping,0.04,0.35,1
121,50,1,equilibrada,100,100,dwell,8,nsb,ar1,0.04,0.1,1
121,50,1,equilibrada,100,100,dwell,8,nsb,limping,0.04,0.35,1
121,50,1,equilibrada,100,100,paso,4,plugin,ar1,0.046,,0.064
121,50,1,equilibrada,100,100,paso,4,plugin,limping,0.046,,0.066
121,50,1,equilibrada,100,100,paso,4,mm,ar1,0.046,,0.064
121,50,1,equilibrada,100,100,paso,4,mm,limping,0.046,,0.066
121,50,1,equilibrada,100,100,paso,4,pt,ar1,0.046,,0.064
121,50,1,equilibrada,100,100,paso,4,pt,limping,0.046,,0.066
121,50,1,equilibrada,100,100,paso,4,nsb,ar1,0.046,,0.064
121,50,1,equilibrada,100,100,paso,4,nsb,limping,0.046,,0.064
121,50,1,equilibrada,100,100,paso,8,plugin,ar1,0.046,,0.064
121,50,1,equilibrada,100,100,paso,8,plugin,limping,0.046,,0.066
121,50,1,equilibrada,100,100,paso,8,mm,ar1,0.046,,0.064
121,50,1,equilibrada,100,100,paso,8,mm,limping,0.046,,0.066
121,50,1,equilibrada,100,100,paso,8,pt,ar1,0.046,,0.064
121,50,1,equilibrada,100,100,paso,8,pt,limping,0.046,,0.066
121,50,1,equilibrada,100,100,paso,8,nsb,ar1,0.046,,0.064
121,50,1,equilibrada,100,100,paso,8,nsb,limping,0.046,,0.064
121,50,1,equilibrada,100,100,dwell_paso,4,plugin,ar1,0.046,,0.062
121,50,1,equilibrada,100,100,dwell_paso,4,plugin,limping,0.046,,0.06
121,50,1,equilibrada,100,100,dwell_paso,4,mm,ar1,0.046,,0.062
121,50,1,equilibrada,100,100,dwell_paso,4,mm,limping,0.046,,0.06
121,50,1,equilibrada,100,100,dwell_paso,4,pt,ar1,0.046,,0.062
121,50,1,equilibrada,100,100,dwell_paso,4,pt,limping,0.046,,0.06
121,50,1,equilibrada,100,100,dwell_paso,4,nsb,ar1,0.048,,0.062
121,50,1,equilibrada,100,100,dwell_paso,4,nsb,limping,0.048,,0.06
121,50,1,equilibrada,100,100,dwell_paso,8,plugin,ar1,0.034,,0.06
121,50,1,equilibrada,100,100,dwell_paso,8,plugin,limping,0.034,,0.056
121,50,1,equilibrada,100,100,dwell_paso,8,mm,ar1,0.034,,0.06
121,50,1,equilibrada,100,100,dwell_paso,8,mm,limping,0.034,,0.056
121,50,1,equilibrada,100,100,dwell_paso,8,pt,ar1,0.034,,0.06
121,50,1,equilibrada,100,100,dwell_paso,8,pt,limping,0.034,,0.056
121,50,1,equilibrada,100,100,dwell_paso,8,nsb,ar1,0.034,,0.062
121,50,1,equilibrada,100,100,dwell_paso,8,nsb,limping,0.034,,0.054
122,50,1,equilibrada,100,300,evento,4,plugin,ar1,0.044,0.05,1
122,50,1,equilibrada,100,300,evento,4,plugin,limping,0.044,0.35,1
122,50,1,equilibrada,100,300,evento,4,mm,ar1,0.044,0.05,1
122,50,1,equilibrada,100,300,evento,4,mm,limping,0.044,0.35,1
122,50,1,equilibrada,100,300,evento,4,pt,ar1,0.044,0.05,1
122,50,1,equilibrada,100,300,evento,4,pt,limping,0.044,0.35,1
122,50,1,equilibrada,100,300,evento,4,nsb,ar1,0.042,0.05,1
122,50,1,equilibrada,100,300,evento,4,nsb,limping,0.042,0.35,1
122,50,1,equilibrada,100,300,evento,8,plugin,ar1,0.048,0.1,1
122,50,1,equilibrada,100,300,evento,8,plugin,limping,0.048,0.35,1
122,50,1,equilibrada,100,300,evento,8,mm,ar1,0.048,0.1,1
122,50,1,equilibrada,100,300,evento,8,mm,limping,0.048,0.35,1
122,50,1,equilibrada,100,300,evento,8,pt,ar1,0.048,0.1,1
122,50,1,equilibrada,100,300,evento,8,pt,limping,0.048,0.35,1
122,50,1,equilibrada,100,300,evento,8,nsb,ar1,0.05,0.1,1
122,50,1,equilibrada,100,300,evento,8,nsb,limping,0.05,0.35,1
122,50,1,equilibrada,100,300,paso,4,plugin,ar1,0.05,,0.076
122,50,1,equilibrada,100,300,paso,4,plugin,limping,0.05,,0.058
122,50,1,equilibrada,100,300,paso,4,mm,ar1,0.05,,0.076
122,50,1,equilibrada,100,300,paso,4,mm,limping,0.05,,0.058
122,50,1,equilibrada,100,300,paso,4,pt,ar1,0.05,,0.076
122,50,1,equilibrada,100,300,paso,4,pt,limping,0.05,,0.058
122,50,1,equilibrada,100,300,paso,4,nsb,ar1,0.05,,0.076
122,50,1,equilibrada,100,300,paso,4,nsb,limping,0.05,,0.058
122,50,1,equilibrada,100,300,paso,8,plugin,ar1,0.05,,0.076
122,50,1,equilibrada,100,300,paso,8,plugin,limping,0.05,,0.058
122,50,1,equilibrada,100,300,paso,8,mm,ar1,0.05,,0.076
122,50,1,equilibrada,100,300,paso,8,mm,limping,0.05,,0.058
122,50,1,equilibrada,100,300,paso,8,pt,ar1,0.05,,0.076
122,50,1,equilibrada,100,300,paso,8,pt,limping,0.05,,0.058
122,50,1,equilibrada,100,300,paso,8,nsb,ar1,0.05,,0.076
122,50,1,equilibrada,100,300,paso,8,nsb,limping,0.05,,0.058
122,50,1,equilibrada,100,300,dwell_paso,4,plugin,ar1,0.04,,0.058
122,50,1,equilibrada,100,300,dwell_paso,4,plugin,limping,0.04,,0.066
122,50,1,equilibrada,100,300,dwell_paso,4,mm,ar1,0.04,,0.058
122,50,1,equilibrada,100,300,dwell_paso,4,mm,limping,0.04,,0.066
122,50,1,equilibrada,100,300,dwell_paso,4,pt,ar1,0.04,,0.058
122,50,1,equilibrada,100,300,dwell_paso,4,pt,limping,0.04,,0.066
122,50,1,equilibrada,100,300,dwell_paso,4,nsb,ar1,0.04,,0.058
122,50,1,equilibrada,100,300,dwell_paso,4,nsb,limping,0.04,,0.066
122,50,1,equilibrada,100,300,dwell_paso,8,plugin,ar1,0.046,,0.064
122,50,1,equilibrada,100,300,dwell_paso,8,plugin,limping,0.046,,0.066
122,50,1,equilibrada,100,300,dwell_paso,8,mm,ar1,0.046,,0.064
122,50,1,equilibrada,100,300,dwell_paso,8,mm,limping,0.046,,0.066
122,50,1,equilibrada,100,300,dwell_paso,8,pt,ar1,0.046,,0.064
122,50,1,equilibrada,100,300,dwell_paso,8,pt,limping,0.046,,0.066
122,50,1,equilibrada,100,300,dwell_paso,8,nsb,ar1,0.046,,0.064
122,50,1,equilibrada,100,300,dwell_paso,8,nsb,limping,0.046,,0.066
123,50,1,equilibrada,200,50,evento,8,plugin,ar1,0.034,0.2,1
123,50,1,equilibrada,200,50,evento,8,plugin,limping,0.034,0.35,1
123,50,1,equilibrada,200,50,evento,8,mm,ar1,0.034,0.2,1
123,50,1,equilibrada,200,50,evento,8,mm,limping,0.034,0.35,1
123,50,1,equilibrada,200,50,evento,8,pt,ar1,0.034,0.2,1
123,50,1,equilibrada,200,50,evento,8,pt,limping,0.034,0.35,1
123,50,1,equilibrada,200,50,evento,8,nsb,ar1,0.04,0.1,1
123,50,1,equilibrada,200,50,evento,8,nsb,limping,0.04,0.35,1
123,50,1,equilibrada,200,50,dwell,4,plugin,ar1,0.038,0.05,1
123,50,1,equilibrada,200,50,dwell,4,plugin,limping,0.038,0.35,1
123,50,1,equilibrada,200,50,dwell,4,mm,ar1,0.038,0.05,1
123,50,1,equilibrada,200,50,dwell,4,mm,limping,0.038,0.35,1
123,50,1,equilibrada,200,50,dwell,4,pt,ar1,0.038,0.05,1
123,50,1,equilibrada,200,50,dwell,4,pt,limping,0.038,0.35,1
123,50,1,equilibrada,200,50,dwell,4,nsb,ar1,0.038,0.05,1
123,50,1,equilibrada,200,50,dwell,4,nsb,limping,0.038,0.35,1
123,50,1,equilibrada,200,50,dwell,8,plugin,ar1,0.042,0.1,1
123,50,1,equilibrada,200,50,dwell,8,plugin,limping,0.042,0.35,1
123,50,1,equilibrada,200,50,dwell,8,mm,ar1,0.042,0.1,1
123,50,1,equilibrada,200,50,dwell,8,mm,limping,0.042,0.35,1
123,50,1,equilibrada,200,50,dwell,8,pt,ar1,0.042,0.1,1
123,50,1,equilibrada,200,50,dwell,8,pt,limping,0.042,0.35,1
123,50,1,equilibrada,200,50,dwell,8,nsb,ar1,0.04,0.1,1
123,50,1,equilibrada,200,50,dwell,8,nsb,limping,0.04,0.35,1
124,50,1,equilibrada,200,100,evento,8,plugin,ar1,0.046,0.1,1
124,50,1,equilibrada,200,100,evento,8,plugin,limping,0.046,0.35,1
124,50,1,equilibrada,200,100,evento,8,mm,ar1,0.046,0.1,1
124,50,1,equilibrada,200,100,evento,8,mm,limping,0.046,0.35,1
124,50,1,equilibrada,200,100,evento,8,pt,ar1,0.046,0.1,1
124,50,1,equilibrada,200,100,evento,8,pt,limping,0.046,0.35,1
124,50,1,equilibrada,200,100,evento,8,nsb,ar1,0.042,0.1,1
124,50,1,equilibrada,200,100,evento,8,nsb,limping,0.042,0.35,1
124,50,1,equilibrada,200,100,paso,4,plugin,ar1,0.038,,0.054
124,50,1,equilibrada,200,100,paso,4,plugin,limping,0.038,,0.07
124,50,1,equilibrada,200,100,paso,4,mm,ar1,0.038,,0.054
124,50,1,equilibrada,200,100,paso,4,mm,limping,0.038,,0.07
124,50,1,equilibrada,200,100,paso,4,pt,ar1,0.038,,0.054
124,50,1,equilibrada,200,100,paso,4,pt,limping,0.038,,0.07
124,50,1,equilibrada,200,100,paso,4,nsb,ar1,0.04,,0.056
124,50,1,equilibrada,200,100,paso,4,nsb,limping,0.04,,0.07
124,50,1,equilibrada,200,100,paso,8,plugin,ar1,0.038,,0.054
124,50,1,equilibrada,200,100,paso,8,plugin,limping,0.038,,0.07
124,50,1,equilibrada,200,100,paso,8,mm,ar1,0.038,,0.054
124,50,1,equilibrada,200,100,paso,8,mm,limping,0.038,,0.07
124,50,1,equilibrada,200,100,paso,8,pt,ar1,0.038,,0.054
124,50,1,equilibrada,200,100,paso,8,pt,limping,0.038,,0.07
124,50,1,equilibrada,200,100,paso,8,nsb,ar1,0.04,,0.056
124,50,1,equilibrada,200,100,paso,8,nsb,limping,0.04,,0.07
125,50,1,equilibrada,200,300,evento,4,plugin,ar1,0.042,0.05,1
125,50,1,equilibrada,200,300,evento,4,plugin,limping,0.042,0.2,1
125,50,1,equilibrada,200,300,evento,4,mm,ar1,0.042,0.05,1
125,50,1,equilibrada,200,300,evento,4,mm,limping,0.042,0.2,1
125,50,1,equilibrada,200,300,evento,4,pt,ar1,0.042,0.05,1
125,50,1,equilibrada,200,300,evento,4,pt,limping,0.042,0.2,1
125,50,1,equilibrada,200,300,evento,4,nsb,ar1,0.042,0.05,1
125,50,1,equilibrada,200,300,evento,4,nsb,limping,0.042,0.2,1
125,50,1,equilibrada,200,300,dwell,4,plugin,ar1,0.044,0.05,1
125,50,1,equilibrada,200,300,dwell,4,plugin,limping,0.044,0.2,1
125,50,1,equilibrada,200,300,dwell,4,mm,ar1,0.044,0.05,1
125,50,1,equilibrada,200,300,dwell,4,mm,limping,0.044,0.2,1
125,50,1,equilibrada,200,300,dwell,4,pt,ar1,0.044,0.05,1
125,50,1,equilibrada,200,300,dwell,4,pt,limping,0.044,0.2,1
125,50,1,equilibrada,200,300,dwell,4,nsb,ar1,0.044,0.05,1
125,50,1,equilibrada,200,300,dwell,4,nsb,limping,0.044,0.2,1
125,50,1,equilibrada,200,300,dwell,8,plugin,ar1,0.04,0.05,1
125,50,1,equilibrada,200,300,dwell,8,plugin,limping,0.04,0.2,1
125,50,1,equilibrada,200,300,dwell,8,mm,ar1,0.04,0.05,1
125,50,1,equilibrada,200,300,dwell,8,mm,limping,0.04,0.2,1
125,50,1,equilibrada,200,300,dwell,8,pt,ar1,0.04,0.05,1
125,50,1,equilibrada,200,300,dwell,8,pt,limping,0.04,0.2,1
125,50,1,equilibrada,200,300,dwell,8,nsb,ar1,0.04,0.05,1
125,50,1,equilibrada,200,300,dwell,8,nsb,limping,0.04,0.2,1
125,50,1,equilibrada,200,300,paso,4,plugin,ar1,0.05,,0.064
125,50,1,equilibrada,200,300,paso,4,plugin,limping,0.05,,0.06
125,50,1,equilibrada,200,300,paso,4,mm,ar1,0.05,,0.064
125,50,1,equilibrada,200,300,paso,4,mm,limping,0.05,,0.06
125,50,1,equilibrada,200,300,paso,4,pt,ar1,0.05,,0.064
125,50,1,equilibrada,200,300,paso,4,pt,limping,0.05,,0.06
125,50,1,equilibrada,200,300,paso,8,plugin,ar1,0.05,,0.064
125,50,1,equilibrada,200,300,paso,8,plugin,limping,0.05,,0.06
125,50,1,equilibrada,200,300,paso,8,mm,ar1,0.05,,0.064
125,50,1,equilibrada,200,300,paso,8,mm,limping,0.05,,0.06
125,50,1,equilibrada,200,300,paso,8,pt,ar1,0.05,,0.064
125,50,1,equilibrada,200,300,paso,8,pt,limping,0.05,,0.06
126,50,1,sesgada_4nm,50,50,evento,4,plugin,ar1,0.042,0.2,1
126,50,1,sesgada_4nm,50,50,evento,4,plugin,limping,0.042,0.5,0.996
126,50,1,sesgada_4nm,50,50,evento,4,mm,ar1,0.04,0.2,1
126,50,1,sesgada_4nm,50,50,evento,4,mm,limping,0.04,0.5,0.996
126,50,1,sesgada_4nm,50,50,evento,4,pt,ar1,0.042,0.2,1
126,50,1,sesgada_4nm,50,50,evento,4,pt,limping,0.042,0.5,0.996
126,50,1,sesgada_4nm,50,50,evento,4,nsb,ar1,0.044,0.2,1
126,50,1,sesgada_4nm,50,50,evento,4,nsb,limping,0.044,0.5,0.996
126,50,1,sesgada_4nm,50,50,dwell,4,plugin,ar1,0.05,0.1,1
126,50,1,sesgada_4nm,50,50,dwell,4,plugin,limping,0.05,0.35,1
126,50,1,sesgada_4nm,50,50,dwell,4,mm,ar1,0.05,0.1,1
126,50,1,sesgada_4nm,50,50,dwell,4,mm,limping,0.05,0.35,1
126,50,1,sesgada_4nm,50,50,dwell,4,pt,ar1,0.05,0.1,1
126,50,1,sesgada_4nm,50,50,dwell,4,pt,limping,0.05,0.35,1
126,50,1,sesgada_4nm,50,50,dwell,4,nsb,ar1,0.05,0.1,1
126,50,1,sesgada_4nm,50,50,dwell,4,nsb,limping,0.05,0.35,1
126,50,1,sesgada_4nm,50,50,paso,4,plugin,ar1,0.048,,0.048
126,50,1,sesgada_4nm,50,50,paso,4,plugin,limping,0.048,,0.06
126,50,1,sesgada_4nm,50,50,paso,4,mm,ar1,0.048,,0.048
126,50,1,sesgada_4nm,50,50,paso,4,mm,limping,0.048,,0.06
126,50,1,sesgada_4nm,50,50,paso,4,pt,ar1,0.048,,0.048
126,50,1,sesgada_4nm,50,50,paso,4,pt,limping,0.048,,0.06
126,50,1,sesgada_4nm,50,50,paso,4,nsb,ar1,0.048,,0.046
126,50,1,sesgada_4nm,50,50,paso,4,nsb,limping,0.048,,0.06
126,50,1,sesgada_4nm,50,50,paso,8,plugin,ar1,0.048,,0.048
126,50,1,sesgada_4nm,50,50,paso,8,plugin,limping,0.048,,0.06
126,50,1,sesgada_4nm,50,50,paso,8,mm,ar1,0.048,,0.048
126,50,1,sesgada_4nm,50,50,paso,8,mm,limping,0.048,,0.06
126,50,1,sesgada_4nm,50,50,paso,8,pt,ar1,0.048,,0.048
126,50,1,sesgada_4nm,50,50,paso,8,pt,limping,0.048,,0.06
126,50,1,sesgada_4nm,50,50,paso,8,nsb,ar1,0.048,,0.046
126,50,1,sesgada_4nm,50,50,paso,8,nsb,limping,0.048,,0.06
126,50,1,sesgada_4nm,50,50,dwell_paso,4,plugin,ar1,0.046,,0.068
126,50,1,sesgada_4nm,50,50,dwell_paso,4,plugin,limping,0.046,,0.064
126,50,1,sesgada_4nm,50,50,dwell_paso,4,mm,ar1,0.046,,0.068
126,50,1,sesgada_4nm,50,50,dwell_paso,4,mm,limping,0.046,,0.064
126,50,1,sesgada_4nm,50,50,dwell_paso,4,pt,ar1,0.046,,0.068
126,50,1,sesgada_4nm,50,50,dwell_paso,4,pt,limping,0.046,,0.064
126,50,1,sesgada_4nm,50,50,dwell_paso,4,nsb,ar1,0.048,,0.068
126,50,1,sesgada_4nm,50,50,dwell_paso,4,nsb,limping,0.048,,0.064
127,50,1,sesgada_4nm,50,100,evento,4,plugin,ar1,0.036,0.2,1
127,50,1,sesgada_4nm,50,100,evento,4,plugin,limping,0.036,0.5,1
127,50,1,sesgada_4nm,50,100,evento,4,mm,ar1,0.036,0.2,1
127,50,1,sesgada_4nm,50,100,evento,4,mm,limping,0.036,0.5,1
127,50,1,sesgada_4nm,50,100,evento,4,pt,ar1,0.036,0.2,1
127,50,1,sesgada_4nm,50,100,evento,4,pt,limping,0.036,0.5,1
127,50,1,sesgada_4nm,50,100,evento,4,nsb,ar1,0.038,0.2,1
127,50,1,sesgada_4nm,50,100,evento,4,nsb,limping,0.038,0.5,1
127,50,1,sesgada_4nm,50,100,dwell,4,plugin,ar1,0.038,0.1,1
127,50,1,sesgada_4nm,50,100,dwell,4,plugin,limping,0.038,0.35,1
127,50,1,sesgada_4nm,50,100,dwell,4,mm,ar1,0.038,0.1,1
127,50,1,sesgada_4nm,50,100,dwell,4,mm,limping,0.038,0.35,1
127,50,1,sesgada_4nm,50,100,dwell,4,pt,ar1,0.038,0.1,1
127,50,1,sesgada_4nm,50,100,dwell,4,pt,limping,0.038,0.35,1
127,50,1,sesgada_4nm,50,100,dwell,4,nsb,ar1,0.04,0.1,1
127,50,1,sesgada_4nm,50,100,dwell,4,nsb,limping,0.04,0.35,1
127,50,1,sesgada_4nm,50,100,paso,4,plugin,ar1,0.036,,0.08
127,50,1,sesgada_4nm,50,100,paso,4,plugin,limping,0.036,,0.058
127,50,1,sesgada_4nm,50,100,paso,4,mm,ar1,0.036,,0.08
127,50,1,sesgada_4nm,50,100,paso,4,mm,limping,0.036,,0.058
127,50,1,sesgada_4nm,50,100,paso,4,pt,ar1,0.036,,0.08
127,50,1,sesgada_4nm,50,100,paso,4,pt,limping,0.036,,0.058
127,50,1,sesgada_4nm,50,100,paso,4,nsb,ar1,0.036,,0.078
127,50,1,sesgada_4nm,50,100,paso,4,nsb,limping,0.036,,0.054
127,50,1,sesgada_4nm,50,100,paso,8,plugin,ar1,0.036,,0.08
127,50,1,sesgada_4nm,50,100,paso,8,plugin,limping,0.036,,0.058
127,50,1,sesgada_4nm,50,100,paso,8,mm,ar1,0.036,,0.08
127,50,1,sesgada_4nm,50,100,paso,8,mm,limping,0.036,,0.058
127,50,1,sesgada_4nm,50,100,paso,8,pt,ar1,0.036,,0.08
127,50,1,sesgada_4nm,50,100,paso,8,pt,limping,0.036,,0.058
127,50,1,sesgada_4nm,50,100,paso,8,nsb,ar1,0.036,,0.078
127,50,1,sesgada_4nm,50,100,paso,8,nsb,limping,0.036,,0.054
128,50,1,sesgada_4nm,50,300,evento,4,plugin,ar1,0.042,0.1,1
128,50,1,sesgada_4nm,50,300,evento,4,plugin,limping,0.042,0.35,1
128,50,1,sesgada_4nm,50,300,evento,4,mm,ar1,0.042,0.1,1
128,50,1,sesgada_4nm,50,300,evento,4,mm,limping,0.042,0.35,1
128,50,1,sesgada_4nm,50,300,evento,4,pt,ar1,0.042,0.1,1
128,50,1,sesgada_4nm,50,300,evento,4,pt,limping,0.042,0.35,1
128,50,1,sesgada_4nm,50,300,evento,4,nsb,ar1,0.042,0.1,1
128,50,1,sesgada_4nm,50,300,evento,4,nsb,limping,0.042,0.35,1
128,50,1,sesgada_4nm,50,300,dwell,4,plugin,ar1,0.048,0.05,1
128,50,1,sesgada_4nm,50,300,dwell,4,plugin,limping,0.048,0.35,1
128,50,1,sesgada_4nm,50,300,dwell,4,mm,ar1,0.048,0.05,1
128,50,1,sesgada_4nm,50,300,dwell,4,mm,limping,0.048,0.35,1
128,50,1,sesgada_4nm,50,300,dwell,4,pt,ar1,0.048,0.05,1
128,50,1,sesgada_4nm,50,300,dwell,4,pt,limping,0.048,0.35,1
128,50,1,sesgada_4nm,50,300,dwell,4,nsb,ar1,0.048,0.05,1
128,50,1,sesgada_4nm,50,300,dwell,4,nsb,limping,0.048,0.35,1
128,50,1,sesgada_4nm,50,300,dwell_paso,4,plugin,ar1,0.048,,0.054
128,50,1,sesgada_4nm,50,300,dwell_paso,4,plugin,limping,0.048,,0.068
128,50,1,sesgada_4nm,50,300,dwell_paso,4,mm,ar1,0.048,,0.054
128,50,1,sesgada_4nm,50,300,dwell_paso,4,mm,limping,0.048,,0.068
128,50,1,sesgada_4nm,50,300,dwell_paso,4,pt,ar1,0.048,,0.054
128,50,1,sesgada_4nm,50,300,dwell_paso,4,pt,limping,0.048,,0.068
128,50,1,sesgada_4nm,50,300,dwell_paso,4,nsb,ar1,0.048,,0.054
128,50,1,sesgada_4nm,50,300,dwell_paso,4,nsb,limping,0.048,,0.068
128,50,1,sesgada_4nm,50,300,dwell_paso,8,plugin,ar1,0.042,,0.06
128,50,1,sesgada_4nm,50,300,dwell_paso,8,plugin,limping,0.042,,0.068
128,50,1,sesgada_4nm,50,300,dwell_paso,8,mm,ar1,0.042,,0.06
128,50,1,sesgada_4nm,50,300,dwell_paso,8,mm,limping,0.042,,0.068
128,50,1,sesgada_4nm,50,300,dwell_paso,8,pt,ar1,0.042,,0.06
128,50,1,sesgada_4nm,50,300,dwell_paso,8,pt,limping,0.042,,0.068
128,50,1,sesgada_4nm,50,300,dwell_paso,8,nsb,ar1,0.042,,0.06
128,50,1,sesgada_4nm,50,300,dwell_paso,8,nsb,limping,0.042,,0.07
129,50,1,sesgada_4nm,100,50,dwell,4,plugin,ar1,0.046,0.1,1
129,50,1,sesgada_4nm,100,50,dwell,4,plugin,limping,0.046,0.35,1
129,50,1,sesgada_4nm,100,50,dwell,4,mm,ar1,0.046,0.1,1
129,50,1,sesgada_4nm,100,50,dwell,4,mm,limping,0.046,0.35,1
129,50,1,sesgada_4nm,100,50,dwell,4,pt,ar1,0.046,0.1,1
129,50,1,sesgada_4nm,100,50,dwell,4,pt,limping,0.046,0.35,1
129,50,1,sesgada_4nm,100,50,dwell,4,nsb,ar1,0.046,0.1,1
129,50,1,sesgada_4nm,100,50,dwell,4,nsb,limping,0.046,0.35,1
129,50,1,sesgada_4nm,100,50,paso,4,plugin,ar1,0.048,,0.06
129,50,1,sesgada_4nm,100,50,paso,4,plugin,limping,0.048,,0.048
129,50,1,sesgada_4nm,100,50,paso,4,mm,ar1,0.048,,0.06
129,50,1,sesgada_4nm,100,50,paso,4,mm,limping,0.048,,0.048
129,50,1,sesgada_4nm,100,50,paso,4,pt,ar1,0.048,,0.06
129,50,1,sesgada_4nm,100,50,paso,4,pt,limping,0.048,,0.048
129,50,1,sesgada_4nm,100,50,paso,4,nsb,ar1,0.05,,0.06
129,50,1,sesgada_4nm,100,50,paso,4,nsb,limping,0.05,,0.048
129,50,1,sesgada_4nm,100,50,paso,8,plugin,ar1,0.048,,0.06
129,50,1,sesgada_4nm,100,50,paso,8,plugin,limping,0.048,,0.048
129,50,1,sesgada_4nm,100,50,paso,8,mm,ar1,0.048,,0.06
129,50,1,sesgada_4nm,100,50,paso,8,mm,limping,0.048,,0.048
129,50,1,sesgada_4nm,100,50,paso,8,pt,ar1,0.048,,0.06
129,50,1,sesgada_4nm,100,50,paso,8,pt,limping,0.048,,0.048
129,50,1,sesgada_4nm,100,50,paso,8,nsb,ar1,0.05,,0.06
129,50,1,sesgada_4nm,100,50,paso,8,nsb,limping,0.05,,0.048
129,50,1,sesgada_4nm,100,50,dwell_paso,4,plugin,ar1,0.05,,0.064
129,50,1,sesgada_4nm,100,50,dwell_paso,4,plugin,limping,0.05,,0.054
129,50,1,sesgada_4nm,100,50,dwell_paso,4,mm,ar1,0.05,,0.064
129,50,1,sesgada_4nm,100,50,dwell_paso,4,mm,limping,0.05,,0.054
129,50,1,sesgada_4nm,100,50,dwell_paso,4,pt,ar1,0.05,,0.064
129,50,1,sesgada_4nm,100,50,dwell_paso,4,pt,limping,0.05,,0.054
129,50,1,sesgada_4nm,100,50,dwell_paso,4,nsb,ar1,0.05,,0.062
129,50,1,sesgada_4nm,100,50,dwell_paso,4,nsb,limping,0.05,,0.054
130,50,1,sesgada_4nm,100,100,evento,8,plugin,ar1,0.04,0.2,1
130,50,1,sesgada_4nm,100,100,evento,8,plugin,limping,0.04,0.35,1
130,50,1,sesgada_4nm,100,100,evento,8,mm,ar1,0.04,0.2,1
130,50,1,sesgada_4nm,100,100,evento,8,mm,limping,0.04,0.35,1
130,50,1,sesgada_4nm,100,100,evento,8,pt,ar1,0.04,0.2,1
130,50,1,sesgada_4nm,100,100,evento,8,pt,limping,0.04,0.35,1
130,50,1,sesgada_4nm,100,100,evento,8,nsb,ar1,0.044,0.2,1
130,50,1,sesgada_4nm,100,100,evento,8,nsb,limping,0.044,0.35,1
130,50,1,sesgada_4nm,100,100,dwell,4,plugin,ar1,0.042,0.05,1
130,50,1,sesgada_4nm,100,100,dwell,4,plugin,limping,0.042,0.35,1
130,50,1,sesgada_4nm,100,100,dwell,4,mm,ar1,0.042,0.05,1
130,50,1,sesgada_4nm,100,100,dwell,4,mm,limping,0.042,0.35,1
130,50,1,sesgada_4nm,100,100,dwell,4,pt,ar1,0.042,0.05,1
130,50,1,sesgada_4nm,100,100,dwell,4,pt,limping,0.042,0.35,1
130,50,1,sesgada_4nm,100,100,dwell,4,nsb,ar1,0.042,0.05,1
130,50,1,sesgada_4nm,100,100,dwell,4,nsb,limping,0.042,0.35,1
130,50,1,sesgada_4nm,100,100,dwell_paso,4,plugin,ar1,0.04,,0.05
130,50,1,sesgada_4nm,100,100,dwell_paso,4,plugin,limping,0.04,,0.068
130,50,1,sesgada_4nm,100,100,dwell_paso,4,mm,ar1,0.04,,0.05
130,50,1,sesgada_4nm,100,100,dwell_paso,4,mm,limping,0.04,,0.068
130,50,1,sesgada_4nm,100,100,dwell_paso,4,pt,ar1,0.04,,0.05
130,50,1,sesgada_4nm,100,100,dwell_paso,4,pt,limping,0.04,,0.068
130,50,1,sesgada_4nm,100,100,dwell_paso,4,nsb,ar1,0.04,,0.05
130,50,1,sesgada_4nm,100,100,dwell_paso,4,nsb,limping,0.04,,0.068
130,50,1,sesgada_4nm,100,100,dwell_paso,8,plugin,ar1,0.038,,0.06
130,50,1,sesgada_4nm,100,100,dwell_paso,8,plugin,limping,0.038,,0.068
130,50,1,sesgada_4nm,100,100,dwell_paso,8,mm,ar1,0.038,,0.06
130,50,1,sesgada_4nm,100,100,dwell_paso,8,mm,limping,0.038,,0.068
130,50,1,sesgada_4nm,100,100,dwell_paso,8,pt,ar1,0.038,,0.06
130,50,1,sesgada_4nm,100,100,dwell_paso,8,pt,limping,0.038,,0.068
130,50,1,sesgada_4nm,100,100,dwell_paso,8,nsb,ar1,0.038,,0.06
130,50,1,sesgada_4nm,100,100,dwell_paso,8,nsb,limping,0.038,,0.066
131,50,1,sesgada_4nm,100,300,dwell_paso,4,plugin,ar1,0.046,,0.054
131,50,1,sesgada_4nm,100,300,dwell_paso,4,plugin,limping,0.046,,0.062
131,50,1,sesgada_4nm,100,300,dwell_paso,4,mm,ar1,0.046,,0.054
131,50,1,sesgada_4nm,100,300,dwell_paso,4,mm,limping,0.046,,0.062
131,50,1,sesgada_4nm,100,300,dwell_paso,4,pt,ar1,0.046,,0.054
131,50,1,sesgada_4nm,100,300,dwell_paso,4,pt,limping,0.046,,0.062
131,50,1,sesgada_4nm,100,300,dwell_paso,4,nsb,ar1,0.046,,0.054
131,50,1,sesgada_4nm,100,300,dwell_paso,4,nsb,limping,0.046,,0.062
132,50,1,sesgada_4nm,200,50,evento,8,mm,ar1,0.05,0.2,1
132,50,1,sesgada_4nm,200,50,evento,8,mm,limping,0.05,0.35,1
132,50,1,sesgada_4nm,200,50,paso,4,plugin,ar1,0.042,,0.058
132,50,1,sesgada_4nm,200,50,paso,4,plugin,limping,0.042,,0.074
132,50,1,sesgada_4nm,200,50,paso,4,mm,ar1,0.042,,0.058
132,50,1,sesgada_4nm,200,50,paso,4,mm,limping,0.042,,0.074
132,50,1,sesgada_4nm,200,50,paso,4,pt,ar1,0.042,,0.058
132,50,1,sesgada_4nm,200,50,paso,4,pt,limping,0.042,,0.074
132,50,1,sesgada_4nm,200,50,paso,4,nsb,ar1,0.042,,0.058
132,50,1,sesgada_4nm,200,50,paso,4,nsb,limping,0.042,,0.074
132,50,1,sesgada_4nm,200,50,paso,8,plugin,ar1,0.042,,0.058
132,50,1,sesgada_4nm,200,50,paso,8,plugin,limping,0.042,,0.074
132,50,1,sesgada_4nm,200,50,paso,8,mm,ar1,0.042,,0.058
132,50,1,sesgada_4nm,200,50,paso,8,mm,limping,0.042,,0.074
132,50,1,sesgada_4nm,200,50,paso,8,pt,ar1,0.042,,0.058
132,50,1,sesgada_4nm,200,50,paso,8,pt,limping,0.042,,0.074
132,50,1,sesgada_4nm,200,50,paso,8,nsb,ar1,0.042,,0.058
132,50,1,sesgada_4nm,200,50,paso,8,nsb,limping,0.042,,0.074
133,50,1,sesgada_4nm,200,100,evento,4,plugin,ar1,0.038,0.1,1
133,50,1,sesgada_4nm,200,100,evento,4,plugin,limping,0.038,0.35,1
133,50,1,sesgada_4nm,200,100,evento,4,mm,ar1,0.038,0.1,1
133,50,1,sesgada_4nm,200,100,evento,4,mm,limping,0.038,0.35,1
133,50,1,sesgada_4nm,200,100,evento,4,pt,ar1,0.038,0.1,1
133,50,1,sesgada_4nm,200,100,evento,4,pt,limping,0.038,0.35,1
133,50,1,sesgada_4nm,200,100,evento,4,nsb,ar1,0.04,0.1,1
133,50,1,sesgada_4nm,200,100,evento,4,nsb,limping,0.04,0.35,1
133,50,1,sesgada_4nm,200,100,paso,4,plugin,ar1,0.042,,0.068
133,50,1,sesgada_4nm,200,100,paso,4,plugin,limping,0.042,,0.058
133,50,1,sesgada_4nm,200,100,paso,4,mm,ar1,0.042,,0.068
133,50,1,sesgada_4nm,200,100,paso,4,mm,limping,0.042,,0.058
133,50,1,sesgada_4nm,200,100,paso,4,pt,ar1,0.042,,0.068
133,50,1,sesgada_4nm,200,100,paso,4,pt,limping,0.042,,0.058
133,50,1,sesgada_4nm,200,100,paso,4,nsb,ar1,0.044,,0.068
133,50,1,sesgada_4nm,200,100,paso,4,nsb,limping,0.044,,0.058
133,50,1,sesgada_4nm,200,100,paso,8,plugin,ar1,0.042,,0.068
133,50,1,sesgada_4nm,200,100,paso,8,plugin,limping,0.042,,0.058
133,50,1,sesgada_4nm,200,100,paso,8,mm,ar1,0.042,,0.068
133,50,1,sesgada_4nm,200,100,paso,8,mm,limping,0.042,,0.058
133,50,1,sesgada_4nm,200,100,paso,8,pt,ar1,0.042,,0.068
133,50,1,sesgada_4nm,200,100,paso,8,pt,limping,0.042,,0.058
133,50,1,sesgada_4nm,200,100,paso,8,nsb,ar1,0.044,,0.068
133,50,1,sesgada_4nm,200,100,paso,8,nsb,limping,0.044,,0.058
134,50,1,sesgada_4nm,200,300,evento,4,plugin,ar1,0.044,0.05,1
134,50,1,sesgada_4nm,200,300,evento,4,plugin,limping,0.044,0.2,1
134,50,1,sesgada_4nm,200,300,evento,4,mm,ar1,0.044,0.05,1
134,50,1,sesgada_4nm,200,300,evento,4,mm,limping,0.044,0.2,1
134,50,1,sesgada_4nm,200,300,evento,4,pt,ar1,0.044,0.05,1
134,50,1,sesgada_4nm,200,300,evento,4,pt,limping,0.044,0.2,1
134,50,1,sesgada_4nm,200,300,evento,4,nsb,ar1,0.044,0.05,1
134,50,1,sesgada_4nm,200,300,evento,4,nsb,limping,0.044,0.2,1
134,50,1,sesgada_4nm,200,300,paso,4,plugin,ar1,0.05,,0.06
134,50,1,sesgada_4nm,200,300,paso,4,plugin,limping,0.05,,0.062
134,50,1,sesgada_4nm,200,300,paso,4,mm,ar1,0.05,,0.06
134,50,1,sesgada_4nm,200,300,paso,4,mm,limping,0.05,,0.062
134,50,1,sesgada_4nm,200,300,paso,4,pt,ar1,0.05,,0.06
134,50,1,sesgada_4nm,200,300,paso,4,pt,limping,0.05,,0.062
134,50,1,sesgada_4nm,200,300,paso,4,nsb,ar1,0.048,,0.06
134,50,1,sesgada_4nm,200,300,paso,4,nsb,limping,0.048,,0.062
134,50,1,sesgada_4nm,200,300,paso,8,plugin,ar1,0.05,,0.06
134,50,1,sesgada_4nm,200,300,paso,8,plugin,limping,0.05,,0.062
134,50,1,sesgada_4nm,200,300,paso,8,mm,ar1,0.05,,0.06
134,50,1,sesgada_4nm,200,300,paso,8,mm,limping,0.05,,0.062
134,50,1,sesgada_4nm,200,300,paso,8,pt,ar1,0.05,,0.06
134,50,1,sesgada_4nm,200,300,paso,8,pt,limping,0.05,,0.062
134,50,1,sesgada_4nm,200,300,paso,8,nsb,ar1,0.048,,0.06
134,50,1,sesgada_4nm,200,300,paso,8,nsb,limping,0.048,,0.062
135,50,2,dominante_8nm,50,50,evento,8,plugin,ar1,0.048,0.2,1
135,50,2,dominante_8nm,50,50,evento,8,plugin,limping,0.048,0.35,1
135,50,2,dominante_8nm,50,50,evento,8,pt,ar1,0.048,0.2,1
135,50,2,dominante_8nm,50,50,evento,8,pt,limping,0.048,0.35,1
135,50,2,dominante_8nm,50,50,dwell,8,plugin,ar1,0.05,0.2,1
135,50,2,dominante_8nm,50,50,dwell,8,plugin,limping,0.05,0.35,1
135,50,2,dominante_8nm,50,50,dwell,8,mm,ar1,0.05,0.2,1
135,50,2,dominante_8nm,50,50,dwell,8,mm,limping,0.05,0.35,1
135,50,2,dominante_8nm,50,50,dwell,8,pt,ar1,0.05,0.2,1
135,50,2,dominante_8nm,50,50,dwell,8,pt,limping,0.05,0.35,1
135,50,2,dominante_8nm,50,50,dwell,8,nsb,ar1,0.046,0.2,1
135,50,2,dominante_8nm,50,50,dwell,8,nsb,limping,0.046,0.35,1
136,50,2,dominante_8nm,50,100,evento,4,plugin,ar1,0.04,0.2,1
136,50,2,dominante_8nm,50,100,evento,4,plugin,limping,0.04,0.35,1
136,50,2,dominante_8nm,50,100,evento,4,mm,ar1,0.042,0.2,1
136,50,2,dominante_8nm,50,100,evento,4,mm,limping,0.042,0.35,1
136,50,2,dominante_8nm,50,100,evento,4,pt,ar1,0.042,0.2,1
136,50,2,dominante_8nm,50,100,evento,4,pt,limping,0.042,0.35,1
136,50,2,dominante_8nm,50,100,evento,4,nsb,ar1,0.046,0.2,1
136,50,2,dominante_8nm,50,100,evento,4,nsb,limping,0.046,0.35,1
136,50,2,dominante_8nm,50,100,evento,8,plugin,ar1,0.026,0.2,1
136,50,2,dominante_8nm,50,100,evento,8,plugin,limping,0.026,0.35,1
136,50,2,dominante_8nm,50,100,evento,8,mm,ar1,0.026,0.2,1
136,50,2,dominante_8nm,50,100,evento,8,mm,limping,0.026,0.35,1
136,50,2,dominante_8nm,50,100,evento,8,pt,ar1,0.026,0.2,1
136,50,2,dominante_8nm,50,100,evento,8,pt,limping,0.026,0.35,1
136,50,2,dominante_8nm,50,100,evento,8,nsb,ar1,0.024,0.2,1
136,50,2,dominante_8nm,50,100,evento,8,nsb,limping,0.024,0.35,1
136,50,2,dominante_8nm,50,100,dwell,8,plugin,ar1,0.034,0.1,1
136,50,2,dominante_8nm,50,100,dwell,8,plugin,limping,0.034,0.35,1
136,50,2,dominante_8nm,50,100,dwell,8,mm,ar1,0.034,0.1,1
136,50,2,dominante_8nm,50,100,dwell,8,mm,limping,0.034,0.35,1
136,50,2,dominante_8nm,50,100,dwell,8,pt,ar1,0.034,0.1,1
136,50,2,dominante_8nm,50,100,dwell,8,pt,limping,0.034,0.35,1
136,50,2,dominante_8nm,50,100,dwell,8,nsb,ar1,0.03,0.1,1
136,50,2,dominante_8nm,50,100,dwell,8,nsb,limping,0.03,0.35,1
136,50,2,dominante_8nm,50,100,paso,4,plugin,ar1,0.022,,0.062
136,50,2,dominante_8nm,50,100,paso,4,plugin,limping,0.022,,0.054
136,50,2,dominante_8nm,50,100,paso,4,mm,ar1,0.022,,0.062
136,50,2,dominante_8nm,50,100,paso,4,mm,limping,0.022,,0.054
136,50,2,dominante_8nm,50,100,paso,4,pt,ar1,0.022,,0.062
136,50,2,dominante_8nm,50,100,paso,4,pt,limping,0.022,,0.054
136,50,2,dominante_8nm,50,100,paso,4,nsb,ar1,0.022,,0.058
136,50,2,dominante_8nm,50,100,paso,4,nsb,limping,0.022,,0.054
136,50,2,dominante_8nm,50,100,paso,8,plugin,ar1,0.022,,0.062
136,50,2,dominante_8nm,50,100,paso,8,plugin,limping,0.022,,0.054
136,50,2,dominante_8nm,50,100,paso,8,mm,ar1,0.022,,0.062
136,50,2,dominante_8nm,50,100,paso,8,mm,limping,0.022,,0.054
136,50,2,dominante_8nm,50,100,paso,8,pt,ar1,0.022,,0.062
136,50,2,dominante_8nm,50,100,paso,8,pt,limping,0.022,,0.054
136,50,2,dominante_8nm,50,100,paso,8,nsb,ar1,0.022,,0.058
136,50,2,dominante_8nm,50,100,paso,8,nsb,limping,0.022,,0.054
136,50,2,dominante_8nm,50,100,dwell_paso,4,plugin,ar1,0.042,,0.06
136,50,2,dominante_8nm,50,100,dwell_paso,4,plugin,limping,0.042,,0.072
136,50,2,dominante_8nm,50,100,dwell_paso,4,mm,ar1,0.042,,0.06
136,50,2,dominante_8nm,50,100,dwell_paso,4,mm,limping,0.042,,0.072
136,50,2,dominante_8nm,50,100,dwell_paso,4,pt,ar1,0.042,,0.06
136,50,2,dominante_8nm,50,100,dwell_paso,4,pt,limping,0.042,,0.072
136,50,2,dominante_8nm,50,100,dwell_paso,4,nsb,ar1,0.044,,0.06
136,50,2,dominante_8nm,50,100,dwell_paso,4,nsb,limping,0.044,,0.072
136,50,2,dominante_8nm,50,100,dwell_paso,8,plugin,ar1,0.034,,0.07
136,50,2,dominante_8nm,50,100,dwell_paso,8,plugin,limping,0.034,,0.064
136,50,2,dominante_8nm,50,100,dwell_paso,8,mm,ar1,0.034,,0.07
136,50,2,dominante_8nm,50,100,dwell_paso,8,mm,limping,0.034,,0.064
136,50,2,dominante_8nm,50,100,dwell_paso,8,pt,ar1,0.034,,0.07
136,50,2,dominante_8nm,50,100,dwell_paso,8,pt,limping,0.034,,0.064
136,50,2,dominante_8nm,50,100,dwell_paso,8,nsb,ar1,0.034,,0.07
136,50,2,dominante_8nm,50,100,dwell_paso,8,nsb,limping,0.034,,0.064
137,50,2,dominante_8nm,50,300,evento,4,plugin,ar1,0.044,0.1,1
137,50,2,dominante_8nm,50,300,evento,4,plugin,limping,0.044,0.2,1
137,50,2,dominante_8nm,50,300,evento,4,mm,ar1,0.044,0.1,1
137,50,2,dominante_8nm,50,300,evento,4,mm,limping,0.044,0.2,1
137,50,2,dominante_8nm,50,300,evento,4,pt,ar1,0.044,0.1,1
137,50,2,dominante_8nm,50,300,evento,4,pt,limping,0.044,0.2,1
137,50,2,dominante_8nm,50,300,evento,4,nsb,ar1,0.042,0.1,1
137,50,2,dominante_8nm,50,300,evento,4,nsb,limping,0.042,0.2,1
137,50,2,dominante_8nm,50,300,evento,8,nsb,ar1,0.05,0.1,1
137,50,2,dominante_8nm,50,300,evento,8,nsb,limping,0.05,0.35,1
137,50,2,dominante_8nm,50,300,dwell,4,plugin,ar1,0.048,0.05,1
137,50,2,dominante_8nm,50,300,dwell,4,plugin,limping,0.048,0.2,1
137,50,2,dominante_8nm,50,300,dwell,4,mm,ar1,0.048,0.05,1
137,50,2,dominante_8nm,50,300,dwell,4,mm,limping,0.048,0.2,1
137,50,2,dominante_8nm,50,300,dwell,4,pt,ar1,0.048,0.05,1
137,50,2,dominante_8nm,50,300,dwell,4,pt,limping,0.048,0.2,1
137,50,2,dominante_8nm,50,300,dwell,4,nsb,ar1,0.05,0.05,1
137,50,2,dominante_8nm,50,300,dwell,4,nsb,limping,0.05,0.2,1
137,50,2,dominante_8nm,50,300,dwell,8,plugin,ar1,0.042,0.05,1
137,50,2,dominante_8nm,50,300,dwell,8,plugin,limping,0.042,0.2,1
137,50,2,dominante_8nm,50,300,dwell,8,mm,ar1,0.042,0.05,1
137,50,2,dominante_8nm,50,300,dwell,8,mm,limping,0.042,0.2,1
137,50,2,dominante_8nm,50,300,dwell,8,pt,ar1,0.042,0.05,1
137,50,2,dominante_8nm,50,300,dwell,8,pt,limping,0.042,0.2,1
137,50,2,dominante_8nm,50,300,dwell,8,nsb,ar1,0.044,0.05,1
137,50,2,dominante_8nm,50,300,dwell,8,nsb,limping,0.044,0.2,1
137,50,2,dominante_8nm,50,300,dwell_paso,4,plugin,ar1,0.048,,0.056
137,50,2,dominante_8nm,50,300,dwell_paso,4,plugin,limping,0.048,,0.058
137,50,2,dominante_8nm,50,300,dwell_paso,4,mm,ar1,0.048,,0.056
137,50,2,dominante_8nm,50,300,dwell_paso,4,mm,limping,0.048,,0.058
137,50,2,dominante_8nm,50,300,dwell_paso,4,pt,ar1,0.048,,0.056
137,50,2,dominante_8nm,50,300,dwell_paso,4,pt,limping,0.048,,0.058
137,50,2,dominante_8nm,50,300,dwell_paso,4,nsb,ar1,0.048,,0.054
137,50,2,dominante_8nm,50,300,dwell_paso,4,nsb,limping,0.048,,0.058
137,50,2,dominante_8nm,50,300,dwell_paso,8,plugin,ar1,0.042,,0.058
137,50,2,dominante_8nm,50,300,dwell_paso,8,plugin,limping,0.042,,0.056
137,50,2,dominante_8nm,50,300,dwell_paso,8,mm,ar1,0.042,,0.058
137,50,2,dominante_8nm,50,300,dwell_paso,8,mm,limping,0.042,,0.056
137,50,2,dominante_8nm,50,300,dwell_paso,8,pt,ar1,0.042,,0.058
137,50,2,dominante_8nm,50,300,dwell_paso,8,pt,limping,0.042,,0.056
137,50,2,dominante_8nm,50,300,dwell_paso,8,nsb,ar1,0.042,,0.058
137,50,2,dominante_8nm,50,300,dwell_paso,8,nsb,limping,0.042,,0.058
138,50,2,dominante_8nm,100,50,evento,4,plugin,ar1,0.05,0.2,1
138,50,2,dominante_8nm,100,50,evento,4,plugin,limping,0.05,0.35,1
138,50,2,dominante_8nm,100,50,evento,4,mm,ar1,0.05,0.2,1
138,50,2,dominante_8nm,100,50,evento,4,mm,limping,0.05,0.35,1
138,50,2,dominante_8nm,100,50,evento,4,pt,ar1,0.05,0.2,1
138,50,2,dominante_8nm,100,50,evento,4,pt,limping,0.05,0.35,1
138,50,2,dominante_8nm,100,50,evento,4,nsb,ar1,0.048,0.2,1
138,50,2,dominante_8nm,100,50,evento,4,nsb,limping,0.048,0.35,1
138,50,2,dominante_8nm,100,50,evento,8,plugin,ar1,0.028,0.2,1
138,50,2,dominante_8nm,100,50,evento,8,plugin,limping,0.028,0.35,1
138,50,2,dominante_8nm,100,50,evento,8,mm,ar1,0.034,0.2,1
138,50,2,dominante_8nm,100,50,evento,8,mm,limping,0.034,0.35,1
138,50,2,dominante_8nm,100,50,evento,8,pt,ar1,0.028,0.2,1
138,50,2,dominante_8nm,100,50,evento,8,pt,limping,0.028,0.35,1
138,50,2,dominante_8nm,100,50,evento,8,nsb,ar1,0.036,0.2,1
138,50,2,dominante_8nm,100,50,evento,8,nsb,limping,0.036,0.35,1
138,50,2,dominante_8nm,100,50,dwell,4,plugin,ar1,0.042,0.1,1
138,50,2,dominante_8nm,100,50,dwell,4,plugin,limping,0.042,0.2,1
138,50,2,dominante_8nm,100,50,dwell,4,mm,ar1,0.042,0.1,1
138,50,2,dominante_8nm,100,50,dwell,4,mm,limping,0.042,0.2,1
138,50,2,dominante_8nm,100,50,dwell,4,pt,ar1,0.042,0.1,1
138,50,2,dominante_8nm,100,50,dwell,4,pt,limping,0.042,0.2,1
138,50,2,dominante_8nm,100,50,dwell,4,nsb,ar1,0.042,0.1,1
138,50,2,dominante_8nm,100,50,dwell,4,nsb,limping,0.042,0.2,1
138,50,2,dominante_8nm,100,50,dwell,8,plugin,ar1,0.036,0.1,1
138,50,2,dominante_8nm,100,50,dwell,8,plugin,limping,0.036,0.35,1
138,50,2,dominante_8nm,100,50,dwell,8,mm,ar1,0.036,0.1,1
138,50,2,dominante_8nm,100,50,dwell,8,mm,limping,0.036,0.35,1
138,50,2,dominante_8nm,100,50,dwell,8,pt,ar1,0.036,0.1,1
138,50,2,dominante_8nm,100,50,dwell,8,pt,limping,0.036,0.35,1
138,50,2,dominante_8nm,100,50,dwell,8,nsb,ar1,0.04,0.1,1
138,50,2,dominante_8nm,100,50,dwell,8,nsb,limping,0.04,0.35,1
138,50,2,dominante_8nm,100,50,paso,4,plugin,ar1,0.048,,0.062
138,50,2,dominante_8nm,100,50,paso,4,plugin,limping,0.048,,0.056
138,50,2,dominante_8nm,100,50,paso,4,mm,ar1,0.048,,0.062
138,50,2,dominante_8nm,100,50,paso,4,mm,limping,0.048,,0.056
138,50,2,dominante_8nm,100,50,paso,4,pt,ar1,0.048,,0.062
138,50,2,dominante_8nm,100,50,paso,4,pt,limping,0.048,,0.056
138,50,2,dominante_8nm,100,50,paso,4,nsb,ar1,0.048,,0.06
138,50,2,dominante_8nm,100,50,paso,4,nsb,limping,0.048,,0.052
138,50,2,dominante_8nm,100,50,paso,8,plugin,ar1,0.048,,0.062
138,50,2,dominante_8nm,100,50,paso,8,plugin,limping,0.048,,0.056
138,50,2,dominante_8nm,100,50,paso,8,mm,ar1,0.048,,0.062
138,50,2,dominante_8nm,100,50,paso,8,mm,limping,0.048,,0.056
138,50,2,dominante_8nm,100,50,paso,8,pt,ar1,0.048,,0.062
138,50,2,dominante_8nm,100,50,paso,8,pt,limping,0.048,,0.056
138,50,2,dominante_8nm,100,50,paso,8,nsb,ar1,0.048,,0.06
138,50,2,dominante_8nm,100,50,paso,8,nsb,limping,0.048,,0.052
138,50,2,dominante_8nm,100,50,dwell_paso,4,plugin,ar1,0.04,,0.07
138,50,2,dominante_8nm,100,50,dwell_paso,4,plugin,limping,0.04,,0.056
138,50,2,dominante_8nm,100,50,dwell_paso,4,mm,ar1,0.04,,0.07
138,50,2,dominante_8nm,100,50,dwell_paso,4,mm,limping,0.04,,0.056
138,50,2,dominante_8nm,100,50,dwell_paso,4,pt,ar1,0.04,,0.07
138,50,2,dominante_8nm,100,50,dwell_paso,4,pt,limping,0.04,,0.056
138,50,2,dominante_8nm,100,50,dwell_paso,4,nsb,ar1,0.04,,0.07
138,50,2,dominante_8nm,100,50,dwell_paso,4,nsb,limping,0.04,,0.056
138,50,2,dominante_8nm,100,50,dwell_paso,8,plugin,ar1,0.04,,0.062
138,50,2,dominante_8nm,100,50,dwell_paso,8,plugin,limping,0.04,,0.06
138,50,2,dominante_8nm,100,50,dwell_paso,8,mm,ar1,0.04,,0.062
138,50,2,dominante_8nm,100,50,dwell_paso,8,mm,limping,0.04,,0.06
138,50,2,dominante_8nm,100,50,dwell_paso,8,pt,ar1,0.04,,0.062
138,50,2,dominante_8nm,100,50,dwell_paso,8,pt,limping,0.04,,0.06
138,50,2,dominante_8nm,100,50,dwell_paso,8,nsb,ar1,0.04,,0.062
138,50,2,dominante_8nm,100,50,dwell_paso,8,nsb,limping,0.04,,0.062
139,50,2,dominante_8nm,100,100,evento,4,plugin,ar1,0.046,0.1,1
139,50,2,dominante_8nm,100,100,evento,4,plugin,limping,0.046,0.35,1
139,50,2,dominante_8nm,100,100,evento,4,mm,ar1,0.046,0.1,1
139,50,2,dominante_8nm,100,100,evento,4,mm,limping,0.046,0.35,1
139,50,2,dominante_8nm,100,100,evento,4,pt,ar1,0.046,0.1,1
139,50,2,dominante_8nm,100,100,evento,4,pt,limping,0.046,0.35,1
139,50,2,dominante_8nm,100,100,evento,4,nsb,ar1,0.042,0.1,1
139,50,2,dominante_8nm,100,100,evento,4,nsb,limping,0.042,0.35,1
139,50,2,dominante_8nm,100,100,evento,8,plugin,ar1,0.05,0.2,1
139,50,2,dominante_8nm,100,100,evento,8,plugin,limping,0.05,0.35,1
139,50,2,dominante_8nm,100,100,evento,8,mm,ar1,0.048,0.2,1
139,50,2,dominante_8nm,100,100,evento,8,mm,limping,0.048,0.35,1
139,50,2,dominante_8nm,100,100,evento,8,pt,ar1,0.05,0.2,1
139,50,2,dominante_8nm,100,100,evento,8,pt,limping,0.05,0.35,1
139,50,2,dominante_8nm,100,100,evento,8,nsb,ar1,0.048,0.2,1
139,50,2,dominante_8nm,100,100,evento,8,nsb,limping,0.048,0.35,1
139,50,2,dominante_8nm,100,100,paso,4,plugin,ar1,0.046,,0.058
139,50,2,dominante_8nm,100,100,paso,4,plugin,limping,0.046,,0.068
139,50,2,dominante_8nm,100,100,paso,4,mm,ar1,0.046,,0.058
139,50,2,dominante_8nm,100,100,paso,4,mm,limping,0.046,,0.068
139,50,2,dominante_8nm,100,100,paso,4,pt,ar1,0.046,,0.058
139,50,2,dominante_8nm,100,100,paso,4,pt,limping,0.046,,0.068
139,50,2,dominante_8nm,100,100,paso,4,nsb,ar1,0.046,,0.056
139,50,2,dominante_8nm,100,100,paso,4,nsb,limping,0.046,,0.068
139,50,2,dominante_8nm,100,100,paso,8,plugin,ar1,0.046,,0.058
139,50,2,dominante_8nm,100,100,paso,8,plugin,limping,0.046,,0.068
139,50,2,dominante_8nm,100,100,paso,8,mm,ar1,0.046,,0.058
139,50,2,dominante_8nm,100,100,paso,8,mm,limping,0.046,,0.068
139,50,2,dominante_8nm,100,100,paso,8,pt,ar1,0.046,,0.058
139,50,2,dominante_8nm,100,100,paso,8,pt,limping,0.046,,0.068
139,50,2,dominante_8nm,100,100,paso,8,nsb,ar1,0.046,,0.056
139,50,2,dominante_8nm,100,100,paso,8,nsb,limping,0.046,,0.068
140,50,2,dominante_8nm,100,300,evento,4,plugin,ar1,0.05,0.05,1
140,50,2,dominante_8nm,100,300,evento,4,plugin,limping,0.05,0.2,1
140,50,2,dominante_8nm,100,300,evento,4,mm,ar1,0.05,0.05,1
140,50,2,dominante_8nm,100,300,evento,4,mm,limping,0.05,0.2,1
140,50,2,dominante_8nm,100,300,evento,4,pt,ar1,0.05,0.05,1
140,50,2,dominante_8nm,100,300,evento,4,pt,limping,0.05,0.2,1
140,50,2,dominante_8nm,100,300,evento,4,nsb,ar1,0.05,0.05,1
140,50,2,dominante_8nm,100,300,evento,4,nsb,limping,0.05,0.2,1
140,50,2,dominante_8nm,100,300,evento,8,plugin,ar1,0.044,0.1,1
140,50,2,dominante_8nm,100,300,evento,8,plugin,limping,0.044,0.2,1
140,50,2,dominante_8nm,100,300,evento,8,mm,ar1,0.044,0.1,1
140,50,2,dominante_8nm,100,300,evento,8,mm,limping,0.044,0.2,1
140,50,2,dominante_8nm,100,300,evento,8,pt,ar1,0.044,0.1,1
140,50,2,dominante_8nm,100,300,evento,8,pt,limping,0.044,0.2,1
140,50,2,dominante_8nm,100,300,evento,8,nsb,ar1,0.05,0.1,1
140,50,2,dominante_8nm,100,300,evento,8,nsb,limping,0.05,0.2,1
140,50,2,dominante_8nm,100,300,dwell,4,plugin,ar1,0.048,0.05,1
140,50,2,dominante_8nm,100,300,dwell,4,plugin,limping,0.048,0.2,1
140,50,2,dominante_8nm,100,300,dwell,4,mm,ar1,0.048,0.05,1
140,50,2,dominante_8nm,100,300,dwell,4,mm,limping,0.048,0.2,1
140,50,2,dominante_8nm,100,300,dwell,4,pt,ar1,0.048,0.05,1
140,50,2,dominante_8nm,100,300,dwell,4,pt,limping,0.048,0.2,1
140,50,2,dominante_8nm,100,300,dwell,4,nsb,ar1,0.046,0.05,1
140,50,2,dominante_8nm,100,300,dwell,4,nsb,limping,0.046,0.2,1
140,50,2,dominante_8nm,100,300,dwell,8,plugin,ar1,0.05,0.05,1
140,50,2,dominante_8nm,100,300,dwell,8,plugin,limping,0.05,0.2,1
140,50,2,dominante_8nm,100,300,dwell,8,mm,ar1,0.05,0.05,1
140,50,2,dominante_8nm,100,300,dwell,8,mm,limping,0.05,0.2,1
140,50,2,dominante_8nm,100,300,dwell,8,pt,ar1,0.05,0.05,1
140,50,2,dominante_8nm,100,300,dwell,8,pt,limping,0.05,0.2,1
140,50,2,dominante_8nm,100,300,dwell,8,nsb,ar1,0.048,0.05,1
140,50,2,dominante_8nm,100,300,dwell,8,nsb,limping,0.048,0.2,1
140,50,2,dominante_8nm,100,300,paso,4,plugin,ar1,0.042,,0.052
140,50,2,dominante_8nm,100,300,paso,4,plugin,limping,0.042,,0.054
140,50,2,dominante_8nm,100,300,paso,4,mm,ar1,0.042,,0.052
140,50,2,dominante_8nm,100,300,paso,4,mm,limping,0.042,,0.054
140,50,2,dominante_8nm,100,300,paso,4,pt,ar1,0.042,,0.052
140,50,2,dominante_8nm,100,300,paso,4,pt,limping,0.042,,0.054
140,50,2,dominante_8nm,100,300,paso,4,nsb,ar1,0.042,,0.052
140,50,2,dominante_8nm,100,300,paso,4,nsb,limping,0.042,,0.052
140,50,2,dominante_8nm,100,300,paso,8,plugin,ar1,0.042,,0.052
140,50,2,dominante_8nm,100,300,paso,8,plugin,limping,0.042,,0.054
140,50,2,dominante_8nm,100,300,paso,8,mm,ar1,0.042,,0.052
140,50,2,dominante_8nm,100,300,paso,8,mm,limping,0.042,,0.054
140,50,2,dominante_8nm,100,300,paso,8,pt,ar1,0.042,,0.052
140,50,2,dominante_8nm,100,300,paso,8,pt,limping,0.042,,0.054
140,50,2,dominante_8nm,100,300,paso,8,nsb,ar1,0.042,,0.052
140,50,2,dominante_8nm,100,300,paso,8,nsb,limping,0.042,,0.052
141,50,2,dominante_8nm,200,50,evento,4,plugin,ar1,0.038,0.1,1
141,50,2,dominante_8nm,200,50,evento,4,plugin,limping,0.038,0.35,1
141,50,2,dominante_8nm,200,50,evento,4,mm,ar1,0.038,0.1,1
141,50,2,dominante_8nm,200,50,evento,4,mm,limping,0.038,0.35,1
141,50,2,dominante_8nm,200,50,evento,4,pt,ar1,0.038,0.1,1
141,50,2,dominante_8nm,200,50,evento,4,pt,limping,0.038,0.35,1
141,50,2,dominante_8nm,200,50,evento,4,nsb,ar1,0.038,0.1,1
141,50,2,dominante_8nm,200,50,evento,4,nsb,limping,0.038,0.35,1
141,50,2,dominante_8nm,200,50,evento,8,plugin,ar1,0.048,0.2,1
141,50,2,dominante_8nm,200,50,evento,8,plugin,limping,0.048,0.35,1
141,50,2,dominante_8nm,200,50,evento,8,pt,ar1,0.048,0.2,1
141,50,2,dominante_8nm,200,50,evento,8,pt,limping,0.048,0.35,1
141,50,2,dominante_8nm,200,50,dwell_paso,4,plugin,ar1,0.044,,0.06
141,50,2,dominante_8nm,200,50,dwell_paso,4,plugin,limping,0.044,,0.066
141,50,2,dominante_8nm,200,50,dwell_paso,4,mm,ar1,0.044,,0.06
141,50,2,dominante_8nm,200,50,dwell_paso,4,mm,limping,0.044,,0.066
141,50,2,dominante_8nm,200,50,dwell_paso,4,pt,ar1,0.044,,0.06
141,50,2,dominante_8nm,200,50,dwell_paso,4,pt,limping,0.044,,0.066
141,50,2,dominante_8nm,200,50,dwell_paso,4,nsb,ar1,0.044,,0.06
141,50,2,dominante_8nm,200,50,dwell_paso,4,nsb,limping,0.044,,0.066
141,50,2,dominante_8nm,200,50,dwell_paso,8,plugin,ar1,0.036,,0.066
141,50,2,dominante_8nm,200,50,dwell_paso,8,plugin,limping,0.036,,0.066
141,50,2,dominante_8nm,200,50,dwell_paso,8,mm,ar1,0.036,,0.066
141,50,2,dominante_8nm,200,50,dwell_paso,8,mm,limping,0.036,,0.066
141,50,2,dominante_8nm,200,50,dwell_paso,8,pt,ar1,0.036,,0.066
141,50,2,dominante_8nm,200,50,dwell_paso,8,pt,limping,0.036,,0.066
141,50,2,dominante_8nm,200,50,dwell_paso,8,nsb,ar1,0.036,,0.066
141,50,2,dominante_8nm,200,50,dwell_paso,8,nsb,limping,0.036,,0.066
142,50,2,dominante_8nm,200,100,evento,4,plugin,ar1,0.05,0.1,1
142,50,2,dominante_8nm,200,100,evento,4,plugin,limping,0.05,0.2,1
142,50,2,dominante_8nm,200,100,evento,4,mm,ar1,0.05,0.1,1
142,50,2,dominante_8nm,200,100,evento,4,mm,limping,0.05,0.2,1
142,50,2,dominante_8nm,200,100,evento,4,pt,ar1,0.05,0.1,1
142,50,2,dominante_8nm,200,100,evento,4,pt,limping,0.05,0.2,1
142,50,2,dominante_8nm,200,100,evento,4,nsb,ar1,0.05,0.1,1
142,50,2,dominante_8nm,200,100,evento,4,nsb,limping,0.05,0.2,1
142,50,2,dominante_8nm,200,100,dwell,4,plugin,ar1,0.048,0.05,1
142,50,2,dominante_8nm,200,100,dwell,4,plugin,limping,0.048,0.2,1
142,50,2,dominante_8nm,200,100,dwell,4,mm,ar1,0.048,0.05,1
142,50,2,dominante_8nm,200,100,dwell,4,mm,limping,0.048,0.2,1
142,50,2,dominante_8nm,200,100,dwell,4,pt,ar1,0.048,0.05,1
142,50,2,dominante_8nm,200,100,dwell,4,pt,limping,0.048,0.2,1
142,50,2,dominante_8nm,200,100,dwell,4,nsb,ar1,0.048,0.05,1
142,50,2,dominante_8nm,200,100,dwell,4,nsb,limping,0.048,0.2,1
142,50,2,dominante_8nm,200,100,dwell,8,plugin,ar1,0.046,0.05,1
142,50,2,dominante_8nm,200,100,dwell,8,plugin,limping,0.046,0.2,1
142,50,2,dominante_8nm,200,100,dwell,8,mm,ar1,0.046,0.05,1
142,50,2,dominante_8nm,200,100,dwell,8,mm,limping,0.046,0.2,1
142,50,2,dominante_8nm,200,100,dwell,8,pt,ar1,0.046,0.05,1
142,50,2,dominante_8nm,200,100,dwell,8,pt,limping,0.046,0.2,1
142,50,2,dominante_8nm,200,100,dwell,8,nsb,ar1,0.044,0.05,1
142,50,2,dominante_8nm,200,100,dwell,8,nsb,limping,0.044,0.2,1
142,50,2,dominante_8nm,200,100,paso,4,plugin,ar1,0.046,,0.058
142,50,2,dominante_8nm,200,100,paso,4,plugin,limping,0.046,,0.064
142,50,2,dominante_8nm,200,100,paso,4,mm,ar1,0.046,,0.058
142,50,2,dominante_8nm,200,100,paso,4,mm,limping,0.046,,0.064
142,50,2,dominante_8nm,200,100,paso,4,pt,ar1,0.046,,0.058
142,50,2,dominante_8nm,200,100,paso,4,pt,limping,0.046,,0.064
142,50,2,dominante_8nm,200,100,paso,4,nsb,ar1,0.046,,0.06
142,50,2,dominante_8nm,200,100,paso,4,nsb,limping,0.046,,0.07
142,50,2,dominante_8nm,200,100,paso,8,plugin,ar1,0.046,,0.058
142,50,2,dominante_8nm,200,100,paso,8,plugin,limping,0.046,,0.064
142,50,2,dominante_8nm,200,100,paso,8,mm,ar1,0.046,,0.058
142,50,2,dominante_8nm,200,100,paso,8,mm,limping,0.046,,0.064
142,50,2,dominante_8nm,200,100,paso,8,pt,ar1,0.046,,0.058
142,50,2,dominante_8nm,200,100,paso,8,pt,limping,0.046,,0.064
142,50,2,dominante_8nm,200,100,paso,8,nsb,ar1,0.046,,0.06
142,50,2,dominante_8nm,200,100,paso,8,nsb,limping,0.046,,0.07
142,50,2,dominante_8nm,200,100,dwell_paso,4,plugin,ar1,0.046,,0.06
142,50,2,dominante_8nm,200,100,dwell_paso,4,plugin,limping,0.046,,0.072
142,50,2,dominante_8nm,200,100,dwell_paso,4,mm,ar1,0.046,,0.06
142,50,2,dominante_8nm,200,100,dwell_paso,4,mm,limping,0.046,,0.072
142,50,2,dominante_8nm,200,100,dwell_paso,4,pt,ar1,0.046,,0.06
142,50,2,dominante_8nm,200,100,dwell_paso,4,pt,limping,0.046,,0.072
142,50,2,dominante_8nm,200,100,dwell_paso,4,nsb,ar1,0.044,,0.06
142,50,2,dominante_8nm,200,100,dwell_paso,4,nsb,limping,0.044,,0.072
142,50,2,dominante_8nm,200,100,dwell_paso,8,plugin,ar1,0.04,,0.062
142,50,2,dominante_8nm,200,100,dwell_paso,8,plugin,limping,0.04,,0.056
142,50,2,dominante_8nm,200,100,dwell_paso,8,mm,ar1,0.04,,0.062
142,50,2,dominante_8nm,200,100,dwell_paso,8,mm,limping,0.04,,0.056
142,50,2,dominante_8nm,200,100,dwell_paso,8,pt,ar1,0.04,,0.062
142,50,2,dominante_8nm,200,100,dwell_paso,8,pt,limping,0.04,,0.056
142,50,2,dominante_8nm,200,100,dwell_paso,8,nsb,ar1,0.04,,0.062
142,50,2,dominante_8nm,200,100,dwell_paso,8,nsb,limping,0.04,,0.056
143,50,2,dominante_8nm,200,300,evento,4,plugin,ar1,0.044,0.05,1
143,50,2,dominante_8nm,200,300,evento,4,plugin,limping,0.044,0.2,1
143,50,2,dominante_8nm,200,300,evento,4,mm,ar1,0.044,0.05,1
143,50,2,dominante_8nm,200,300,evento,4,mm,limping,0.044,0.2,1
143,50,2,dominante_8nm,200,300,evento,4,pt,ar1,0.044,0.05,1
143,50,2,dominante_8nm,200,300,evento,4,pt,limping,0.044,0.2,1
143,50,2,dominante_8nm,200,300,evento,4,nsb,ar1,0.044,0.05,1
143,50,2,dominante_8nm,200,300,evento,4,nsb,limping,0.044,0.2,1
143,50,2,dominante_8nm,200,300,evento,8,plugin,ar1,0.05,0.05,1
143,50,2,dominante_8nm,200,300,evento,8,plugin,limping,0.05,0.2,1
143,50,2,dominante_8nm,200,300,evento,8,mm,ar1,0.05,0.05,1
143,50,2,dominante_8nm,200,300,evento,8,mm,limping,0.05,0.2,1
143,50,2,dominante_8nm,200,300,evento,8,pt,ar1,0.05,0.05,1
143,50,2,dominante_8nm,200,300,evento,8,pt,limping,0.05,0.2,1
143,50,2,dominante_8nm,200,300,dwell_paso,4,plugin,ar1,0.036,,0.056
143,50,2,dominante_8nm,200,300,dwell_paso,4,plugin,limping,0.036,,0.068
143,50,2,dominante_8nm,200,300,dwell_paso,4,mm,ar1,0.036,,0.056
143,50,2,dominante_8nm,200,300,dwell_paso,4,mm,limping,0.036,,0.068
143,50,2,dominante_8nm,200,300,dwell_paso,4,pt,ar1,0.036,,0.056
143,50,2,dominante_8nm,200,300,dwell_paso,4,pt,limping,0.036,,0.068
143,50,2,dominante_8nm,200,300,dwell_paso,4,nsb,ar1,0.036,,0.056
143,50,2,dominante_8nm,200,300,dwell_paso,4,nsb,limping,0.036,,0.068
143,50,2,dominante_8nm,200,300,dwell_paso,8,plugin,ar1,0.034,,0.06
143,50,2,dominante_8nm,200,300,dwell_paso,8,plugin,limping,0.034,,0.062
143,50,2,dominante_8nm,200,300,dwell_paso,8,mm,ar1,0.034,,0.06
143,50,2,dominante_8nm,200,300,dwell_paso,8,mm,limping,0.034,,0.062
143,50,2,dominante_8nm,200,300,dwell_paso,8,pt,ar1,0.034,,0.06
143,50,2,dominante_8nm,200,300,dwell_paso,8,pt,limping,0.034,,0.062
143,50,2,dominante_8nm,200,300,dwell_paso,8,nsb,ar1,0.034,,0.06
143,50,2,dominante_8nm,200,300,dwell_paso,8,nsb,limping,0.034,,0.062
144,50,2,equilibrada,50,50,evento,4,plugin,ar1,0.048,0.2,1
144,50,2,equilibrada,50,50,evento,4,plugin,limping,0.048,0.35,1
144,50,2,equilibrada,50,50,evento,4,mm,ar1,0.048,0.2,1
144,50,2,equilibrada,50,50,evento,4,mm,limping,0.048,0.35,1
144,50,2,equilibrada,50,50,evento,4,pt,ar1,0.048,0.2,1
144,50,2,equilibrada,50,50,evento,4,pt,limping,0.048,0.35,1
144,50,2,equilibrada,50,50,evento,4,nsb,ar1,0.048,0.2,1
144,50,2,equilibrada,50,50,evento,4,nsb,limping,0.048,0.35,1
144,50,2,equilibrada,50,50,evento,8,plugin,ar1,0.038,0.35,1
144,50,2,equilibrada,50,50,evento,8,plugin,limping,0.038,0.35,1
144,50,2,equilibrada,50,50,evento,8,mm,ar1,0.04,0.35,1
144,50,2,equilibrada,50,50,evento,8,mm,limping,0.04,0.35,1
144,50,2,equilibrada,50,50,evento,8,pt,ar1,0.038,0.35,1
144,50,2,equilibrada,50,50,evento,8,pt,limping,0.038,0.35,1
144,50,2,equilibrada,50,50,evento,8,nsb,ar1,0.04,0.35,1
144,50,2,equilibrada,50,50,evento,8,nsb,limping,0.04,0.35,1
144,50,2,equilibrada,50,50,dwell_paso,4,plugin,ar1,0.038,,0.064
144,50,2,equilibrada,50,50,dwell_paso,4,plugin,limping,0.038,,0.054
144,50,2,equilibrada,50,50,dwell_paso,4,mm,ar1,0.038,,0.064
144,50,2,equilibrada,50,50,dwell_paso,4,mm,limping,0.038,,0.054
144,50,2,equilibrada,50,50,dwell_paso,4,pt,ar1,0.038,,0.064
144,50,2,equilibrada,50,50,dwell_paso,4,pt,limping,0.038,,0.054
144,50,2,equilibrada,50,50,dwell_paso,4,nsb,ar1,0.04,,0.062
144,50,2,equilibrada,50,50,dwell_paso,4,nsb,limping,0.04,,0.056
144,50,2,equilibrada,50,50,dwell_paso,8,plugin,ar1,0.038,,0.066
144,50,2,equilibrada,50,50,dwell_paso,8,plugin,limping,0.038,,0.056
144,50,2,equilibrada,50,50,dwell_paso,8,mm,ar1,0.038,,0.066
144,50,2,equilibrada,50,50,dwell_paso,8,mm,limping,0.038,,0.056
144,50,2,equilibrada,50,50,dwell_paso,8,pt,ar1,0.038,,0.066
144,50,2,equilibrada,50,50,dwell_paso,8,pt,limping,0.038,,0.056
144,50,2,equilibrada,50,50,dwell_paso,8,nsb,ar1,0.038,,0.066
144,50,2,equilibrada,50,50,dwell_paso,8,nsb,limping,0.038,,0.056
145,50,2,equilibrada,50,100,evento,4,plugin,ar1,0.046,0.2,1
145,50,2,equilibrada,50,100,evento,4,plugin,limping,0.046,0.35,1
145,50,2,equilibrada,50,100,evento,4,mm,ar1,0.046,0.2,1
145,50,2,equilibrada,50,100,evento,4,mm,limping,0.046,0.35,1
145,50,2,equilibrada,50,100,evento,4,pt,ar1,0.046,0.2,1
145,50,2,equilibrada,50,100,evento,4,pt,limping,0.046,0.35,1
145,50,2,equilibrada,50,100,evento,4,nsb,ar1,0.046,0.2,1
145,50,2,equilibrada,50,100,evento,4,nsb,limping,0.046,0.35,1
145,50,2,equilibrada,50,100,evento,8,plugin,ar1,0.046,0.2,1
145,50,2,equilibrada,50,100,evento,8,plugin,limping,0.046,0.35,1
145,50,2,equilibrada,50,100,evento,8,mm,ar1,0.048,0.2,1
145,50,2,equilibrada,50,100,evento,8,mm,limping,0.048,0.35,1
145,50,2,equilibrada,50,100,evento,8,pt,ar1,0.048,0.2,1
145,50,2,equilibrada,50,100,evento,8,pt,limping,0.048,0.35,1
145,50,2,equilibrada,50,100,dwell,4,plugin,ar1,0.046,0.1,1
145,50,2,equilibrada,50,100,dwell,4,plugin,limping,0.046,0.2,1
145,50,2,equilibrada,50,100,dwell,4,mm,ar1,0.046,0.1,1
145,50,2,equilibrada,50,100,dwell,4,mm,limping,0.046,0.2,1
145,50,2,equilibrada,50,100,dwell,4,pt,ar1,0.046,0.1,1
145,50,2,equilibrada,50,100,dwell,4,pt,limping,0.046,0.2,1
145,50,2,equilibrada,50,100,dwell,4,nsb,ar1,0.046,0.1,1
145,50,2,equilibrada,50,100,dwell,4,nsb,limping,0.046,0.2,1
145,50,2,equilibrada,50,100,dwell,8,plugin,ar1,0.044,0.1,1
145,50,2,equilibrada,50,100,dwell,8,plugin,limping,0.044,0.35,1
145,50,2,equilibrada,50,100,dwell,8,mm,ar1,0.044,0.1,1
145,50,2,equilibrada,50,100,dwell,8,mm,limping,0.044,0.35,1
145,50,2,equilibrada,50,100,dwell,8,pt,ar1,0.044,0.1,1
145,50,2,equilibrada,50,100,dwell,8,pt,limping,0.044,0.35,1
145,50,2,equilibrada,50,100,dwell,8,nsb,ar1,0.042,0.1,1
145,50,2,equilibrada,50,100,dwell,8,nsb,limping,0.042,0.35,1
145,50,2,equilibrada,50,100,paso,4,plugin,ar1,0.044,,0.058
145,50,2,equilibrada,50,100,paso,4,plugin,limping,0.044,,0.064
145,50,2,equilibrada,50,100,paso,4,mm,ar1,0.044,,0.058
145,50,2,equilibrada,50,100,paso,4,mm,limping,0.044,,0.064
145,50,2,equilibrada,50,100,paso,4,pt,ar1,0.044,,0.058
145,50,2,equilibrada,50,100,paso,4,pt,limping,0.044,,0.064
145,50,2,equilibrada,50,100,paso,4,nsb,ar1,0.044,,0.058
145,50,2,equilibrada,50,100,paso,4,nsb,limping,0.044,,0.064
145,50,2,equilibrada,50,100,paso,8,plugin,ar1,0.044,,0.058
145,50,2,equilibrada,50,100,paso,8,plugin,limping,0.044,,0.064
145,50,2,equilibrada,50,100,paso,8,mm,ar1,0.044,,0.058
145,50,2,equilibrada,50,100,paso,8,mm,limping,0.044,,0.064
145,50,2,equilibrada,50,100,paso,8,pt,ar1,0.044,,0.058
145,50,2,equilibrada,50,100,paso,8,pt,limping,0.044,,0.064
145,50,2,equilibrada,50,100,paso,8,nsb,ar1,0.044,,0.058
145,50,2,equilibrada,50,100,paso,8,nsb,limping,0.044,,0.064
145,50,2,equilibrada,50,100,dwell_paso,4,plugin,ar1,0.03,,0.058
145,50,2,equilibrada,50,100,dwell_paso,4,plugin,limping,0.03,,0.062
145,50,2,equilibrada,50,100,dwell_paso,4,mm,ar1,0.03,,0.058
145,50,2,equilibrada,50,100,dwell_paso,4,mm,limping,0.03,,0.062
145,50,2,equilibrada,50,100,dwell_paso,4,pt,ar1,0.03,,0.058
145,50,2,equilibrada,50,100,dwell_paso,4,pt,limping,0.03,,0.062
145,50,2,equilibrada,50,100,dwell_paso,4,nsb,ar1,0.03,,0.058
145,50,2,equilibrada,50,100,dwell_paso,4,nsb,limping,0.03,,0.062
145,50,2,equilibrada,50,100,dwell_paso,8,plugin,ar1,0.042,,0.066
145,50,2,equilibrada,50,100,dwell_paso,8,plugin,limping,0.042,,0.07
145,50,2,equilibrada,50,100,dwell_paso,8,mm,ar1,0.042,,0.066
145,50,2,equilibrada,50,100,dwell_paso,8,mm,limping,0.042,,0.07
145,50,2,equilibrada,50,100,dwell_paso,8,pt,ar1,0.042,,0.066
145,50,2,equilibrada,50,100,dwell_paso,8,pt,limping,0.042,,0.07
145,50,2,equilibrada,50,100,dwell_paso,8,nsb,ar1,0.044,,0.07
145,50,2,equilibrada,50,100,dwell_paso,8,nsb,limping,0.044,,0.07
146,50,2,equilibrada,50,300,evento,8,plugin,ar1,0.048,0.1,1
146,50,2,equilibrada,50,300,evento,8,plugin,limping,0.048,0.35,1
146,50,2,equilibrada,50,300,evento,8,mm,ar1,0.048,0.1,1
146,50,2,equilibrada,50,300,evento,8,mm,limping,0.048,0.35,1
146,50,2,equilibrada,50,300,evento,8,pt,ar1,0.048,0.1,1
146,50,2,equilibrada,50,300,evento,8,pt,limping,0.048,0.35,1
146,50,2,equilibrada,50,300,dwell_paso,4,plugin,ar1,0.048,,0.054
146,50,2,equilibrada,50,300,dwell_paso,4,plugin,limping,0.048,,0.062
146,50,2,equilibrada,50,300,dwell_paso,4,mm,ar1,0.048,,0.054
146,50,2,equilibrada,50,300,dwell_paso,4,mm,limping,0.048,,0.062
146,50,2,equilibrada,50,300,dwell_paso,4,pt,ar1,0.048,,0.054
146,50,2,equilibrada,50,300,dwell_paso,4,pt,limping,0.048,,0.062
146,50,2,equilibrada,50,300,dwell_paso,4,nsb,ar1,0.05,,0.054
146,50,2,equilibrada,50,300,dwell_paso,4,nsb,limping,0.05,,0.062
146,50,2,equilibrada,50,300,dwell_paso,8,plugin,ar1,0.05,,0.062
146,50,2,equilibrada,50,300,dwell_paso,8,plugin,limping,0.05,,0.068
146,50,2,equilibrada,50,300,dwell_paso,8,mm,ar1,0.05,,0.062
146,50,2,equilibrada,50,300,dwell_paso,8,mm,limping,0.05,,0.068
146,50,2,equilibrada,50,300,dwell_paso,8,pt,ar1,0.05,,0.062
146,50,2,equilibrada,50,300,dwell_paso,8,pt,limping,0.05,,0.068
146,50,2,equilibrada,50,300,dwell_paso,8,nsb,ar1,0.05,,0.062
146,50,2,equilibrada,50,300,dwell_paso,8,nsb,limping,0.05,,0.07
147,50,2,equilibrada,100,50,evento,8,plugin,ar1,0.048,0.2,1
147,50,2,equilibrada,100,50,evento,8,plugin,limping,0.048,0.35,1
147,50,2,equilibrada,100,50,evento,8,mm,ar1,0.048,0.2,1
147,50,2,equilibrada,100,50,evento,8,mm,limping,0.048,0.35,1
147,50,2,equilibrada,100,50,evento,8,pt,ar1,0.048,0.2,1
147,50,2,equilibrada,100,50,evento,8,pt,limping,0.048,0.35,1
147,50,2,equilibrada,100,50,evento,8,nsb,ar1,0.05,0.2,1
147,50,2,equilibrada,100,50,evento,8,nsb,limping,0.05,0.35,1
147,50,2,equilibrada,100,50,dwell,4,plugin,ar1,0.04,0.1,1
147,50,2,equilibrada,100,50,dwell,4,plugin,limping,0.04,0.2,1
147,50,2,equilibrada,100,50,dwell,4,mm,ar1,0.04,0.1,1
147,50,2,equilibrada,100,50,dwell,4,mm,limping,0.04,0.2,1
147,50,2,equilibrada,100,50,dwell,4,pt,ar1,0.04,0.1,1
147,50,2,equilibrada,100,50,dwell,4,pt,limping,0.04,0.2,1
147,50,2,equilibrada,100,50,dwell,4,nsb,ar1,0.04,0.1,1
147,50,2,equilibrada,100,50,dwell,4,nsb,limping,0.04,0.2,1
147,50,2,equilibrada,100,50,paso,4,plugin,ar1,0.04,,0.068
147,50,2,equilibrada,100,50,paso,4,plugin,limping,0.04,,0.046
147,50,2,equilibrada,100,50,paso,4,mm,ar1,0.04,,0.068
147,50,2,equilibrada,100,50,paso,4,mm,limping,0.04,,0.046
147,50,2,equilibrada,100,50,paso,4,pt,ar1,0.04,,0.068
147,50,2,equilibrada,100,50,paso,4,pt,limping,0.04,,0.046
147,50,2,equilibrada,100,50,paso,4,nsb,ar1,0.04,,0.068
147,50,2,equilibrada,100,50,paso,4,nsb,limping,0.04,,0.046
147,50,2,equilibrada,100,50,paso,8,plugin,ar1,0.04,,0.068
147,50,2,equilibrada,100,50,paso,8,plugin,limping,0.04,,0.046
147,50,2,equilibrada,100,50,paso,8,mm,ar1,0.04,,0.068
147,50,2,equilibrada,100,50,paso,8,mm,limping,0.04,,0.046
147,50,2,equilibrada,100,50,paso,8,pt,ar1,0.04,,0.068
147,50,2,equilibrada,100,50,paso,8,pt,limping,0.04,,0.046
147,50,2,equilibrada,100,50,paso,8,nsb,ar1,0.04,,0.068
147,50,2,equilibrada,100,50,paso,8,nsb,limping,0.04,,0.046
147,50,2,equilibrada,100,50,dwell_paso,4,plugin,ar1,0.04,,0.072
147,50,2,equilibrada,100,50,dwell_paso,4,plugin,limping,0.04,,0.072
147,50,2,equilibrada,100,50,dwell_paso,4,mm,ar1,0.04,,0.072
147,50,2,equilibrada,100,50,dwell_paso,4,mm,limping,0.04,,0.072
147,50,2,equilibrada,100,50,dwell_paso,4,pt,ar1,0.04,,0.072
147,50,2,equilibrada,100,50,dwell_paso,4,pt,limping,0.04,,0.072
147,50,2,equilibrada,100,50,dwell_paso,4,nsb,ar1,0.042,,0.072
147,50,2,equilibrada,100,50,dwell_paso,4,nsb,limping,0.042,,0.074
147,50,2,equilibrada,100,50,dwell_paso,8,plugin,ar1,0.04,,0.064
147,50,2,equilibrada,100,50,dwell_paso,8,plugin,limping,0.04,,0.062
147,50,2,equilibrada,100,50,dwell_paso,8,mm,ar1,0.04,,0.064
147,50,2,equilibrada,100,50,dwell_paso,8,mm,limping,0.04,,0.062
147,50,2,equilibrada,100,50,dwell_paso,8,pt,ar1,0.04,,0.064
147,50,2,equilibrada,100,50,dwell_paso,8,pt,limping,0.04,,0.062
147,50,2,equilibrada,100,50,dwell_paso,8,nsb,ar1,0.042,,0.064
147,50,2,equilibrada,100,50,dwell_paso,8,nsb,limping,0.042,,0.06
148,50,2,equilibrada,100,100,evento,4,plugin,ar1,0.048,0.1,1
148,50,2,equilibrada,100,100,evento,4,plugin,limping,0.048,0.35,1
148,50,2,equilibrada,100,100,evento,4,mm,ar1,0.048,0.1,1
148,50,2,equilibrada,100,100,evento,4,mm,limping,0.048,0.35,1
148,50,2,equilibrada,100,100,evento,4,pt,ar1,0.048,0.1,1
148,50,2,equilibrada,100,100,evento,4,pt,limping,0.048,0.35,1
148,50,2,equilibrada,100,100,evento,4,nsb,ar1,0.05,0.1,1
148,50,2,equilibrada,100,100,evento,4,nsb,limping,0.05,0.35,1
148,50,2,equilibrada,100,100,evento,8,plugin,ar1,0.034,0.2,1
148,50,2,equilibrada,100,100,evento,8,plugin,limping,0.034,0.35,1
148,50,2,equilibrada,100,100,evento,8,mm,ar1,0.034,0.2,1
148,50,2,equilibrada,100,100,evento,8,mm,limping,0.034,0.35,1
148,50,2,equilibrada,100,100,evento,8,pt,ar1,0.034,0.2,1
148,50,2,equilibrada,100,100,evento,8,pt,limping,0.034,0.35,1
148,50,2,equilibrada,100,100,evento,8,nsb,ar1,0.04,0.2,1
148,50,2,equilibrada,100,100,evento,8,nsb,limping,0.04,0.35,1
148,50,2,equilibrada,100,100,dwell,8,plugin,ar1,0.038,0.1,1
148,50,2,equilibrada,100,100,dwell,8,plugin,limping,0.038,0.2,1
148,50,2,equilibrada,100,100,dwell,8,mm,ar1,0.038,0.1,1
148,50,2,equilibrada,100,100,dwell,8,mm,limping,0.038,0.2,1
148,50,2,equilibrada,100,100,dwell,8,pt,ar1,0.038,0.1,1
148,50,2,equilibrada,100,100,dwell,8,pt,limping,0.038,0.2,1
148,50,2,equilibrada,100,100,dwell,8,nsb,ar1,0.038,0.1,1
148,50,2,equilibrada,100,100,dwell,8,nsb,limping,0.038,0.2,1
149,50,2,equilibrada,100,300,evento,4,plugin,ar1,0.03,0.05,1
149,50,2,equilibrada,100,300,evento,4,plugin,limping,0.03,0.2,1
149,50,2,equilibrada,100,300,evento,4,mm,ar1,0.03,0.05,1
149,50,2,equilibrada,100,300,evento,4,mm,limping,0.03,0.2,1
149,50,2,equilibrada,100,300,evento,4,pt,ar1,0.03,0.05,1
149,50,2,equilibrada,100,300,evento,4,pt,limping,0.03,0.2,1
149,50,2,equilibrada,100,300,evento,4,nsb,ar1,0.032,0.05,1
149,50,2,equilibrada,100,300,evento,4,nsb,limping,0.032,0.2,1
149,50,2,equilibrada,100,300,dwell,4,plugin,ar1,0.046,0.05,1
149,50,2,equilibrada,100,300,dwell,4,plugin,limping,0.046,0.2,1
149,50,2,equilibrada,100,300,dwell,4,mm,ar1,0.046,0.05,1
149,50,2,equilibrada,100,300,dwell,4,mm,limping,0.046,0.2,1
149,50,2,equilibrada,100,300,dwell,4,pt,ar1,0.046,0.05,1
149,50,2,equilibrada,100,300,dwell,4,pt,limping,0.046,0.2,1
149,50,2,equilibrada,100,300,dwell,4,nsb,ar1,0.046,0.05,1
149,50,2,equilibrada,100,300,dwell,4,nsb,limping,0.046,0.2,1
149,50,2,equilibrada,100,300,dwell,8,plugin,ar1,0.04,0.05,1
149,50,2,equilibrada,100,300,dwell,8,plugin,limping,0.04,0.2,1
149,50,2,equilibrada,100,300,dwell,8,mm,ar1,0.04,0.05,1
149,50,2,equilibrada,100,300,dwell,8,mm,limping,0.04,0.2,1
149,50,2,equilibrada,100,300,dwell,8,pt,ar1,0.04,0.05,1
149,50,2,equilibrada,100,300,dwell,8,pt,limping,0.04,0.2,1
149,50,2,equilibrada,100,300,dwell,8,nsb,ar1,0.038,0.05,1
149,50,2,equilibrada,100,300,dwell,8,nsb,limping,0.038,0.2,1
150,50,2,equilibrada,200,50,dwell,4,plugin,ar1,0.03,0.05,1
150,50,2,equilibrada,200,50,dwell,4,plugin,limping,0.03,0.2,1
150,50,2,equilibrada,200,50,dwell,4,mm,ar1,0.03,0.05,1
150,50,2,equilibrada,200,50,dwell,4,mm,limping,0.03,0.2,1
150,50,2,equilibrada,200,50,dwell,4,pt,ar1,0.03,0.05,1
150,50,2,equilibrada,200,50,dwell,4,pt,limping,0.03,0.2,1
150,50,2,equilibrada,200,50,dwell,4,nsb,ar1,0.03,0.05,1
150,50,2,equilibrada,200,50,dwell,4,nsb,limping,0.03,0.2,1
150,50,2,equilibrada,200,50,dwell,8,plugin,ar1,0.038,0.1,1
150,50,2,equilibrada,200,50,dwell,8,plugin,limping,0.038,0.2,1
150,50,2,equilibrada,200,50,dwell,8,mm,ar1,0.038,0.1,1
150,50,2,equilibrada,200,50,dwell,8,mm,limping,0.038,0.2,1
150,50,2,equilibrada,200,50,dwell,8,pt,ar1,0.038,0.1,1
150,50,2,equilibrada,200,50,dwell,8,pt,limping,0.038,0.2,1
150,50,2,equilibrada,200,50,dwell,8,nsb,ar1,0.042,0.1,1
150,50,2,equilibrada,200,50,dwell,8,nsb,limping,0.042,0.2,1
150,50,2,equilibrada,200,50,dwell_paso,4,plugin,ar1,0.046,,0.066
150,50,2,equilibrada,200,50,dwell_paso,4,plugin,limping,0.046,,0.068
150,50,2,equilibrada,200,50,dwell_paso,4,mm,ar1,0.046,,0.066
150,50,2,equilibrada,200,50,dwell_paso,4,mm,limping,0.046,,0.068
150,50,2,equilibrada,200,50,dwell_paso,4,pt,ar1,0.046,,0.066
150,50,2,equilibrada,200,50,dwell_paso,4,pt,limping,0.046,,0.068
150,50,2,equilibrada,200,50,dwell_paso,4,nsb,ar1,0.046,,0.064
150,50,2,equilibrada,200,50,dwell_paso,4,nsb,limping,0.046,,0.07
151,50,2,equilibrada,200,100,evento,4,nsb,ar1,0.05,0.1,1
151,50,2,equilibrada,200,100,evento,4,nsb,limping,0.05,0.2,1
151,50,2,equilibrada,200,100,paso,4,plugin,ar1,0.044,,0.064
151,50,2,equilibrada,200,100,paso,4,plugin,limping,0.044,,0.07
151,50,2,equilibrada,200,100,paso,4,mm,ar1,0.044,,0.064
151,50,2,equilibrada,200,100,paso,4,mm,limping,0.044,,0.07
151,50,2,equilibrada,200,100,paso,4,pt,ar1,0.044,,0.064
151,50,2,equilibrada,200,100,paso,4,pt,limping,0.044,,0.07
151,50,2,equilibrada,200,100,paso,4,nsb,ar1,0.044,,0.064
151,50,2,equilibrada,200,100,paso,4,nsb,limping,0.044,,0.07
151,50,2,equilibrada,200,100,paso,8,plugin,ar1,0.044,,0.064
151,50,2,equilibrada,200,100,paso,8,plugin,limping,0.044,,0.07
151,50,2,equilibrada,200,100,paso,8,mm,ar1,0.044,,0.064
151,50,2,equilibrada,200,100,paso,8,mm,limping,0.044,,0.07
151,50,2,equilibrada,200,100,paso,8,pt,ar1,0.044,,0.064
151,50,2,equilibrada,200,100,paso,8,pt,limping,0.044,,0.07
151,50,2,equilibrada,200,100,paso,8,nsb,ar1,0.044,,0.064
151,50,2,equilibrada,200,100,paso,8,nsb,limping,0.044,,0.07
151,50,2,equilibrada,200,100,dwell_paso,4,plugin,ar1,0.042,,0.072
151,50,2,equilibrada,200,100,dwell_paso,4,plugin,limping,0.042,,0.056
151,50,2,equilibrada,200,100,dwell_paso,4,mm,ar1,0.042,,0.072
151,50,2,equilibrada,200,100,dwell_paso,4,mm,limping,0.042,,0.056
151,50,2,equilibrada,200,100,dwell_paso,4,pt,ar1,0.042,,0.072
151,50,2,equilibrada,200,100,dwell_paso,4,pt,limping,0.042,,0.056
151,50,2,equilibrada,200,100,dwell_paso,4,nsb,ar1,0.042,,0.072
151,50,2,equilibrada,200,100,dwell_paso,4,nsb,limping,0.042,,0.056
151,50,2,equilibrada,200,100,dwell_paso,8,plugin,ar1,0.042,,0.068
151,50,2,equilibrada,200,100,dwell_paso,8,plugin,limping,0.042,,0.056
151,50,2,equilibrada,200,100,dwell_paso,8,mm,ar1,0.042,,0.068
151,50,2,equilibrada,200,100,dwell_paso,8,mm,limping,0.042,,0.056
151,50,2,equilibrada,200,100,dwell_paso,8,pt,ar1,0.042,,0.068
151,50,2,equilibrada,200,100,dwell_paso,8,pt,limping,0.042,,0.056
151,50,2,equilibrada,200,100,dwell_paso,8,nsb,ar1,0.042,,0.068
151,50,2,equilibrada,200,100,dwell_paso,8,nsb,limping,0.042,,0.056
152,50,2,equilibrada,200,300,evento,4,plugin,ar1,0.048,0.05,1
152,50,2,equilibrada,200,300,evento,4,plugin,limping,0.048,0.2,1
152,50,2,equilibrada,200,300,evento,4,mm,ar1,0.048,0.05,1
152,50,2,equilibrada,200,300,evento,4,mm,limping,0.048,0.2,1
152,50,2,equilibrada,200,300,evento,4,pt,ar1,0.048,0.05,1
152,50,2,equilibrada,200,300,evento,4,pt,limping,0.048,0.2,1
152,50,2,equilibrada,200,300,evento,4,nsb,ar1,0.048,0.05,1
152,50,2,equilibrada,200,300,evento,4,nsb,limping,0.048,0.2,1
152,50,2,equilibrada,200,300,dwell,4,plugin,ar1,0.042,0.05,1
152,50,2,equilibrada,200,300,dwell,4,plugin,limping,0.042,0.2,1
152,50,2,equilibrada,200,300,dwell,4,mm,ar1,0.042,0.05,1
152,50,2,equilibrada,200,300,dwell,4,mm,limping,0.042,0.2,1
152,50,2,equilibrada,200,300,dwell,4,pt,ar1,0.042,0.05,1
152,50,2,equilibrada,200,300,dwell,4,pt,limping,0.042,0.2,1
152,50,2,equilibrada,200,300,dwell,4,nsb,ar1,0.044,0.05,1
152,50,2,equilibrada,200,300,dwell,4,nsb,limping,0.044,0.2,1
152,50,2,equilibrada,200,300,dwell,8,plugin,ar1,0.046,0.05,1
152,50,2,equilibrada,200,300,dwell,8,plugin,limping,0.046,0.2,1
152,50,2,equilibrada,200,300,dwell,8,mm,ar1,0.046,0.05,1
152,50,2,equilibrada,200,300,dwell,8,mm,limping,0.046,0.2,1
152,50,2,equilibrada,200,300,dwell,8,pt,ar1,0.046,0.05,1
152,50,2,equilibrada,200,300,dwell,8,pt,limping,0.046,0.2,1
152,50,2,equilibrada,200,300,dwell,8,nsb,ar1,0.046,0.05,1
152,50,2,equilibrada,200,300,dwell,8,nsb,limping,0.046,0.2,1
152,50,2,equilibrada,200,300,dwell_paso,4,plugin,ar1,0.048,,0.056
152,50,2,equilibrada,200,300,dwell_paso,4,plugin,limping,0.048,,0.07
152,50,2,equilibrada,200,300,dwell_paso,4,mm,ar1,0.048,,0.056
152,50,2,equilibrada,200,300,dwell_paso,4,mm,limping,0.048,,0.07
152,50,2,equilibrada,200,300,dwell_paso,4,pt,ar1,0.048,,0.056
152,50,2,equilibrada,200,300,dwell_paso,4,pt,limping,0.048,,0.07
152,50,2,equilibrada,200,300,dwell_paso,4,nsb,ar1,0.046,,0.054
152,50,2,equilibrada,200,300,dwell_paso,4,nsb,limping,0.046,,0.068
152,50,2,equilibrada,200,300,dwell_paso,8,plugin,ar1,0.044,,0.056
152,50,2,equilibrada,200,300,dwell_paso,8,plugin,limping,0.044,,0.056
152,50,2,equilibrada,200,300,dwell_paso,8,mm,ar1,0.044,,0.056
152,50,2,equilibrada,200,300,dwell_paso,8,mm,limping,0.044,,0.056
152,50,2,equilibrada,200,300,dwell_paso,8,pt,ar1,0.044,,0.056
152,50,2,equilibrada,200,300,dwell_paso,8,pt,limping,0.044,,0.056
152,50,2,equilibrada,200,300,dwell_paso,8,nsb,ar1,0.048,,0.062
152,50,2,equilibrada,200,300,dwell_paso,8,nsb,limping,0.048,,0.054
153,50,2,sesgada_4nm,50,50,evento,4,plugin,ar1,0.04,0.2,1
153,50,2,sesgada_4nm,50,50,evento,4,plugin,limping,0.04,0.35,1
153,50,2,sesgada_4nm,50,50,evento,4,mm,ar1,0.036,0.2,1
153,50,2,sesgada_4nm,50,50,evento,4,mm,limping,0.036,0.35,1
153,50,2,sesgada_4nm,50,50,evento,4,pt,ar1,0.04,0.2,1
153,50,2,sesgada_4nm,50,50,evento,4,pt,limping,0.04,0.35,1
153,50,2,sesgada_4nm,50,50,evento,4,nsb,ar1,0.038,0.2,1
153,50,2,sesgada_4nm,50,50,evento,4,nsb,limping,0.038,0.35,1
153,50,2,sesgada_4nm,50,50,dwell,8,plugin,ar1,0.044,0.2,1
153,50,2,sesgada_4nm,50,50,dwell,8,plugin,limping,0.044,0.35,1
153,50,2,sesgada_4nm,50,50,dwell,8,mm,ar1,0.044,0.2,1
153,50,2,sesgada_4nm,50,50,dwell,8,mm,limping,0.044,0.35,1
153,50,2,sesgada_4nm,50,50,dwell,8,pt,ar1,0.044,0.2,1
153,50,2,sesgada_4nm,50,50,dwell,8,pt,limping,0.044,0.35,1
153,50,2,sesgada_4nm,50,50,dwell,8,nsb,ar1,0.046,0.2,1
153,50,2,sesgada_4nm,50,50,dwell,8,nsb,limping,0.046,0.35,1
153,50,2,sesgada_4nm,50,50,dwell_paso,4,plugin,ar1,0.042,,0.062
153,50,2,sesgada_4nm,50,50,dwell_paso,4,plugin,limping,0.042,,0.06
153,50,2,sesgada_4nm,50,50,dwell_paso,4,mm,ar1,0.042,,0.062
153,50,2,sesgada_4nm,50,50,dwell_paso,4,mm,limping,0.042,,0.06
153,50,2,sesgada_4nm,50,50,dwell_paso,4,pt,ar1,0.042,,0.062
153,50,2,sesgada_4nm,50,50,dwell_paso,4,pt,limping,0.042,,0.06
153,50,2,sesgada_4nm,50,50,dwell_paso,4,nsb,ar1,0.042,,0.062
153,50,2,sesgada_4nm,50,50,dwell_paso,4,nsb,limping,0.042,,0.062
153,50,2,sesgada_4nm,50,50,dwell_paso,8,plugin,ar1,0.05,,0.058
153,50,2,sesgada_4nm,50,50,dwell_paso,8,plugin,limping,0.05,,0.062
153,50,2,sesgada_4nm,50,50,dwell_paso,8,mm,ar1,0.05,,0.058
153,50,2,sesgada_4nm,50,50,dwell_paso,8,mm,limping,0.05,,0.062
153,50,2,sesgada_4nm,50,50,dwell_paso,8,pt,ar1,0.05,,0.058
153,50,2,sesgada_4nm,50,50,dwell_paso,8,pt,limping,0.05,,0.062
153,50,2,sesgada_4nm,50,50,dwell_paso,8,nsb,ar1,0.048,,0.056
153,50,2,sesgada_4nm,50,50,dwell_paso,8,nsb,limping,0.048,,0.062
154,50,2,sesgada_4nm,50,100,evento,4,plugin,ar1,0.048,0.2,1
154,50,2,sesgada_4nm,50,100,evento,4,plugin,limping,0.048,0.35,1
154,50,2,sesgada_4nm,50,100,evento,4,mm,ar1,0.046,0.2,1
154,50,2,sesgada_4nm,50,100,evento,4,mm,limping,0.046,0.35,1
154,50,2,sesgada_4nm,50,100,evento,4,pt,ar1,0.046,0.2,1
154,50,2,sesgada_4nm,50,100,evento,4,pt,limping,0.046,0.35,1
154,50,2,sesgada_4nm,50,100,evento,4,nsb,ar1,0.042,0.2,1
154,50,2,sesgada_4nm,50,100,evento,4,nsb,limping,0.042,0.35,1
154,50,2,sesgada_4nm,50,100,evento,8,plugin,ar1,0.048,0.2,1
154,50,2,sesgada_4nm,50,100,evento,8,plugin,limping,0.048,0.35,1
154,50,2,sesgada_4nm,50,100,evento,8,mm,ar1,0.044,0.2,1
154,50,2,sesgada_4nm,50,100,evento,8,mm,limping,0.044,0.35,1
154,50,2,sesgada_4nm,50,100,evento,8,pt,ar1,0.048,0.2,1
154,50,2,sesgada_4nm,50,100,evento,8,pt,limping,0.048,0.35,1
154,50,2,sesgada_4nm,50,100,evento,8,nsb,ar1,0.048,0.2,1
154,50,2,sesgada_4nm,50,100,evento,8,nsb,limping,0.048,0.35,1
154,50,2,sesgada_4nm,50,100,dwell,4,plugin,ar1,0.04,0.1,1
154,50,2,sesgada_4nm,50,100,dwell,4,plugin,limping,0.04,0.2,1
154,50,2,sesgada_4nm,50,100,dwell,4,mm,ar1,0.04,0.1,1
154,50,2,sesgada_4nm,50,100,dwell,4,mm,limping,0.04,0.2,1
154,50,2,sesgada_4nm,50,100,dwell,4,pt,ar1,0.04,0.1,1
154,50,2,sesgada_4nm,50,100,dwell,4,pt,limping,0.04,0.2,1
154,50,2,sesgada_4nm,50,100,dwell,4,nsb,ar1,0.04,0.1,1
154,50,2,sesgada_4nm,50,100,dwell,4,nsb,limping,0.04,0.2,1
154,50,2,sesgada_4nm,50,100,dwell,8,plugin,ar1,0.038,0.1,1
154,50,2,sesgada_4nm,50,100,dwell,8,plugin,limping,0.038,0.35,1
154,50,2,sesgada_4nm,50,100,dwell,8,mm,ar1,0.038,0.1,1
154,50,2,sesgada_4nm,50,100,dwell,8,mm,limping,0.038,0.35,1
154,50,2,sesgada_4nm,50,100,dwell,8,pt,ar1,0.038,0.1,1
154,50,2,sesgada_4nm,50,100,dwell,8,pt,limping,0.038,0.35,1
154,50,2,sesgada_4nm,50,100,dwell,8,nsb,ar1,0.04,0.1,1
154,50,2,sesgada_4nm,50,100,dwell,8,nsb,limping,0.04,0.35,1
154,50,2,sesgada_4nm,50,100,dwell_paso,4,plugin,ar1,0.04,,0.048
154,50,2,sesgada_4nm,50,100,dwell_paso,4,plugin,limping,0.04,,0.058
154,50,2,sesgada_4nm,50,100,dwell_paso,4,mm,ar1,0.04,,0.048
154,50,2,sesgada_4nm,50,100,dwell_paso,4,mm,limping,0.04,,0.058
154,50,2,sesgada_4nm,50,100,dwell_paso,4,pt,ar1,0.04,,0.048
154,50,2,sesgada_4nm,50,100,dwell_paso,4,pt,limping,0.04,,0.058
154,50,2,sesgada_4nm,50,100,dwell_paso,4,nsb,ar1,0.04,,0.05
154,50,2,sesgada_4nm,50,100,dwell_paso,4,nsb,limping,0.04,,0.058
155,50,2,sesgada_4nm,50,300,evento,4,plugin,ar1,0.032,0.1,1
155,50,2,sesgada_4nm,50,300,evento,4,plugin,limping,0.032,0.2,1
155,50,2,sesgada_4nm,50,300,evento,4,mm,ar1,0.032,0.1,1
155,50,2,sesgada_4nm,50,300,evento,4,mm,limping,0.032,0.2,1
155,50,2,sesgada_4nm,50,300,evento,4,pt,ar1,0.032,0.1,1
155,50,2,sesgada_4nm,50,300,evento,4,pt,limping,0.032,0.2,1
155,50,2,sesgada_4nm,50,300,evento,4,nsb,ar1,0.038,0.1,1
155,50,2,sesgada_4nm,50,300,evento,4,nsb,limping,0.038,0.2,1
155,50,2,sesgada_4nm,50,300,dwell,4,plugin,ar1,0.05,0.05,1
155,50,2,sesgada_4nm,50,300,dwell,4,plugin,limping,0.05,0.2,1
155,50,2,sesgada_4nm,50,300,dwell,4,mm,ar1,0.05,0.05,1
155,50,2,sesgada_4nm,50,300,dwell,4,mm,limping,0.05,0.2,1
155,50,2,sesgada_4nm,50,300,dwell,4,pt,ar1,0.05,0.05,1
155,50,2,sesgada_4nm,50,300,dwell,4,pt,limping,0.05,0.2,1
155,50,2,sesgada_4nm,50,300,dwell,4,nsb,ar1,0.05,0.05,1
155,50,2,sesgada_4nm,50,300,dwell,4,nsb,limping,0.05,0.2,1
156,50,2,sesgada_4nm,100,50,paso,4,plugin,ar1,0.046,,0.062
156,50,2,sesgada_4nm,100,50,paso,4,plugin,limping,0.046,,0.074
156,50,2,sesgada_4nm,100,50,paso,4,mm,ar1,0.046,,0.062
156,50,2,sesgada_4nm,100,50,paso,4,mm,limping,0.046,,0.074
156,50,2,sesgada_4nm,100,50,paso,4,pt,ar1,0.046,,0.062
156,50,2,sesgada_4nm,100,50,paso,4,pt,limping,0.046,,0.074
156,50,2,sesgada_4nm,100,50,paso,4,nsb,ar1,0.044,,0.06
156,50,2,sesgada_4nm,100,50,paso,4,nsb,limping,0.044,,0.072
156,50,2,sesgada_4nm,100,50,paso,8,plugin,ar1,0.046,,0.062
156,50,2,sesgada_4nm,100,50,paso,8,plugin,limping,0.046,,0.074
156,50,2,sesgada_4nm,100,50,paso,8,mm,ar1,0.046,,0.062
156,50,2,sesgada_4nm,100,50,paso,8,mm,limping,0.046,,0.074
156,50,2,sesgada_4nm,100,50,paso,8,pt,ar1,0.046,,0.062
156,50,2,sesgada_4nm,100,50,paso,8,pt,limping,0.046,,0.074
156,50,2,sesgada_4nm,100,50,paso,8,nsb,ar1,0.044,,0.06
156,50,2,sesgada_4nm,100,50,paso,8,nsb,limping,0.044,,0.072
156,50,2,sesgada_4nm,100,50,dwell_paso,4,plugin,ar1,0.044,,0.056
156,50,2,sesgada_4nm,100,50,dwell_paso,4,plugin,limping,0.044,,0.064
156,50,2,sesgada_4nm,100,50,dwell_paso,4,mm,ar1,0.044,,0.056
156,50,2,sesgada_4nm,100,50,dwell_paso,4,mm,limping,0.044,,0.064
156,50,2,sesgada_4nm,100,50,dwell_paso,4,pt,ar1,0.044,,0.056
156,50,2,sesgada_4nm,100,50,dwell_paso,4,pt,limping,0.044,,0.064
156,50,2,sesgada_4nm,100,50,dwell_paso,4,nsb,ar1,0.044,,0.058
156,50,2,sesgada_4nm,100,50,dwell_paso,4,nsb,limping,0.044,,0.064
157,50,2,sesgada_4nm,100,100,evento,4,plugin,ar1,0.05,0.1,1
157,50,2,sesgada_4nm,100,100,evento,4,plugin,limping,0.05,0.35,1
157,50,2,sesgada_4nm,100,100,evento,4,mm,ar1,0.05,0.1,1
157,50,2,sesgada_4nm,100,100,evento,4,mm,limping,0.05,0.35,1
157,50,2,sesgada_4nm,100,100,evento,4,pt,ar1,0.05,0.1,1
157,50,2,sesgada_4nm,100,100,evento,4,pt,limping,0.05,0.35,1
157,50,2,sesgada_4nm,100,100,evento,4,nsb,ar1,0.05,0.1,1
157,50,2,sesgada_4nm,100,100,evento,4,nsb,limping,0.05,0.35,1
157,50,2,sesgada_4nm,100,100,dwell,4,plugin,ar1,0.03,0.05,1
157,50,2,sesgada_4nm,100,100,dwell,4,plugin,limping,0.03,0.2,1
157,50,2,sesgada_4nm,100,100,dwell,4,mm,ar1,0.03,0.05,1
157,50,2,sesgada_4nm,100,100,dwell,4,mm,limping,0.03,0.2,1
157,50,2,sesgada_4nm,100,100,dwell,4,pt,ar1,0.03,0.05,1
157,50,2,sesgada_4nm,100,100,dwell,4,pt,limping,0.03,0.2,1
157,50,2,sesgada_4nm,100,100,dwell,4,nsb,ar1,0.03,0.05,1
157,50,2,sesgada_4nm,100,100,dwell,4,nsb,limping,0.03,0.2,1
157,50,2,sesgada_4nm,100,100,paso,4,plugin,ar1,0.038,,0.064
157,50,2,sesgada_4nm,100,100,paso,4,plugin,limping,0.038,,0.06
157,50,2,sesgada_4nm,100,100,paso,4,mm,ar1,0.038,,0.064
157,50,2,sesgada_4nm,100,100,paso,4,mm,limping,0.038,,0.06
157,50,2,sesgada_4nm,100,100,paso,4,pt,ar1,0.038,,0.064
157,50,2,sesgada_4nm,100,100,paso,4,pt,limping,0.038,,0.06
157,50,2,sesgada_4nm,100,100,paso,4,nsb,ar1,0.038,,0.066
157,50,2,sesgada_4nm,100,100,paso,4,nsb,limping,0.038,,0.058
157,50,2,sesgada_4nm,100,100,paso,8,plugin,ar1,0.038,,0.064
157,50,2,sesgada_4nm,100,100,paso,8,plugin,limping,0.038,,0.06
157,50,2,sesgada_4nm,100,100,paso,8,mm,ar1,0.038,,0.064
157,50,2,sesgada_4nm,100,100,paso,8,mm,limping,0.038,,0.06
157,50,2,sesgada_4nm,100,100,paso,8,pt,ar1,0.038,,0.064
157,50,2,sesgada_4nm,100,100,paso,8,pt,limping,0.038,,0.06
157,50,2,sesgada_4nm,100,100,paso,8,nsb,ar1,0.038,,0.066
157,50,2,sesgada_4nm,100,100,paso,8,nsb,limping,0.038,,0.058
158,50,2,sesgada_4nm,100,300,evento,4,plugin,ar1,0.05,0.05,1
158,50,2,sesgada_4nm,100,300,evento,4,plugin,limping,0.05,0.2,1
158,50,2,sesgada_4nm,100,300,evento,4,mm,ar1,0.05,0.05,1
158,50,2,sesgada_4nm,100,300,evento,4,mm,limping,0.05,0.2,1
158,50,2,sesgada_4nm,100,300,evento,4,pt,ar1,0.05,0.05,1
158,50,2,sesgada_4nm,100,300,evento,4,pt,limping,0.05,0.2,1
158,50,2,sesgada_4nm,100,300,evento,4,nsb,ar1,0.046,0.05,1
158,50,2,sesgada_4nm,100,300,evento,4,nsb,limping,0.046,0.2,1
158,50,2,sesgada_4nm,100,300,evento,8,plugin,ar1,0.034,0.1,1
158,50,2,sesgada_4nm,100,300,evento,8,plugin,limping,0.034,0.2,1
158,50,2,sesgada_4nm,100,300,evento,8,mm,ar1,0.034,0.1,1
158,50,2,sesgada_4nm,100,300,evento,8,mm,limping,0.034,0.2,1
158,50,2,sesgada_4nm,100,300,evento,8,pt,ar1,0.034,0.1,1
158,50,2,sesgada_4nm,100,300,evento,8,pt,limping,0.034,0.2,1
158,50,2,sesgada_4nm,100,300,evento,8,nsb,ar1,0.036,0.1,1
158,50,2,sesgada_4nm,100,300,evento,8,nsb,limping,0.036,0.2,1
158,50,2,sesgada_4nm,100,300,dwell,4,plugin,ar1,0.044,0.05,1
158,50,2,sesgada_4nm,100,300,dwell,4,plugin,limping,0.044,0.2,1
158,50,2,sesgada_4nm,100,300,dwell,4,mm,ar1,0.044,0.05,1
158,50,2,sesgada_4nm,100,300,dwell,4,mm,limping,0.044,0.2,1
158,50,2,sesgada_4nm,100,300,dwell,4,pt,ar1,0.044,0.05,1
158,50,2,sesgada_4nm,100,300,dwell,4,pt,limping,0.044,0.2,1
158,50,2,sesgada_4nm,100,300,dwell,4,nsb,ar1,0.044,0.05,1
158,50,2,sesgada_4nm,100,300,dwell,4,nsb,limping,0.044,0.2,1
158,50,2,sesgada_4nm,100,300,dwell,8,plugin,ar1,0.042,0.05,1
158,50,2,sesgada_4nm,100,300,dwell,8,plugin,limping,0.042,0.2,1
158,50,2,sesgada_4nm,100,300,dwell,8,mm,ar1,0.042,0.05,1
158,50,2,sesgada_4nm,100,300,dwell,8,mm,limping,0.042,0.2,1
158,50,2,sesgada_4nm,100,300,dwell,8,pt,ar1,0.042,0.05,1
158,50,2,sesgada_4nm,100,300,dwell,8,pt,limping,0.042,0.2,1
158,50,2,sesgada_4nm,100,300,dwell,8,nsb,ar1,0.04,0.05,1
158,50,2,sesgada_4nm,100,300,dwell,8,nsb,limping,0.04,0.2,1
158,50,2,sesgada_4nm,100,300,dwell_paso,4,plugin,ar1,0.042,,0.058
158,50,2,sesgada_4nm,100,300,dwell_paso,4,plugin,limping,0.042,,0.064
158,50,2,sesgada_4nm,100,300,dwell_paso,4,mm,ar1,0.042,,0.058
158,50,2,sesgada_4nm,100,300,dwell_paso,4,mm,limping,0.042,,0.064
158,50,2,sesgada_4nm,100,300,dwell_paso,4,pt,ar1,0.042,,0.058
158,50,2,sesgada_4nm,100,300,dwell_paso,4,pt,limping,0.042,,0.064
158,50,2,sesgada_4nm,100,300,dwell_paso,4,nsb,ar1,0.042,,0.058
158,50,2,sesgada_4nm,100,300,dwell_paso,4,nsb,limping,0.042,,0.064
158,50,2,sesgada_4nm,100,300,dwell_paso,8,plugin,ar1,0.042,,0.076
158,50,2,sesgada_4nm,100,300,dwell_paso,8,plugin,limping,0.042,,0.07
158,50,2,sesgada_4nm,100,300,dwell_paso,8,mm,ar1,0.042,,0.076
158,50,2,sesgada_4nm,100,300,dwell_paso,8,mm,limping,0.042,,0.07
158,50,2,sesgada_4nm,100,300,dwell_paso,8,pt,ar1,0.042,,0.076
158,50,2,sesgada_4nm,100,300,dwell_paso,8,pt,limping,0.042,,0.07
158,50,2,sesgada_4nm,100,300,dwell_paso,8,nsb,ar1,0.042,,0.076
158,50,2,sesgada_4nm,100,300,dwell_paso,8,nsb,limping,0.042,,0.072
159,50,2,sesgada_4nm,200,50,evento,8,plugin,ar1,0.044,0.2,1
159,50,2,sesgada_4nm,200,50,evento,8,plugin,limping,0.044,0.35,1
159,50,2,sesgada_4nm,200,50,evento,8,mm,ar1,0.048,0.2,1
159,50,2,sesgada_4nm,200,50,evento,8,mm,limping,0.048,0.35,1
159,50,2,sesgada_4nm,200,50,evento,8,pt,ar1,0.044,0.2,1
159,50,2,sesgada_4nm,200,50,evento,8,pt,limping,0.044,0.35,1
159,50,2,sesgada_4nm,200,50,evento,8,nsb,ar1,0.04,0.2,1
159,50,2,sesgada_4nm,200,50,evento,8,nsb,limping,0.04,0.35,1
159,50,2,sesgada_4nm,200,50,dwell,4,nsb,ar1,0.05,0.05,1
159,50,2,sesgada_4nm,200,50,dwell,4,nsb,limping,0.05,0.2,1
159,50,2,sesgada_4nm,200,50,dwell_paso,4,plugin,ar1,0.042,,0.052
159,50,2,sesgada_4nm,200,50,dwell_paso,4,plugin,limping,0.042,,0.068
159,50,2,sesgada_4nm,200,50,dwell_paso,4,mm,ar1,0.042,,0.052
159,50,2,sesgada_4nm,200,50,dwell_paso,4,mm,limping,0.042,,0.068
159,50,2,sesgada_4nm,200,50,dwell_paso,4,pt,ar1,0.042,,0.052
159,50,2,sesgada_4nm,200,50,dwell_paso,4,pt,limping,0.042,,0.068
159,50,2,sesgada_4nm,200,50,dwell_paso,4,nsb,ar1,0.042,,0.052
159,50,2,sesgada_4nm,200,50,dwell_paso,4,nsb,limping,0.042,,0.068
159,50,2,sesgada_4nm,200,50,dwell_paso,8,plugin,ar1,0.05,,0.056
159,50,2,sesgada_4nm,200,50,dwell_paso,8,plugin,limping,0.05,,0.054
159,50,2,sesgada_4nm,200,50,dwell_paso,8,mm,ar1,0.05,,0.056
159,50,2,sesgada_4nm,200,50,dwell_paso,8,mm,limping,0.05,,0.054
159,50,2,sesgada_4nm,200,50,dwell_paso,8,pt,ar1,0.05,,0.056
159,50,2,sesgada_4nm,200,50,dwell_paso,8,pt,limping,0.05,,0.054
159,50,2,sesgada_4nm,200,50,dwell_paso,8,nsb,ar1,0.05,,0.056
159,50,2,sesgada_4nm,200,50,dwell_paso,8,nsb,limping,0.05,,0.054
160,50,2,sesgada_4nm,200,100,evento,4,nsb,ar1,0.048,0.1,1
160,50,2,sesgada_4nm,200,100,evento,4,nsb,limping,0.048,0.2,1
160,50,2,sesgada_4nm,200,100,evento,8,plugin,ar1,0.046,0.1,1
160,50,2,sesgada_4nm,200,100,evento,8,plugin,limping,0.046,0.2,1
160,50,2,sesgada_4nm,200,100,evento,8,mm,ar1,0.04,0.1,1
160,50,2,sesgada_4nm,200,100,evento,8,mm,limping,0.04,0.2,1
160,50,2,sesgada_4nm,200,100,evento,8,pt,ar1,0.046,0.1,1
160,50,2,sesgada_4nm,200,100,evento,8,pt,limping,0.046,0.2,1
160,50,2,sesgada_4nm,200,100,evento,8,nsb,ar1,0.046,0.1,1
160,50,2,sesgada_4nm,200,100,evento,8,nsb,limping,0.046,0.2,1
160,50,2,sesgada_4nm,200,100,dwell,4,plugin,ar1,0.044,0.05,1
160,50,2,sesgada_4nm,200,100,dwell,4,plugin,limping,0.044,0.2,1
160,50,2,sesgada_4nm,200,100,dwell,4,mm,ar1,0.044,0.05,1
160,50,2,sesgada_4nm,200,100,dwell,4,mm,limping,0.044,0.2,1
160,50,2,sesgada_4nm,200,100,dwell,4,pt,ar1,0.044,0.05,1
160,50,2,sesgada_4nm,200,100,dwell,4,pt,limping,0.044,0.2,1
160,50,2,sesgada_4nm,200,100,dwell,4,nsb,ar1,0.044,0.05,1
160,50,2,sesgada_4nm,200,100,dwell,4,nsb,limping,0.044,0.2,1
160,50,2,sesgada_4nm,200,100,dwell,8,plugin,ar1,0.034,0.05,1
160,50,2,sesgada_4nm,200,100,dwell,8,plugin,limping,0.034,0.2,1
160,50,2,sesgada_4nm,200,100,dwell,8,mm,ar1,0.034,0.05,1
160,50,2,sesgada_4nm,200,100,dwell,8,mm,limping,0.034,0.2,1
160,50,2,sesgada_4nm,200,100,dwell,8,pt,ar1,0.034,0.05,1
160,50,2,sesgada_4nm,200,100,dwell,8,pt,limping,0.034,0.2,1
160,50,2,sesgada_4nm,200,100,dwell,8,nsb,ar1,0.036,0.05,1
160,50,2,sesgada_4nm,200,100,dwell,8,nsb,limping,0.036,0.2,1
161,50,2,sesgada_4nm,200,300,evento,8,plugin,ar1,0.048,0.05,1
161,50,2,sesgada_4nm,200,300,evento,8,plugin,limping,0.048,0.2,1
161,50,2,sesgada_4nm,200,300,evento,8,mm,ar1,0.048,0.05,1
161,50,2,sesgada_4nm,200,300,evento,8,mm,limping,0.048,0.2,1
161,50,2,sesgada_4nm,200,300,evento,8,pt,ar1,0.048,0.05,1
161,50,2,sesgada_4nm,200,300,evento,8,pt,limping,0.048,0.2,1
161,50,2,sesgada_4nm,200,300,evento,8,nsb,ar1,0.05,0.05,1
161,50,2,sesgada_4nm,200,300,evento,8,nsb,limping,0.05,0.2,1
161,50,2,sesgada_4nm,200,300,dwell,4,plugin,ar1,0.034,0.05,1
161,50,2,sesgada_4nm,200,300,dwell,4,plugin,limping,0.034,0.1,1
161,50,2,sesgada_4nm,200,300,dwell,4,mm,ar1,0.034,0.05,1
161,50,2,sesgada_4nm,200,300,dwell,4,mm,limping,0.034,0.1,1
161,50,2,sesgada_4nm,200,300,dwell,4,pt,ar1,0.034,0.05,1
161,50,2,sesgada_4nm,200,300,dwell,4,pt,limping,0.034,0.1,1
161,50,2,sesgada_4nm,200,300,dwell,4,nsb,ar1,0.034,0.05,1
161,50,2,sesgada_4nm,200,300,dwell,4,nsb,limping,0.034,0.1,1
161,50,2,sesgada_4nm,200,300,paso,4,plugin,ar1,0.048,,0.062
161,50,2,sesgada_4nm,200,300,paso,4,plugin,limping,0.048,,0.054
161,50,2,sesgada_4nm,200,300,paso,4,mm,ar1,0.048,,0.062
161,50,2,sesgada_4nm,200,300,paso,4,mm,limping,0.048,,0.054
161,50,2,sesgada_4nm,200,300,paso,4,pt,ar1,0.048,,0.062
161,50,2,sesgada_4nm,200,300,paso,4,pt,limping,0.048,,0.054
161,50,2,sesgada_4nm,200,300,paso,4,nsb,ar1,0.05,,0.062
161,50,2,sesgada_4nm,200,300,paso,4,nsb,limping,0.05,,0.054
161,50,2,sesgada_4nm,200,300,paso,8,plugin,ar1,0.048,,0.062
161,50,2,sesgada_4nm,200,300,paso,8,plugin,limping,0.048,,0.054
161,50,2,sesgada_4nm,200,300,paso,8,mm,ar1,0.048,,0.062
161,50,2,sesgada_4nm,200,300,paso,8,mm,limping,0.048,,0.054
161,50,2,sesgada_4nm,200,300,paso,8,pt,ar1,0.048,,0.062
161,50,2,sesgada_4nm,200,300,paso,8,pt,limping,0.048,,0.054
161,50,2,sesgada_4nm,200,300,paso,8,nsb,ar1,0.05,,0.062
161,50,2,sesgada_4nm,200,300,paso,8,nsb,limping,0.05,,0.054
162,100,1,dominante_8nm,50,50,dwell,4,plugin,ar1,0.04,0.1,1
162,100,1,dominante_8nm,50,50,dwell,4,plugin,limping,0.04,0.35,1
162,100,1,dominante_8nm,50,50,dwell,4,mm,ar1,0.04,0.1,1
162,100,1,dominante_8nm,50,50,dwell,4,mm,limping,0.04,0.35,1
162,100,1,dominante_8nm,50,50,dwell,4,pt,ar1,0.04,0.1,1
162,100,1,dominante_8nm,50,50,dwell,4,pt,limping,0.04,0.35,1
162,100,1,dominante_8nm,50,50,dwell,4,nsb,ar1,0.036,0.1,1
162,100,1,dominante_8nm,50,50,dwell,4,nsb,limping,0.036,0.35,1
162,100,1,dominante_8nm,50,50,dwell,8,plugin,ar1,0.044,0.2,1
162,100,1,dominante_8nm,50,50,dwell,8,plugin,limping,0.044,0.5,1
162,100,1,dominante_8nm,50,50,dwell,8,mm,ar1,0.044,0.2,1
162,100,1,dominante_8nm,50,50,dwell,8,mm,limping,0.044,0.5,1
162,100,1,dominante_8nm,50,50,dwell,8,pt,ar1,0.044,0.2,1
162,100,1,dominante_8nm,50,50,dwell,8,pt,limping,0.044,0.5,1
162,100,1,dominante_8nm,50,50,dwell,8,nsb,ar1,0.046,0.2,1
162,100,1,dominante_8nm,50,50,dwell,8,nsb,limping,0.046,0.5,1
162,100,1,dominante_8nm,50,50,dwell_paso,8,plugin,ar1,0.038,,0.052
162,100,1,dominante_8nm,50,50,dwell_paso,8,plugin,limping,0.038,,0.066
162,100,1,dominante_8nm,50,50,dwell_paso,8,mm,ar1,0.038,,0.052
162,100,1,dominante_8nm,50,50,dwell_paso,8,mm,limping,0.038,,0.066
162,100,1,dominante_8nm,50,50,dwell_paso,8,pt,ar1,0.038,,0.052
162,100,1,dominante_8nm,50,50,dwell_paso,8,pt,limping,0.038,,0.066
162,100,1,dominante_8nm,50,50,dwell_paso,8,nsb,ar1,0.038,,0.052
162,100,1,dominante_8nm,50,50,dwell_paso,8,nsb,limping,0.038,,0.064
163,100,1,dominante_8nm,50,100,evento,4,plugin,ar1,0.04,0.2,1
163,100,1,dominante_8nm,50,100,evento,4,plugin,limping,0.04,0.5,1
163,100,1,dominante_8nm,50,100,evento,4,mm,ar1,0.038,0.2,1
163,100,1,dominante_8nm,50,100,evento,4,mm,limping,0.038,0.5,1
163,100,1,dominante_8nm,50,100,evento,4,pt,ar1,0.038,0.2,1
163,100,1,dominante_8nm,50,100,evento,4,pt,limping,0.038,0.5,1
163,100,1,dominante_8nm,50,100,evento,4,nsb,ar1,0.042,0.2,1
163,100,1,dominante_8nm,50,100,evento,4,nsb,limping,0.042,0.5,1
163,100,1,dominante_8nm,50,100,evento,8,plugin,ar1,0.046,0.2,1
163,100,1,dominante_8nm,50,100,evento,8,plugin,limping,0.046,0.5,1
163,100,1,dominante_8nm,50,100,evento,8,mm,ar1,0.05,0.2,1
163,100,1,dominante_8nm,50,100,evento,8,mm,limping,0.05,0.5,1
163,100,1,dominante_8nm,50,100,evento,8,pt,ar1,0.046,0.2,1
163,100,1,dominante_8nm,50,100,evento,8,pt,limping,0.046,0.5,1
163,100,1,dominante_8nm,50,100,dwell,4,plugin,ar1,0.05,0.1,1
163,100,1,dominante_8nm,50,100,dwell,4,plugin,limping,0.05,0.35,1
163,100,1,dominante_8nm,50,100,dwell,4,mm,ar1,0.05,0.1,1
163,100,1,dominante_8nm,50,100,dwell,4,mm,limping,0.05,0.35,1
163,100,1,dominante_8nm,50,100,dwell,4,pt,ar1,0.05,0.1,1
163,100,1,dominante_8nm,50,100,dwell,4,pt,limping,0.05,0.35,1
163,100,1,dominante_8nm,50,100,dwell,4,nsb,ar1,0.05,0.1,1
163,100,1,dominante_8nm,50,100,dwell,4,nsb,limping,0.05,0.35,1
163,100,1,dominante_8nm,50,100,dwell,8,plugin,ar1,0.04,0.1,1
163,100,1,dominante_8nm,50,100,dwell,8,plugin,limping,0.04,0.35,1
163,100,1,dominante_8nm,50,100,dwell,8,mm,ar1,0.04,0.1,1
163,100,1,dominante_8nm,50,100,dwell,8,mm,limping,0.04,0.35,1
163,100,1,dominante_8nm,50,100,dwell,8,pt,ar1,0.04,0.1,1
163,100,1,dominante_8nm,50,100,dwell,8,pt,limping,0.04,0.35,1
163,100,1,dominante_8nm,50,100,dwell,8,nsb,ar1,0.04,0.1,1
163,100,1,dominante_8nm,50,100,dwell,8,nsb,limping,0.04,0.35,1
163,100,1,dominante_8nm,50,100,paso,4,plugin,ar1,0.036,,0.072
163,100,1,dominante_8nm,50,100,paso,4,plugin,limping,0.036,,0.062
163,100,1,dominante_8nm,50,100,paso,4,mm,ar1,0.036,,0.072
163,100,1,dominante_8nm,50,100,paso,4,mm,limping,0.036,,0.062
163,100,1,dominante_8nm,50,100,paso,4,pt,ar1,0.036,,0.072
163,100,1,dominante_8nm,50,100,paso,4,pt,limping,0.036,,0.062
163,100,1,dominante_8nm,50,100,paso,4,nsb,ar1,0.036,,0.07
163,100,1,dominante_8nm,50,100,paso,4,nsb,limping,0.036,,0.064
163,100,1,dominante_8nm,50,100,paso,8,plugin,ar1,0.036,,0.072
163,100,1,dominante_8nm,50,100,paso,8,plugin,limping,0.036,,0.062
163,100,1,dominante_8nm,50,100,paso,8,mm,ar1,0.036,,0.072
163,100,1,dominante_8nm,50,100,paso,8,mm,limping,0.036,,0.062
163,100,1,dominante_8nm,50,100,paso,8,pt,ar1,0.036,,0.072
163,100,1,dominante_8nm,50,100,paso,8,pt,limping,0.036,,0.062
163,100,1,dominante_8nm,50,100,paso,8,nsb,ar1,0.036,,0.07
163,100,1,dominante_8nm,50,100,paso,8,nsb,limping,0.036,,0.064
163,100,1,dominante_8nm,50,100,dwell_paso,4,plugin,ar1,0.05,,0.06
163,100,1,dominante_8nm,50,100,dwell_paso,4,plugin,limping,0.05,,0.082
163,100,1,dominante_8nm,50,100,dwell_paso,4,mm,ar1,0.05,,0.06
163,100,1,dominante_8nm,50,100,dwell_paso,4,mm,limping,0.05,,0.082
163,100,1,dominante_8nm,50,100,dwell_paso,4,pt,ar1,0.05,,0.06
163,100,1,dominante_8nm,50,100,dwell_paso,4,pt,limping,0.05,,0.082
163,100,1,dominante_8nm,50,100,dwell_paso,4,nsb,ar1,0.05,,0.062
163,100,1,dominante_8nm,50,100,dwell_paso,4,nsb,limping,0.05,,0.082
164,100,1,dominante_8nm,50,300,dwell_paso,4,plugin,ar1,0.048,,0.05
164,100,1,dominante_8nm,50,300,dwell_paso,4,plugin,limping,0.048,,0.064
164,100,1,dominante_8nm,50,300,dwell_paso,4,mm,ar1,0.048,,0.05
164,100,1,dominante_8nm,50,300,dwell_paso,4,mm,limping,0.048,,0.064
164,100,1,dominante_8nm,50,300,dwell_paso,4,pt,ar1,0.048,,0.05
164,100,1,dominante_8nm,50,300,dwell_paso,4,pt,limping,0.048,,0.064
164,100,1,dominante_8nm,50,300,dwell_paso,4,nsb,ar1,0.05,,0.05
164,100,1,dominante_8nm,50,300,dwell_paso,4,nsb,limping,0.05,,0.064
164,100,1,dominante_8nm,50,300,dwell_paso,8,plugin,ar1,0.038,,0.052
164,100,1,dominante_8nm,50,300,dwell_paso,8,plugin,limping,0.038,,0.06
164,100,1,dominante_8nm,50,300,dwell_paso,8,mm,ar1,0.038,,0.052
164,100,1,dominante_8nm,50,300,dwell_paso,8,mm,limping,0.038,,0.06
164,100,1,dominante_8nm,50,300,dwell_paso,8,pt,ar1,0.038,,0.052
164,100,1,dominante_8nm,50,300,dwell_paso,8,pt,limping,0.038,,0.06
164,100,1,dominante_8nm,50,300,dwell_paso,8,nsb,ar1,0.038,,0.052
164,100,1,dominante_8nm,50,300,dwell_paso,8,nsb,limping,0.038,,0.06
165,100,1,dominante_8nm,100,50,evento,4,plugin,ar1,0.036,0.2,1
165,100,1,dominante_8nm,100,50,evento,4,plugin,limping,0.036,0.5,1
165,100,1,dominante_8nm,100,50,evento,4,mm,ar1,0.034,0.2,1
165,100,1,dominante_8nm,100,50,evento,4,mm,limping,0.034,0.5,1
165,100,1,dominante_8nm,100,50,evento,4,pt,ar1,0.034,0.2,1
165,100,1,dominante_8nm,100,50,evento,4,pt,limping,0.034,0.5,1
165,100,1,dominante_8nm,100,50,evento,4,nsb,ar1,0.042,0.2,1
165,100,1,dominante_8nm,100,50,evento,4,nsb,limping,0.042,0.5,1
165,100,1,dominante_8nm,100,50,evento,8,plugin,ar1,0.032,0.2,1
165,100,1,dominante_8nm,100,50,evento,8,plugin,limping,0.032,0.5,1
165,100,1,dominante_8nm,100,50,evento,8,mm,ar1,0.032,0.2,1
165,100,1,dominante_8nm,100,50,evento,8,mm,limping,0.032,0.5,1
165,100,1,dominante_8nm,100,50,evento,8,pt,ar1,0.032,0.2,1
165,100,1,dominante_8nm,100,50,evento,8,pt,limping,0.032,0.5,1
165,100,1,dominante_8nm,100,50,evento,8,nsb,ar1,0.032,0.2,1
165,100,1,dominante_8nm,100,50,evento,8,nsb,limping,0.032,0.5,1
165,100,1,dominante_8nm,100,50,dwell,8,plugin,ar1,0.048,0.1,1
165,100,1,dominante_8nm,100,50,dwell,8,plugin,limping,0.048,0.35,1
165,100,1,dominante_8nm,100,50,dwell,8,mm,ar1,0.048,0.1,1
165,100,1,dominante_8nm,100,50,dwell,8,mm,limping,0.048,0.35,1
165,100,1,dominante_8nm,100,50,dwell,8,pt,ar1,0.048,0.1,1
165,100,1,dominante_8nm,100,50,dwell,8,pt,limping,0.048,0.35,1
165,100,1,dominante_8nm,100,50,dwell,8,nsb,ar1,0.048,0.1,1
165,100,1,dominante_8nm,100,50,dwell,8,nsb,limping,0.048,0.35,1
165,100,1,dominante_8nm,100,50,paso,4,plugin,ar1,0.05,,0.066
165,100,1,dominante_8nm,100,50,paso,4,plugin,limping,0.05,,0.064
165,100,1,dominante_8nm,100,50,paso,4,mm,ar1,0.05,,0.066
165,100,1,dominante_8nm,100,50,paso,4,mm,limping,0.05,,0.064
165,100,1,dominante_8nm,100,50,paso,4,pt,ar1,0.05,,0.066
165,100,1,dominante_8nm,100,50,paso,4,pt,limping,0.05,,0.064
165,100,1,dominante_8nm,100,50,paso,4,nsb,ar1,0.05,,0.068
165,100,1,dominante_8nm,100,50,paso,4,nsb,limping,0.05,,0.064
165,100,1,dominante_8nm,100,50,paso,8,plugin,ar1,0.05,,0.066
165,100,1,dominante_8nm,100,50,paso,8,plugin,limping,0.05,,0.064
165,100,1,dominante_8nm,100,50,paso,8,mm,ar1,0.05,,0.066
165,100,1,dominante_8nm,100,50,paso,8,mm,limping,0.05,,0.064
165,100,1,dominante_8nm,100,50,paso,8,pt,ar1,0.05,,0.066
165,100,1,dominante_8nm,100,50,paso,8,pt,limping,0.05,,0.064
165,100,1,dominante_8nm,100,50,paso,8,nsb,ar1,0.05,,0.068
165,100,1,dominante_8nm,100,50,paso,8,nsb,limping,0.05,,0.064
165,100,1,dominante_8nm,100,50,dwell_paso,4,plugin,ar1,0.05,,0.07
165,100,1,dominante_8nm,100,50,dwell_paso,4,plugin,limping,0.05,,0.06
165,100,1,dominante_8nm,100,50,dwell_paso,4,mm,ar1,0.05,,0.07
165,100,1,dominante_8nm,100,50,dwell_paso,4,mm,limping,0.05,,0.06
165,100,1,dominante_8nm,100,50,dwell_paso,4,pt,ar1,0.05,,0.07
165,100,1,dominante_8nm,100,50,dwell_paso,4,pt,limping,0.05,,0.06
165,100,1,dominante_8nm,100,50,dwell_paso,4,nsb,ar1,0.05,,0.07
165,100,1,dominante_8nm,100,50,dwell_paso,4,nsb,limping,0.05,,0.06
165,100,1,dominante_8nm,100,50,dwell_paso,8,plugin,ar1,0.042,,0.078
165,100,1,dominante_8nm,100,50,dwell_paso,8,plugin,limping,0.042,,0.052
165,100,1,dominante_8nm,100,50,dwell_paso,8,mm,ar1,0.042,,0.078
165,100,1,dominante_8nm,100,50,dwell_paso,8,mm,limping,0.042,,0.052
165,100,1,dominante_8nm,100,50,dwell_paso,8,pt,ar1,0.042,,0.078
165,100,1,dominante_8nm,100,50,dwell_paso,8,pt,limping,0.042,,0.052
165,100,1,dominante_8nm,100,50,dwell_paso,8,nsb,ar1,0.042,,0.076
165,100,1,dominante_8nm,100,50,dwell_paso,8,nsb,limping,0.042,,0.052
166,100,1,dominante_8nm,100,100,evento,8,plugin,ar1,0.034,0.2,1
166,100,1,dominante_8nm,100,100,evento,8,plugin,limping,0.034,0.35,1
166,100,1,dominante_8nm,100,100,evento,8,mm,ar1,0.034,0.2,1
166,100,1,dominante_8nm,100,100,evento,8,mm,limping,0.034,0.35,1
166,100,1,dominante_8nm,100,100,evento,8,pt,ar1,0.034,0.2,1
166,100,1,dominante_8nm,100,100,evento,8,pt,limping,0.034,0.35,1
166,100,1,dominante_8nm,100,100,evento,8,nsb,ar1,0.032,0.2,1
166,100,1,dominante_8nm,100,100,evento,8,nsb,limping,0.032,0.35,1
167,100,1,dominante_8nm,100,300,evento,8,plugin,ar1,0.05,0.1,1
167,100,1,dominante_8nm,100,300,evento,8,plugin,limping,0.05,0.35,1
167,100,1,dominante_8nm,100,300,evento,8,mm,ar1,0.05,0.1,1
167,100,1,dominante_8nm,100,300,evento,8,mm,limping,0.05,0.35,1
167,100,1,dominante_8nm,100,300,evento,8,pt,ar1,0.05,0.1,1
167,100,1,dominante_8nm,100,300,evento,8,pt,limping,0.05,0.35,1
167,100,1,dominante_8nm,100,300,evento,8,nsb,ar1,0.048,0.1,1
167,100,1,dominante_8nm,100,300,evento,8,nsb,limping,0.048,0.35,1
167,100,1,dominante_8nm,100,300,dwell,8,plugin,ar1,0.048,0.05,1
167,100,1,dominante_8nm,100,300,dwell,8,plugin,limping,0.048,0.2,1
167,100,1,dominante_8nm,100,300,dwell,8,mm,ar1,0.048,0.05,1
167,100,1,dominante_8nm,100,300,dwell,8,mm,limping,0.048,0.2,1
167,100,1,dominante_8nm,100,300,dwell,8,pt,ar1,0.048,0.05,1
167,100,1,dominante_8nm,100,300,dwell,8,pt,limping,0.048,0.2,1
167,100,1,dominante_8nm,100,300,paso,4,plugin,ar1,0.048,,0.058
167,100,1,dominante_8nm,100,300,paso,4,plugin,limping,0.048,,0.058
167,100,1,dominante_8nm,100,300,paso,4,mm,ar1,0.048,,0.058
167,100,1,dominante_8nm,100,300,paso,4,mm,limping,0.048,,0.058
167,100,1,dominante_8nm,100,300,paso,4,pt,ar1,0.048,,0.058
167,100,1,dominante_8nm,100,300,paso,4,pt,limping,0.048,,0.058
167,100,1,dominante_8nm,100,300,paso,4,nsb,ar1,0.048,,0.058
167,100,1,dominante_8nm,100,300,paso,4,nsb,limping,0.048,,0.058
167,100,1,dominante_8nm,100,300,paso,8,plugin,ar1,0.048,,0.058
167,100,1,dominante_8nm,100,300,paso,8,plugin,limping,0.048,,0.058
167,100,1,dominante_8nm,100,300,paso,8,mm,ar1,0.048,,0.058
167,100,1,dominante_8nm,100,300,paso,8,mm,limping,0.048,,0.058
167,100,1,dominante_8nm,100,300,paso,8,pt,ar1,0.048,,0.058
167,100,1,dominante_8nm,100,300,paso,8,pt,limping,0.048,,0.058
167,100,1,dominante_8nm,100,300,paso,8,nsb,ar1,0.048,,0.058
167,100,1,dominante_8nm,100,300,paso,8,nsb,limping,0.048,,0.058
167,100,1,dominante_8nm,100,300,dwell_paso,4,plugin,ar1,0.048,,0.072
167,100,1,dominante_8nm,100,300,dwell_paso,4,plugin,limping,0.048,,0.06
167,100,1,dominante_8nm,100,300,dwell_paso,4,mm,ar1,0.048,,0.072
167,100,1,dominante_8nm,100,300,dwell_paso,4,mm,limping,0.048,,0.06
167,100,1,dominante_8nm,100,300,dwell_paso,4,pt,ar1,0.048,,0.072
167,100,1,dominante_8nm,100,300,dwell_paso,4,pt,limping,0.048,,0.06
167,100,1,dominante_8nm,100,300,dwell_paso,4,nsb,ar1,0.048,,0.072
167,100,1,dominante_8nm,100,300,dwell_paso,4,nsb,limping,0.048,,0.058
167,100,1,dominante_8nm,100,300,dwell_paso,8,plugin,ar1,0.036,,0.064
167,100,1,dominante_8nm,100,300,dwell_paso,8,plugin,limping,0.036,,0.062
167,100,1,dominante_8nm,100,300,dwell_paso,8,mm,ar1,0.036,,0.064
167,100,1,dominante_8nm,100,300,dwell_paso,8,mm,limping,0.036,,0.062
167,100,1,dominante_8nm,100,300,dwell_paso,8,pt,ar1,0.036,,0.064
167,100,1,dominante_8nm,100,300,dwell_paso,8,pt,limping,0.036,,0.062
167,100,1,dominante_8nm,100,300,dwell_paso,8,nsb,ar1,0.034,,0.064
167,100,1,dominante_8nm,100,300,dwell_paso,8,nsb,limping,0.034,,0.064
168,100,1,dominante_8nm,200,50,dwell,4,plugin,ar1,0.046,0.05,1
168,100,1,dominante_8nm,200,50,dwell,4,plugin,limping,0.046,0.35,1
168,100,1,dominante_8nm,200,50,dwell,4,mm,ar1,0.046,0.05,1
168,100,1,dominante_8nm,200,50,dwell,4,mm,limping,0.046,0.35,1
168,100,1,dominante_8nm,200,50,dwell,4,pt,ar1,0.046,0.05,1
168,100,1,dominante_8nm,200,50,dwell,4,pt,limping,0.046,0.35,1
168,100,1,dominante_8nm,200,50,dwell,4,nsb,ar1,0.044,0.05,1
168,100,1,dominante_8nm,200,50,dwell,4,nsb,limping,0.044,0.35,1
168,100,1,dominante_8nm,200,50,dwell,8,plugin,ar1,0.046,0.1,1
168,100,1,dominante_8nm,200,50,dwell,8,plugin,limping,0.046,0.35,1
168,100,1,dominante_8nm,200,50,dwell,8,mm,ar1,0.046,0.1,1
168,100,1,dominante_8nm,200,50,dwell,8,mm,limping,0.046,0.35,1
168,100,1,dominante_8nm,200,50,dwell,8,pt,ar1,0.046,0.1,1
168,100,1,dominante_8nm,200,50,dwell,8,pt,limping,0.046,0.35,1
168,100,1,dominante_8nm,200,50,dwell,8,nsb,ar1,0.048,0.1,1
168,100,1,dominante_8nm,200,50,dwell,8,nsb,limping,0.048,0.35,1
169,100,1,dominante_8nm,200,100,evento,4,plugin,ar1,0.046,0.1,1
169,100,1,dominante_8nm,200,100,evento,4,plugin,limping,0.046,0.35,1
169,100,1,dominante_8nm,200,100,evento,4,mm,ar1,0.046,0.1,1
169,100,1,dominante_8nm,200,100,evento,4,mm,limping,0.046,0.35,1
169,100,1,dominante_8nm,200,100,evento,4,pt,ar1,0.046,0.1,1
169,100,1,dominante_8nm,200,100,evento,4,pt,limping,0.046,0.35,1
169,100,1,dominante_8nm,200,100,evento,4,nsb,ar1,0.046,0.1,1
169,100,1,dominante_8nm,200,100,evento,4,nsb,limping,0.046,0.35,1
169,100,1,dominante_8nm,200,100,evento,8,plugin,ar1,0.04,0.1,1
169,100,1,dominante_8nm,200,100,evento,8,plugin,limping,0.04,0.35,1
169,100,1,dominante_8nm,200,100,evento,8,mm,ar1,0.042,0.1,1
169,100,1,dominante_8nm,200,100,evento,8,mm,limping,0.042,0.35,1
169,100,1,dominante_8nm,200,100,evento,8,pt,ar1,0.042,0.1,1
169,100,1,dominante_8nm,200,100,evento,8,pt,limping,0.042,0.35,1
169,100,1,dominante_8nm,200,100,evento,8,nsb,ar1,0.044,0.1,1
169,100,1,dominante_8nm,200,100,evento,8,nsb,limping,0.044,0.35,1
169,100,1,dominante_8nm,200,100,dwell,4,plugin,ar1,0.038,0.05,1
169,100,1,dominante_8nm,200,100,dwell,4,plugin,limping,0.038,0.2,1
169,100,1,dominante_8nm,200,100,dwell,4,mm,ar1,0.038,0.05,1
169,100,1,dominante_8nm,200,100,dwell,4,mm,limping,0.038,0.2,1
169,100,1,dominante_8nm,200,100,dwell,4,pt,ar1,0.038,0.05,1
169,100,1,dominante_8nm,200,100,dwell,4,pt,limping,0.038,0.2,1
169,100,1,dominante_8nm,200,100,dwell,4,nsb,ar1,0.038,0.05,1
169,100,1,dominante_8nm,200,100,dwell,4,nsb,limping,0.038,0.2,1
169,100,1,dominante_8nm,200,100,paso,4,plugin,ar1,0.048,,0.06
169,100,1,dominante_8nm,200,100,paso,4,plugin,limping,0.048,,0.058
169,100,1,dominante_8nm,200,100,paso,4,mm,ar1,0.048,,0.06
169,100,1,dominante_8nm,200,100,paso,4,mm,limping,0.048,,0.058
169,100,1,dominante_8nm,200,100,paso,4,pt,ar1,0.048,,0.06
169,100,1,dominante_8nm,200,100,paso,4,pt,limping,0.048,,0.058
169,100,1,dominante_8nm,200,100,paso,4,nsb,ar1,0.048,,0.062
169,100,1,dominante_8nm,200,100,paso,4,nsb,limping,0.048,,0.058
169,100,1,dominante_8nm,200,100,paso,8,plugin,ar1,0.048,,0.06
169,100,1,dominante_8nm,200,100,paso,8,plugin,limping,0.048,,0.058
169,100,1,dominante_8nm,200,100,paso,8,mm,ar1,0.048,,0.06
169,100,1,dominante_8nm,200,100,paso,8,mm,limping,0.048,,0.058
169,100,1,dominante_8nm,200,100,paso,8,pt,ar1,0.048,,0.06
169,100,1,dominante_8nm,200,100,paso,8,pt,limping,0.048,,0.058
169,100,1,dominante_8nm,200,100,paso,8,nsb,ar1,0.048,,0.062
169,100,1,dominante_8nm,200,100,paso,8,nsb,limping,0.048,,0.058
169,100,1,dominante_8nm,200,100,dwell_paso,4,plugin,ar1,0.044,,0.082
169,100,1,dominante_8nm,200,100,dwell_paso,4,plugin,limping,0.044,,0.058
169,100,1,dominante_8nm,200,100,dwell_paso,4,mm,ar1,0.044,,0.082
169,100,1,dominante_8nm,200,100,dwell_paso,4,mm,limping,0.044,,0.058
169,100,1,dominante_8nm,200,100,dwell_paso,4,pt,ar1,0.044,,0.082
169,100,1,dominante_8nm,200,100,dwell_paso,4,pt,limping,0.044,,0.058
169,100,1,dominante_8nm,200,100,dwell_paso,4,nsb,ar1,0.044,,0.082
169,100,1,dominante_8nm,200,100,dwell_paso,4,nsb,limping,0.044,,0.058
169,100,1,dominante_8nm,200,100,dwell_paso,8,plugin,ar1,0.048,,0.068
169,100,1,dominante_8nm,200,100,dwell_paso,8,plugin,limping,0.048,,0.052
169,100,1,dominante_8nm,200,100,dwell_paso,8,mm,ar1,0.048,,0.068
169,100,1,dominante_8nm,200,100,dwell_paso,8,mm,limping,0.048,,0.052
169,100,1,dominante_8nm,200,100,dwell_paso,8,pt,ar1,0.048,,0.068
169,100,1,dominante_8nm,200,100,dwell_paso,8,pt,limping,0.048,,0.052
169,100,1,dominante_8nm,200,100,dwell_paso,8,nsb,ar1,0.048,,0.068
169,100,1,dominante_8nm,200,100,dwell_paso,8,nsb,limping,0.048,,0.052
170,100,1,dominante_8nm,200,300,evento,4,plugin,ar1,0.034,0.05,1
170,100,1,dominante_8nm,200,300,evento,4,plugin,limping,0.034,0.2,1
170,100,1,dominante_8nm,200,300,evento,4,mm,ar1,0.034,0.05,1
170,100,1,dominante_8nm,200,300,evento,4,mm,limping,0.034,0.2,1
170,100,1,dominante_8nm,200,300,evento,4,pt,ar1,0.034,0.05,1
170,100,1,dominante_8nm,200,300,evento,4,pt,limping,0.034,0.2,1
170,100,1,dominante_8nm,200,300,evento,4,nsb,ar1,0.034,0.05,1
170,100,1,dominante_8nm,200,300,evento,4,nsb,limping,0.034,0.2,1
170,100,1,dominante_8nm,200,300,evento,8,plugin,ar1,0.042,0.05,1
170,100,1,dominante_8nm,200,300,evento,8,plugin,limping,0.042,0.35,1
170,100,1,dominante_8nm,200,300,evento,8,mm,ar1,0.042,0.05,1
170,100,1,dominante_8nm,200,300,evento,8,mm,limping,0.042,0.35,1
170,100,1,dominante_8nm,200,300,evento,8,pt,ar1,0.042,0.05,1
170,100,1,dominante_8nm,200,300,evento,8,pt,limping,0.042,0.35,1
170,100,1,dominante_8nm,200,300,evento,8,nsb,ar1,0.046,0.05,1
170,100,1,dominante_8nm,200,300,evento,8,nsb,limping,0.046,0.35,1
170,100,1,dominante_8nm,200,300,dwell,8,plugin,ar1,0.038,0.05,1
170,100,1,dominante_8nm,200,300,dwell,8,plugin,limping,0.038,0.2,1
170,100,1,dominante_8nm,200,300,dwell,8,mm,ar1,0.038,0.05,1
170,100,1,dominante_8nm,200,300,dwell,8,mm,limping,0.038,0.2,1
170,100,1,dominante_8nm,200,300,dwell,8,pt,ar1,0.038,0.05,1
170,100,1,dominante_8nm,200,300,dwell,8,pt,limping,0.038,0.2,1
170,100,1,dominante_8nm,200,300,dwell,8,nsb,ar1,0.038,0.05,1
170,100,1,dominante_8nm,200,300,dwell,8,nsb,limping,0.038,0.2,1
170,100,1,dominante_8nm,200,300,paso,4,plugin,ar1,0.036,,0.054
170,100,1,dominante_8nm,200,300,paso,4,plugin,limping,0.036,,0.062
170,100,1,dominante_8nm,200,300,paso,4,mm,ar1,0.036,,0.054
170,100,1,dominante_8nm,200,300,paso,4,mm,limping,0.036,,0.062
170,100,1,dominante_8nm,200,300,paso,4,pt,ar1,0.036,,0.054
170,100,1,dominante_8nm,200,300,paso,4,pt,limping,0.036,,0.062
170,100,1,dominante_8nm,200,300,paso,4,nsb,ar1,0.038,,0.056
170,100,1,dominante_8nm,200,300,paso,4,nsb,limping,0.038,,0.064
170,100,1,dominante_8nm,200,300,paso,8,plugin,ar1,0.036,,0.054
170,100,1,dominante_8nm,200,300,paso,8,plugin,limping,0.036,,0.062
170,100,1,dominante_8nm,200,300,paso,8,mm,ar1,0.036,,0.054
170,100,1,dominante_8nm,200,300,paso,8,mm,limping,0.036,,0.062
170,100,1,dominante_8nm,200,300,paso,8,pt,ar1,0.036,,0.054
170,100,1,dominante_8nm,200,300,paso,8,pt,limping,0.036,,0.062
170,100,1,dominante_8nm,200,300,paso,8,nsb,ar1,0.038,,0.056
170,100,1,dominante_8nm,200,300,paso,8,nsb,limping,0.038,,0.064
170,100,1,dominante_8nm,200,300,dwell_paso,4,plugin,ar1,0.044,,0.056
170,100,1,dominante_8nm,200,300,dwell_paso,4,plugin,limping,0.044,,0.064
170,100,1,dominante_8nm,200,300,dwell_paso,4,mm,ar1,0.044,,0.056
170,100,1,dominante_8nm,200,300,dwell_paso,4,mm,limping,0.044,,0.064
170,100,1,dominante_8nm,200,300,dwell_paso,4,pt,ar1,0.044,,0.056
170,100,1,dominante_8nm,200,300,dwell_paso,4,pt,limping,0.044,,0.064
170,100,1,dominante_8nm,200,300,dwell_paso,4,nsb,ar1,0.044,,0.056
170,100,1,dominante_8nm,200,300,dwell_paso,4,nsb,limping,0.044,,0.064
171,100,1,equilibrada,50,50,evento,4,plugin,ar1,0.05,0.2,1
171,100,1,equilibrada,50,50,evento,4,plugin,limping,0.05,0.5,0.996
171,100,1,equilibrada,50,50,evento,4,mm,ar1,0.05,0.2,1
171,100,1,equilibrada,50,50,evento,4,mm,limping,0.05,0.5,0.996
171,100,1,equilibrada,50,50,evento,4,pt,ar1,0.05,0.2,1
171,100,1,equilibrada,50,50,evento,4,pt,limping,0.05,0.5,0.996
171,100,1,equilibrada,50,50,evento,4,nsb,ar1,0.05,0.2,1
171,100,1,equilibrada,50,50,evento,4,nsb,limping,0.05,0.5,0.996
171,100,1,equilibrada,50,50,evento,8,plugin,ar1,0.042,0.35,1
171,100,1,equilibrada,50,50,evento,8,plugin,limping,0.042,0.5,0.918
171,100,1,equilibrada,50,50,evento,8,mm,ar1,0.042,0.35,1
171,100,1,equilibrada,50,50,evento,8,mm,limping,0.042,0.5,0.922
171,100,1,equilibrada,50,50,evento,8,pt,ar1,0.042,0.35,1
171,100,1,equilibrada,50,50,evento,8,pt,limping,0.042,0.5,0.918
171,100,1,equilibrada,50,50,evento,8,nsb,ar1,0.044,0.35,1
171,100,1,equilibrada,50,50,evento,8,nsb,limping,0.044,0.5,0.906
171,100,1,equilibrada,50,50,dwell,4,plugin,ar1,0.032,0.1,1
171,100,1,equilibrada,50,50,dwell,4,plugin,limping,0.032,0.35,1
171,100,1,equilibrada,50,50,dwell,4,mm,ar1,0.032,0.1,1
171,100,1,equilibrada,50,50,dwell,4,mm,limping,0.032,0.35,1
171,100,1,equilibrada,50,50,dwell,4,pt,ar1,0.032,0.1,1
171,100,1,equilibrada,50,50,dwell,4,pt,limping,0.032,0.35,1
171,100,1,equilibrada,50,50,dwell,4,nsb,ar1,0.032,0.1,1
171,100,1,equilibrada,50,50,dwell,4,nsb,limping,0.032,0.35,1
171,100,1,equilibrada,50,50,paso,4,plugin,ar1,0.048,,0.064
171,100,1,equilibrada,50,50,paso,4,plugin,limping,0.048,,0.064
171,100,1,equilibrada,50,50,paso,4,mm,ar1,0.048,,0.064
171,100,1,equilibrada,50,50,paso,4,mm,limping,0.048,,0.064
171,100,1,equilibrada,50,50,paso,4,pt,ar1,0.048,,0.064
171,100,1,equilibrada,50,50,paso,4,pt,limping,0.048,,0.064
171,100,1,equilibrada,50,50,paso,4,nsb,ar1,0.048,,0.064
171,100,1,equilibrada,50,50,paso,4,nsb,limping,0.048,,0.064
171,100,1,equilibrada,50,50,paso,8,plugin,ar1,0.048,,0.064
171,100,1,equilibrada,50,50,paso,8,plugin,limping,0.048,,0.064
171,100,1,equilibrada,50,50,paso,8,mm,ar1,0.048,,0.064
171,100,1,equilibrada,50,50,paso,8,mm,limping,0.048,,0.064
171,100,1,equilibrada,50,50,paso,8,pt,ar1,0.048,,0.064
171,100,1,equilibrada,50,50,paso,8,pt,limping,0.048,,0.064
171,100,1,equilibrada,50,50,paso,8,nsb,ar1,0.048,,0.064
171,100,1,equilibrada,50,50,paso,8,nsb,limping,0.048,,0.064
171,100,1,equilibrada,50,50,dwell_paso,4,plugin,ar1,0.048,,0.052
171,100,1,equilibrada,50,50,dwell_paso,4,plugin,limping,0.048,,0.06
171,100,1,equilibrada,50,50,dwell_paso,4,mm,ar1,0.048,,0.052
171,100,1,equilibrada,50,50,dwell_paso,4,mm,limping,0.048,,0.06
171,100,1,equilibrada,50,50,dwell_paso,4,pt,ar1,0.048,,0.052
171,100,1,equilibrada,50,50,dwell_paso,4,pt,limping,0.048,,0.06
171,100,1,equilibrada,50,50,dwell_paso,4,nsb,ar1,0.05,,0.054
171,100,1,equilibrada,50,50,dwell_paso,4,nsb,limping,0.05,,0.06
171,100,1,equilibrada,50,50,dwell_paso,8,plugin,ar1,0.032,,0.068
171,100,1,equilibrada,50,50,dwell_paso,8,plugin,limping,0.032,,0.056
171,100,1,equilibrada,50,50,dwell_paso,8,mm,ar1,0.032,,0.068
171,100,1,equilibrada,50,50,dwell_paso,8,mm,limping,0.032,,0.056
171,100,1,equilibrada,50,50,dwell_paso,8,pt,ar1,0.032,,0.068
171,100,1,equilibrada,50,50,dwell_paso,8,pt,limping,0.032,,0.056
171,100,1,equilibrada,50,50,dwell_paso,8,nsb,ar1,0.034,,0.07
171,100,1,equilibrada,50,50,dwell_paso,8,nsb,limping,0.034,,0.056
172,100,1,equilibrada,50,100,evento,8,plugin,ar1,0.046,0.2,1
172,100,1,equilibrada,50,100,evento,8,plugin,limping,0.046,0.5,1
172,100,1,equilibrada,50,100,evento,8,mm,ar1,0.046,0.2,1
172,100,1,equilibrada,50,100,evento,8,mm,limping,0.046,0.5,1
172,100,1,equilibrada,50,100,evento,8,pt,ar1,0.046,0.2,1
172,100,1,equilibrada,50,100,evento,8,pt,limping,0.046,0.5,1
172,100,1,equilibrada,50,100,evento,8,nsb,ar1,0.046,0.2,1
172,100,1,equilibrada,50,100,evento,8,nsb,limping,0.046,0.5,1
172,100,1,equilibrada,50,100,dwell,4,plugin,ar1,0.038,0.1,1
172,100,1,equilibrada,50,100,dwell,4,plugin,limping,0.038,0.35,1
172,100,1,equilibrada,50,100,dwell,4,mm,ar1,0.038,0.1,1
172,100,1,equilibrada,50,100,dwell,4,mm,limping,0.038,0.35,1
172,100,1,equilibrada,50,100,dwell,4,pt,ar1,0.038,0.1,1
172,100,1,equilibrada,50,100,dwell,4,pt,limping,0.038,0.35,1
172,100,1,equilibrada,50,100,dwell,4,nsb,ar1,0.038,0.1,1
172,100,1,equilibrada,50,100,dwell,4,nsb,limping,0.038,0.35,1
172,100,1,equilibrada,50,100,dwell_paso,4,plugin,ar1,0.05,,0.062
172,100,1,equilibrada,50,100,dwell_paso,4,plugin,limping,0.05,,0.054
172,100,1,equilibrada,50,100,dwell_paso,4,mm,ar1,0.05,,0.062
172,100,1,equilibrada,50,100,dwell_paso,4,mm,limping,0.05,,0.054
172,100,1,equilibrada,50,100,dwell_paso,4,pt,ar1,0.05,,0.062
172,100,1,equilibrada,50,100,dwell_paso,4,pt,limping,0.05,,0.054
172,100,1,equilibrada,50,100,dwell_paso,4,nsb,ar1,0.05,,0.062
172,100,1,equilibrada,50,100,dwell_paso,4,nsb,limping,0.05,,0.056
172,100,1,equilibrada,50,100,dwell_paso,8,plugin,ar1,0.038,,0.07
172,100,1,equilibrada,50,100,dwell_paso,8,plugin,limping,0.038,,0.054
172,100,1,equilibrada,50,100,dwell_paso,8,mm,ar1,0.038,,0.07
172,100,1,equilibrada,50,100,dwell_paso,8,mm,limping,0.038,,0.054
172,100,1,equilibrada,50,100,dwell_paso,8,pt,ar1,0.038,,0.07
172,100,1,equilibrada,50,100,dwell_paso,8,pt,limping,0.038,,0.054
172,100,1,equilibrada,50,100,dwell_paso,8,nsb,ar1,0.038,,0.068
172,100,1,equilibrada,50,100,dwell_paso,8,nsb,limping,0.038,,0.052
173,100,1,equilibrada,50,300,evento,8,plugin,ar1,0.038,0.1,1
173,100,1,equilibrada,50,300,evento,8,plugin,limping,0.038,0.35,1
173,100,1,equilibrada,50,300,evento,8,mm,ar1,0.038,0.1,1
173,100,1,equilibrada,50,300,evento,8,mm,limping,0.038,0.35,1
173,100,1,equilibrada,50,300,evento,8,pt,ar1,0.038,0.1,1
173,100,1,equilibrada,50,300,evento,8,pt,limping,0.038,0.35,1
173,100,1,equilibrada,50,300,evento,8,nsb,ar1,0.038,0.1,1
173,100,1,equilibrada,50,300,evento,8,nsb,limping,0.038,0.35,1
173,100,1,equilibrada,50,300,dwell,4,plugin,ar1,0.05,0.05,1
173,100,1,equilibrada,50,300,dwell,4,plugin,limping,0.05,0.35,1
173,100,1,equilibrada,50,300,dwell,4,mm,ar1,0.05,0.05,1
173,100,1,equilibrada,50,300,dwell,4,mm,limping,0.05,0.35,1
173,100,1,equilibrada,50,300,dwell,4,pt,ar1,0.05,0.05,1
173,100,1,equilibrada,50,300,dwell,4,pt,limping,0.05,0.35,1
173,100,1,equilibrada,50,300,dwell,4,nsb,ar1,0.05,0.05,1
173,100,1,equilibrada,50,300,dwell,4,nsb,limping,0.05,0.35,1
173,100,1,equilibrada,50,300,dwell,8,plugin,ar1,0.044,0.05,1
173,100,1,equilibrada,50,300,dwell,8,plugin,limping,0.044,0.35,1
173,100,1,equilibrada,50,300,dwell,8,mm,ar1,0.044,0.05,1
173,100,1,equilibrada,50,300,dwell,8,mm,limping,0.044,0.35,1
173,100,1,equilibrada,50,300,dwell,8,pt,ar1,0.044,0.05,1
173,100,1,equilibrada,50,300,dwell,8,pt,limping,0.044,0.35,1
173,100,1,equilibrada,50,300,dwell,8,nsb,ar1,0.042,0.05,1
173,100,1,equilibrada,50,300,dwell,8,nsb,limping,0.042,0.35,1
173,100,1,equilibrada,50,300,paso,4,plugin,ar1,0.032,,0.06
173,100,1,equilibrada,50,300,paso,4,plugin,limping,0.032,,0.07
173,100,1,equilibrada,50,300,paso,4,mm,ar1,0.032,,0.06
173,100,1,equilibrada,50,300,paso,4,mm,limping,0.032,,0.07
173,100,1,equilibrada,50,300,paso,4,pt,ar1,0.032,,0.06
173,100,1,equilibrada,50,300,paso,4,pt,limping,0.032,,0.07
173,100,1,equilibrada,50,300,paso,4,nsb,ar1,0.034,,0.06
173,100,1,equilibrada,50,300,paso,4,nsb,limping,0.034,,0.07
173,100,1,equilibrada,50,300,paso,8,plugin,ar1,0.032,,0.06
173,100,1,equilibrada,50,300,paso,8,plugin,limping,0.032,,0.07
173,100,1,equilibrada,50,300,paso,8,mm,ar1,0.032,,0.06
173,100,1,equilibrada,50,300,paso,8,mm,limping,0.032,,0.07
173,100,1,equilibrada,50,300,paso,8,pt,ar1,0.032,,0.06
173,100,1,equilibrada,50,300,paso,8,pt,limping,0.032,,0.07
173,100,1,equilibrada,50,300,paso,8,nsb,ar1,0.034,,0.06
173,100,1,equilibrada,50,300,paso,8,nsb,limping,0.034,,0.07
173,100,1,equilibrada,50,300,dwell_paso,4,plugin,ar1,0.048,,0.064
173,100,1,equilibrada,50,300,dwell_paso,4,plugin,limping,0.048,,0.054
173,100,1,equilibrada,50,300,dwell_paso,4,mm,ar1,0.048,,0.064
173,100,1,equilibrada,50,300,dwell_paso,4,mm,limping,0.048,,0.054
173,100,1,equilibrada,50,300,dwell_paso,4,pt,ar1,0.048,,0.064
173,100,1,equilibrada,50,300,dwell_paso,4,pt,limping,0.048,,0.054
173,100,1,equilibrada,50,300,dwell_paso,4,nsb,ar1,0.048,,0.064
173,100,1,equilibrada,50,300,dwell_paso,4,nsb,limping,0.048,,0.052
173,100,1,equilibrada,50,300,dwell_paso,8,nsb,ar1,0.05,,0.062
173,100,1,equilibrada,50,300,dwell_paso,8,nsb,limping,0.05,,0.054
174,100,1,equilibrada,100,50,evento,4,plugin,ar1,0.042,0.2,1
174,100,1,equilibrada,100,50,evento,4,plugin,limping,0.042,0.5,1
174,100,1,equilibrada,100,50,evento,4,mm,ar1,0.042,0.2,1
174,100,1,equilibrada,100,50,evento,4,mm,limping,0.042,0.5,1
174,100,1,equilibrada,100,50,evento,4,pt,ar1,0.042,0.2,1
174,100,1,equilibrada,100,50,evento,4,pt,limping,0.042,0.5,1
174,100,1,equilibrada,100,50,evento,4,nsb,ar1,0.042,0.2,1
174,100,1,equilibrada,100,50,evento,4,nsb,limping,0.042,0.5,1
174,100,1,equilibrada,100,50,dwell,4,plugin,ar1,0.04,0.1,1
174,100,1,equilibrada,100,50,dwell,4,plugin,limping,0.04,0.35,1
174,100,1,equilibrada,100,50,dwell,4,mm,ar1,0.04,0.1,1
174,100,1,equilibrada,100,50,dwell,4,mm,limping,0.04,0.35,1
174,100,1,equilibrada,100,50,dwell,4,pt,ar1,0.04,0.1,1
174,100,1,equilibrada,100,50,dwell,4,pt,limping,0.04,0.35,1
174,100,1,equilibrada,100,50,dwell,4,nsb,ar1,0.04,0.1,1
174,100,1,equilibrada,100,50,dwell,4,nsb,limping,0.04,0.35,1
174,100,1,equilibrada,100,50,dwell_paso,4,plugin,ar1,0.042,,0.052
174,100,1,equilibrada,100,50,dwell_paso,4,plugin,limping,0.042,,0.05
174,100,1,equilibrada,100,50,dwell_paso,4,mm,ar1,0.042,,0.052
174,100,1,equilibrada,100,50,dwell_paso,4,mm,limping,0.042,,0.05
174,100,1,equilibrada,100,50,dwell_paso,4,pt,ar1,0.042,,0.052
174,100,1,equilibrada,100,50,dwell_paso,4,pt,limping,0.042,,0.05
174,100,1,equilibrada,100,50,dwell_paso,4,nsb,ar1,0.042,,0.05
174,100,1,equilibrada,100,50,dwell_paso,4,nsb,limping,0.042,,0.052
175,100,1,equilibrada,100,100,evento,8,plugin,ar1,0.026,0.1,1
175,100,1,equilibrada,100,100,evento,8,plugin,limping,0.026,0.35,1
175,100,1,equilibrada,100,100,evento,8,mm,ar1,0.026,0.1,1
175,100,1,equilibrada,100,100,evento,8,mm,limping,0.026,0.35,1
175,100,1,equilibrada,100,100,evento,8,pt,ar1,0.026,0.1,1
175,100,1,equilibrada,100,100,evento,8,pt,limping,0.026,0.35,1
175,100,1,equilibrada,100,100,evento,8,nsb,ar1,0.028,0.1,1
175,100,1,equilibrada,100,100,evento,8,nsb,limping,0.028,0.35,1
175,100,1,equilibrada,100,100,dwell,4,plugin,ar1,0.04,0.05,1
175,100,1,equilibrada,100,100,dwell,4,plugin,limping,0.04,0.35,1
175,100,1,equilibrada,100,100,dwell,4,mm,ar1,0.04,0.05,1
175,100,1,equilibrada,100,100,dwell,4,mm,limping,0.04,0.35,1
175,100,1,equilibrada,100,100,dwell,4,pt,ar1,0.04,0.05,1
175,100,1,equilibrada,100,100,dwell,4,pt,limping,0.04,0.35,1
175,100,1,equilibrada,100,100,dwell,4,nsb,ar1,0.042,0.05,1
175,100,1,equilibrada,100,100,dwell,4,nsb,limping,0.042,0.35,1
175,100,1,equilibrada,100,100,dwell,8,plugin,ar1,0.04,0.1,1
175,100,1,equilibrada,100,100,dwell,8,plugin,limping,0.04,0.35,1
175,100,1,equilibrada,100,100,dwell,8,mm,ar1,0.04,0.1,1
175,100,1,equilibrada,100,100,dwell,8,mm,limping,0.04,0.35,1
175,100,1,equilibrada,100,100,dwell,8,pt,ar1,0.04,0.1,1
175,100,1,equilibrada,100,100,dwell,8,pt,limping,0.04,0.35,1
175,100,1,equilibrada,100,100,dwell,8,nsb,ar1,0.04,0.1,1
175,100,1,equilibrada,100,100,dwell,8,nsb,limping,0.04,0.35,1
175,100,1,equilibrada,100,100,paso,4,plugin,ar1,0.046,,0.064
175,100,1,equilibrada,100,100,paso,4,plugin,limping,0.046,,0.066
175,100,1,equilibrada,100,100,paso,4,mm,ar1,0.046,,0.064
175,100,1,equilibrada,100,100,paso,4,mm,limping,0.046,,0.066
175,100,1,equilibrada,100,100,paso,4,pt,ar1,0.046,,0.064
175,100,1,equilibrada,100,100,paso,4,pt,limping,0.046,,0.066
175,100,1,equilibrada,100,100,paso,4,nsb,ar1,0.046,,0.064
175,100,1,equilibrada,100,100,paso,4,nsb,limping,0.046,,0.064
175,100,1,equilibrada,100,100,paso,8,plugin,ar1,0.046,,0.064
175,100,1,equilibrada,100,100,paso,8,plugin,limping,0.046,,0.066
175,100,1,equilibrada,100,100,paso,8,mm,ar1,0.046,,0.064
175,100,1,equilibrada,100,100,paso,8,mm,limping,0.046,,0.066
175,100,1,equilibrada,100,100,paso,8,pt,ar1,0.046,,0.064
175,100,1,equilibrada,100,100,paso,8,pt,limping,0.046,,0.066
175,100,1,equilibrada,100,100,paso,8,nsb,ar1,0.046,,0.064
175,100,1,equilibrada,100,100,paso,8,nsb,limping,0.046,,0.064
175,100,1,equilibrada,100,100,dwell_paso,4,plugin,ar1,0.046,,0.062
175,100,1,equilibrada,100,100,dwell_paso,4,plugin,limping,0.046,,0.06
175,100,1,equilibrada,100,100,dwell_paso,4,mm,ar1,0.046,,0.062
175,100,1,equilibrada,100,100,dwell_paso,4,mm,limping,0.046,,0.06
175,100,1,equilibrada,100,100,dwell_paso,4,pt,ar1,0.046,,0.062
175,100,1,equilibrada,100,100,dwell_paso,4,pt,limping,0.046,,0.06
175,100,1,equilibrada,100,100,dwell_paso,4,nsb,ar1,0.048,,0.062
175,100,1,equilibrada,100,100,dwell_paso,4,nsb,limping,0.048,,0.06
175,100,1,equilibrada,100,100,dwell_paso,8,plugin,ar1,0.034,,0.06
175,100,1,equilibrada,100,100,dwell_paso,8,plugin,limping,0.034,,0.056
175,100,1,equilibrada,100,100,dwell_paso,8,mm,ar1,0.034,,0.06
175,100,1,equilibrada,100,100,dwell_paso,8,mm,limping,0.034,,0.056
175,100,1,equilibrada,100,100,dwell_paso,8,pt,ar1,0.034,,0.06
175,100,1,equilibrada,100,100,dwell_paso,8,pt,limping,0.034,,0.056
175,100,1,equilibrada,100,100,dwell_paso,8,nsb,ar1,0.034,,0.062
175,100,1,equilibrada,100,100,dwell_paso,8,nsb,limping,0.034,,0.054
176,100,1,equilibrada,100,300,evento,4,plugin,ar1,0.044,0.05,1
176,100,1,equilibrada,100,300,evento,4,plugin,limping,0.044,0.35,1
176,100,1,equilibrada,100,300,evento,4,mm,ar1,0.044,0.05,1
176,100,1,equilibrada,100,300,evento,4,mm,limping,0.044,0.35,1
176,100,1,equilibrada,100,300,evento,4,pt,ar1,0.044,0.05,1
176,100,1,equilibrada,100,300,evento,4,pt,limping,0.044,0.35,1
176,100,1,equilibrada,100,300,evento,4,nsb,ar1,0.042,0.05,1
176,100,1,equilibrada,100,300,evento,4,nsb,limping,0.042,0.35,1
176,100,1,equilibrada,100,300,evento,8,plugin,ar1,0.048,0.1,1
176,100,1,equilibrada,100,300,evento,8,plugin,limping,0.048,0.35,1
176,100,1,equilibrada,100,300,evento,8,mm,ar1,0.048,0.1,1
176,100,1,equilibrada,100,300,evento,8,mm,limping,0.048,0.35,1
176,100,1,equilibrada,100,300,evento,8,pt,ar1,0.048,0.1,1
176,100,1,equilibrada,100,300,evento,8,pt,limping,0.048,0.35,1
176,100,1,equilibrada,100,300,evento,8,nsb,ar1,0.05,0.1,1
176,100,1,equilibrada,100,300,evento,8,nsb,limping,0.05,0.35,1
176,100,1,equilibrada,100,300,paso,4,plugin,ar1,0.05,,0.076
176,100,1,equilibrada,100,300,paso,4,plugin,limping,0.05,,0.058
176,100,1,equilibrada,100,300,paso,4,mm,ar1,0.05,,0.076
176,100,1,equilibrada,100,300,paso,4,mm,limping,0.05,,0.058
176,100,1,equilibrada,100,300,paso,4,pt,ar1,0.05,,0.076
176,100,1,equilibrada,100,300,paso,4,pt,limping,0.05,,0.058
176,100,1,equilibrada,100,300,paso,4,nsb,ar1,0.05,,0.076
176,100,1,equilibrada,100,300,paso,4,nsb,limping,0.05,,0.058
176,100,1,equilibrada,100,300,paso,8,plugin,ar1,0.05,,0.076
176,100,1,equilibrada,100,300,paso,8,plugin,limping,0.05,,0.058
176,100,1,equilibrada,100,300,paso,8,mm,ar1,0.05,,0.076
176,100,1,equilibrada,100,300,paso,8,mm,limping,0.05,,0.058
176,100,1,equilibrada,100,300,paso,8,pt,ar1,0.05,,0.076
176,100,1,equilibrada,100,300,paso,8,pt,limping,0.05,,0.058
176,100,1,equilibrada,100,300,paso,8,nsb,ar1,0.05,,0.076
176,100,1,equilibrada,100,300,paso,8,nsb,limping,0.05,,0.058
176,100,1,equilibrada,100,300,dwell_paso,4,plugin,ar1,0.04,,0.058
176,100,1,equilibrada,100,300,dwell_paso,4,plugin,limping,0.04,,0.066
176,100,1,equilibrada,100,300,dwell_paso,4,mm,ar1,0.04,,0.058
176,100,1,equilibrada,100,300,dwell_paso,4,mm,limping,0.04,,0.066
176,100,1,equilibrada,100,300,dwell_paso,4,pt,ar1,0.04,,0.058
176,100,1,equilibrada,100,300,dwell_paso,4,pt,limping,0.04,,0.066
176,100,1,equilibrada,100,300,dwell_paso,4,nsb,ar1,0.04,,0.058
176,100,1,equilibrada,100,300,dwell_paso,4,nsb,limping,0.04,,0.066
176,100,1,equilibrada,100,300,dwell_paso,8,plugin,ar1,0.046,,0.064
176,100,1,equilibrada,100,300,dwell_paso,8,plugin,limping,0.046,,0.066
176,100,1,equilibrada,100,300,dwell_paso,8,mm,ar1,0.046,,0.064
176,100,1,equilibrada,100,300,dwell_paso,8,mm,limping,0.046,,0.066
176,100,1,equilibrada,100,300,dwell_paso,8,pt,ar1,0.046,,0.064
176,100,1,equilibrada,100,300,dwell_paso,8,pt,limping,0.046,,0.066
176,100,1,equilibrada,100,300,dwell_paso,8,nsb,ar1,0.046,,0.064
176,100,1,equilibrada,100,300,dwell_paso,8,nsb,limping,0.046,,0.066
177,100,1,equilibrada,200,50,evento,8,plugin,ar1,0.034,0.2,1
177,100,1,equilibrada,200,50,evento,8,plugin,limping,0.034,0.35,1
177,100,1,equilibrada,200,50,evento,8,mm,ar1,0.034,0.2,1
177,100,1,equilibrada,200,50,evento,8,mm,limping,0.034,0.35,1
177,100,1,equilibrada,200,50,evento,8,pt,ar1,0.034,0.2,1
177,100,1,equilibrada,200,50,evento,8,pt,limping,0.034,0.35,1
177,100,1,equilibrada,200,50,evento,8,nsb,ar1,0.04,0.1,1
177,100,1,equilibrada,200,50,evento,8,nsb,limping,0.04,0.35,1
177,100,1,equilibrada,200,50,dwell,4,plugin,ar1,0.038,0.05,1
177,100,1,equilibrada,200,50,dwell,4,plugin,limping,0.038,0.35,1
177,100,1,equilibrada,200,50,dwell,4,mm,ar1,0.038,0.05,1
177,100,1,equilibrada,200,50,dwell,4,mm,limping,0.038,0.35,1
177,100,1,equilibrada,200,50,dwell,4,pt,ar1,0.038,0.05,1
177,100,1,equilibrada,200,50,dwell,4,pt,limping,0.038,0.35,1
177,100,1,equilibrada,200,50,dwell,4,nsb,ar1,0.038,0.05,1
177,100,1,equilibrada,200,50,dwell,4,nsb,limping,0.038,0.35,1
177,100,1,equilibrada,200,50,dwell,8,plugin,ar1,0.042,0.1,1
177,100,1,equilibrada,200,50,dwell,8,plugin,limping,0.042,0.35,1
177,100,1,equilibrada,200,50,dwell,8,mm,ar1,0.042,0.1,1
177,100,1,equilibrada,200,50,dwell,8,mm,limping,0.042,0.35,1
177,100,1,equilibrada,200,50,dwell,8,pt,ar1,0.042,0.1,1
177,100,1,equilibrada,200,50,dwell,8,pt,limping,0.042,0.35,1
177,100,1,equilibrada,200,50,dwell,8,nsb,ar1,0.04,0.1,1
177,100,1,equilibrada,200,50,dwell,8,nsb,limping,0.04,0.35,1
178,100,1,equilibrada,200,100,evento,8,plugin,ar1,0.046,0.1,1
178,100,1,equilibrada,200,100,evento,8,plugin,limping,0.046,0.35,1
178,100,1,equilibrada,200,100,evento,8,mm,ar1,0.046,0.1,1
178,100,1,equilibrada,200,100,evento,8,mm,limping,0.046,0.35,1
178,100,1,equilibrada,200,100,evento,8,pt,ar1,0.046,0.1,1
178,100,1,equilibrada,200,100,evento,8,pt,limping,0.046,0.35,1
178,100,1,equilibrada,200,100,evento,8,nsb,ar1,0.042,0.1,1
178,100,1,equilibrada,200,100,evento,8,nsb,limping,0.042,0.35,1
178,100,1,equilibrada,200,100,paso,4,plugin,ar1,0.038,,0.054
178,100,1,equilibrada,200,100,paso,4,plugin,limping,0.038,,0.07
178,100,1,equilibrada,200,100,paso,4,mm,ar1,0.038,,0.054
178,100,1,equilibrada,200,100,paso,4,mm,limping,0.038,,0.07
178,100,1,equilibrada,200,100,paso,4,pt,ar1,0.038,,0.054
178,100,1,equilibrada,200,100,paso,4,pt,limping,0.038,,0.07
178,100,1,equilibrada,200,100,paso,4,nsb,ar1,0.04,,0.056
178,100,1,equilibrada,200,100,paso,4,nsb,limping,0.04,,0.07
178,100,1,equilibrada,200,100,paso,8,plugin,ar1,0.038,,0.054
178,100,1,equilibrada,200,100,paso,8,plugin,limping,0.038,,0.07
178,100,1,equilibrada,200,100,paso,8,mm,ar1,0.038,,0.054
178,100,1,equilibrada,200,100,paso,8,mm,limping,0.038,,0.07
178,100,1,equilibrada,200,100,paso,8,pt,ar1,0.038,,0.054
178,100,1,equilibrada,200,100,paso,8,pt,limping,0.038,,0.07
178,100,1,equilibrada,200,100,paso,8,nsb,ar1,0.04,,0.056
178,100,1,equilibrada,200,100,paso,8,nsb,limping,0.04,,0.07
179,100,1,equilibrada,200,300,evento,4,plugin,ar1,0.042,0.05,1
179,100,1,equilibrada,200,300,evento,4,plugin,limping,0.042,0.2,1
179,100,1,equilibrada,200,300,evento,4,mm,ar1,0.042,0.05,1
179,100,1,equilibrada,200,300,evento,4,mm,limping,0.042,0.2,1
179,100,1,equilibrada,200,300,evento,4,pt,ar1,0.042,0.05,1
179,100,1,equilibrada,200,300,evento,4,pt,limping,0.042,0.2,1
179,100,1,equilibrada,200,300,evento,4,nsb,ar1,0.042,0.05,1
179,100,1,equilibrada,200,300,evento,4,nsb,limping,0.042,0.2,1
179,100,1,equilibrada,200,300,dwell,4,plugin,ar1,0.044,0.05,1
179,100,1,equilibrada,200,300,dwell,4,plugin,limping,0.044,0.2,1
179,100,1,equilibrada,200,300,dwell,4,mm,ar1,0.044,0.05,1
179,100,1,equilibrada,200,300,dwell,4,mm,limping,0.044,0.2,1
179,100,1,equilibrada,200,300,dwell,4,pt,ar1,0.044,0.05,1
179,100,1,equilibrada,200,300,dwell,4,pt,limping,0.044,0.2,1
179,100,1,equilibrada,200,300,dwell,4,nsb,ar1,0.044,0.05,1
179,100,1,equilibrada,200,300,dwell,4,nsb,limping,0.044,0.2,1
179,100,1,equilibrada,200,300,dwell,8,plugin,ar1,0.04,0.05,1
179,100,1,equilibrada,200,300,dwell,8,plugin,limping,0.04,0.2,1
179,100,1,equilibrada,200,300,dwell,8,mm,ar1,0.04,0.05,1
179,100,1,equilibrada,200,300,dwell,8,mm,limping,0.04,0.2,1
179,100,1,equilibrada,200,300,dwell,8,pt,ar1,0.04,0.05,1
179,100,1,equilibrada,200,300,dwell,8,pt,limping,0.04,0.2,1
179,100,1,equilibrada,200,300,dwell,8,nsb,ar1,0.04,0.05,1
179,100,1,equilibrada,200,300,dwell,8,nsb,limping,0.04,0.2,1
179,100,1,equilibrada,200,300,paso,4,plugin,ar1,0.05,,0.064
179,100,1,equilibrada,200,300,paso,4,plugin,limping,0.05,,0.06
179,100,1,equilibrada,200,300,paso,4,mm,ar1,0.05,,0.064
179,100,1,equilibrada,200,300,paso,4,mm,limping,0.05,,0.06
179,100,1,equilibrada,200,300,paso,4,pt,ar1,0.05,,0.064
179,100,1,equilibrada,200,300,paso,4,pt,limping,0.05,,0.06
179,100,1,equilibrada,200,300,paso,8,plugin,ar1,0.05,,0.064
179,100,1,equilibrada,200,300,paso,8,plugin,limping,0.05,,0.06
179,100,1,equilibrada,200,300,paso,8,mm,ar1,0.05,,0.064
179,100,1,equilibrada,200,300,paso,8,mm,limping,0.05,,0.06
179,100,1,equilibrada,200,300,paso,8,pt,ar1,0.05,,0.064
179,100,1,equilibrada,200,300,paso,8,pt,limping,0.05,,0.06
180,100,1,sesgada_4nm,50,50,evento,4,plugin,ar1,0.042,0.2,1
180,100,1,sesgada_4nm,50,50,evento,4,plugin,limping,0.042,0.5,0.996
180,100,1,sesgada_4nm,50,50,evento,4,mm,ar1,0.04,0.2,1
180,100,1,sesgada_4nm,50,50,evento,4,mm,limping,0.04,0.5,0.996
180,100,1,sesgada_4nm,50,50,evento,4,pt,ar1,0.042,0.2,1
180,100,1,sesgada_4nm,50,50,evento,4,pt,limping,0.042,0.5,0.996
180,100,1,sesgada_4nm,50,50,evento,4,nsb,ar1,0.044,0.2,1
180,100,1,sesgada_4nm,50,50,evento,4,nsb,limping,0.044,0.5,0.996
180,100,1,sesgada_4nm,50,50,dwell,4,plugin,ar1,0.05,0.1,1
180,100,1,sesgada_4nm,50,50,dwell,4,plugin,limping,0.05,0.35,1
180,100,1,sesgada_4nm,50,50,dwell,4,mm,ar1,0.05,0.1,1
180,100,1,sesgada_4nm,50,50,dwell,4,mm,limping,0.05,0.35,1
180,100,1,sesgada_4nm,50,50,dwell,4,pt,ar1,0.05,0.1,1
180,100,1,sesgada_4nm,50,50,dwell,4,pt,limping,0.05,0.35,1
180,100,1,sesgada_4nm,50,50,dwell,4,nsb,ar1,0.05,0.1,1
180,100,1,sesgada_4nm,50,50,dwell,4,nsb,limping,0.05,0.35,1
180,100,1,sesgada_4nm,50,50,paso,4,plugin,ar1,0.048,,0.048
180,100,1,sesgada_4nm,50,50,paso,4,plugin,limping,0.048,,0.06
180,100,1,sesgada_4nm,50,50,paso,4,mm,ar1,0.048,,0.048
180,100,1,sesgada_4nm,50,50,paso,4,mm,limping,0.048,,0.06
180,100,1,sesgada_4nm,50,50,paso,4,pt,ar1,0.048,,0.048
180,100,1,sesgada_4nm,50,50,paso,4,pt,limping,0.048,,0.06
180,100,1,sesgada_4nm,50,50,paso,4,nsb,ar1,0.048,,0.046
180,100,1,sesgada_4nm,50,50,paso,4,nsb,limping,0.048,,0.06
180,100,1,sesgada_4nm,50,50,paso,8,plugin,ar1,0.048,,0.048
180,100,1,sesgada_4nm,50,50,paso,8,plugin,limping,0.048,,0.06
180,100,1,sesgada_4nm,50,50,paso,8,mm,ar1,0.048,,0.048
180,100,1,sesgada_4nm,50,50,paso,8,mm,limping,0.048,,0.06
180,100,1,sesgada_4nm,50,50,paso,8,pt,ar1,0.048,,0.048
180,100,1,sesgada_4nm,50,50,paso,8,pt,limping,0.048,,0.06
180,100,1,sesgada_4nm,50,50,paso,8,nsb,ar1,0.048,,0.046
180,100,1,sesgada_4nm,50,50,paso,8,nsb,limping,0.048,,0.06
180,100,1,sesgada_4nm,50,50,dwell_paso,4,plugin,ar1,0.046,,0.068
180,100,1,sesgada_4nm,50,50,dwell_paso,4,plugin,limping,0.046,,0.064
180,100,1,sesgada_4nm,50,50,dwell_paso,4,mm,ar1,0.046,,0.068
180,100,1,sesgada_4nm,50,50,dwell_paso,4,mm,limping,0.046,,0.064
180,100,1,sesgada_4nm,50,50,dwell_paso,4,pt,ar1,0.046,,0.068
180,100,1,sesgada_4nm,50,50,dwell_paso,4,pt,limping,0.046,,0.064
180,100,1,sesgada_4nm,50,50,dwell_paso,4,nsb,ar1,0.048,,0.068
180,100,1,sesgada_4nm,50,50,dwell_paso,4,nsb,limping,0.048,,0.064
181,100,1,sesgada_4nm,50,100,evento,4,plugin,ar1,0.036,0.2,1
181,100,1,sesgada_4nm,50,100,evento,4,plugin,limping,0.036,0.5,1
181,100,1,sesgada_4nm,50,100,evento,4,mm,ar1,0.036,0.2,1
181,100,1,sesgada_4nm,50,100,evento,4,mm,limping,0.036,0.5,1
181,100,1,sesgada_4nm,50,100,evento,4,pt,ar1,0.036,0.2,1
181,100,1,sesgada_4nm,50,100,evento,4,pt,limping,0.036,0.5,1
181,100,1,sesgada_4nm,50,100,evento,4,nsb,ar1,0.038,0.2,1
181,100,1,sesgada_4nm,50,100,evento,4,nsb,limping,0.038,0.5,1
181,100,1,sesgada_4nm,50,100,dwell,4,plugin,ar1,0.038,0.1,1
181,100,1,sesgada_4nm,50,100,dwell,4,plugin,limping,0.038,0.35,1
181,100,1,sesgada_4nm,50,100,dwell,4,mm,ar1,0.038,0.1,1
181,100,1,sesgada_4nm,50,100,dwell,4,mm,limping,0.038,0.35,1
181,100,1,sesgada_4nm,50,100,dwell,4,pt,ar1,0.038,0.1,1
181,100,1,sesgada_4nm,50,100,dwell,4,pt,limping,0.038,0.35,1
181,100,1,sesgada_4nm,50,100,dwell,4,nsb,ar1,0.04,0.1,1
181,100,1,sesgada_4nm,50,100,dwell,4,nsb,limping,0.04,0.35,1
181,100,1,sesgada_4nm,50,100,paso,4,plugin,ar1,0.036,,0.08
181,100,1,sesgada_4nm,50,100,paso,4,plugin,limping,0.036,,0.058
181,100,1,sesgada_4nm,50,100,paso,4,mm,ar1,0.036,,0.08
181,100,1,sesgada_4nm,50,100,paso,4,mm,limping,0.036,,0.058
181,100,1,sesgada_4nm,50,100,paso,4,pt,ar1,0.036,,0.08
181,100,1,sesgada_4nm,50,100,paso,4,pt,limping,0.036,,0.058
181,100,1,sesgada_4nm,50,100,paso,4,nsb,ar1,0.036,,0.078
181,100,1,sesgada_4nm,50,100,paso,4,nsb,limping,0.036,,0.054
181,100,1,sesgada_4nm,50,100,paso,8,plugin,ar1,0.036,,0.08
181,100,1,sesgada_4nm,50,100,paso,8,plugin,limping,0.036,,0.058
181,100,1,sesgada_4nm,50,100,paso,8,mm,ar1,0.036,,0.08
181,100,1,sesgada_4nm,50,100,paso,8,mm,limping,0.036,,0.058
181,100,1,sesgada_4nm,50,100,paso,8,pt,ar1,0.036,,0.08
181,100,1,sesgada_4nm,50,100,paso,8,pt,limping,0.036,,0.058
181,100,1,sesgada_4nm,50,100,paso,8,nsb,ar1,0.036,,0.078
181,100,1,sesgada_4nm,50,100,paso,8,nsb,limping,0.036,,0.054
182,100,1,sesgada_4nm,50,300,evento,4,plugin,ar1,0.042,0.1,1
182,100,1,sesgada_4nm,50,300,evento,4,plugin,limping,0.042,0.35,1
182,100,1,sesgada_4nm,50,300,evento,4,mm,ar1,0.042,0.1,1
182,100,1,sesgada_4nm,50,300,evento,4,mm,limping,0.042,0.35,1
182,100,1,sesgada_4nm,50,300,evento,4,pt,ar1,0.042,0.1,1
182,100,1,sesgada_4nm,50,300,evento,4,pt,limping,0.042,0.35,1
182,100,1,sesgada_4nm,50,300,evento,4,nsb,ar1,0.042,0.1,1
182,100,1,sesgada_4nm,50,300,evento,4,nsb,limping,0.042,0.35,1
182,100,1,sesgada_4nm,50,300,dwell,4,plugin,ar1,0.048,0.05,1
182,100,1,sesgada_4nm,50,300,dwell,4,plugin,limping,0.048,0.35,1
182,100,1,sesgada_4nm,50,300,dwell,4,mm,ar1,0.048,0.05,1
182,100,1,sesgada_4nm,50,300,dwell,4,mm,limping,0.048,0.35,1
182,100,1,sesgada_4nm,50,300,dwell,4,pt,ar1,0.048,0.05,1
182,100,1,sesgada_4nm,50,300,dwell,4,pt,limping,0.048,0.35,1
182,100,1,sesgada_4nm,50,300,dwell,4,nsb,ar1,0.048,0.05,1
182,100,1,sesgada_4nm,50,300,dwell,4,nsb,limping,0.048,0.35,1
182,100,1,sesgada_4nm,50,300,dwell_paso,4,plugin,ar1,0.048,,0.054
182,100,1,sesgada_4nm,50,300,dwell_paso,4,plugin,limping,0.048,,0.068
182,100,1,sesgada_4nm,50,300,dwell_paso,4,mm,ar1,0.048,,0.054
182,100,1,sesgada_4nm,50,300,dwell_paso,4,mm,limping,0.048,,0.068
182,100,1,sesgada_4nm,50,300,dwell_paso,4,pt,ar1,0.048,,0.054
182,100,1,sesgada_4nm,50,300,dwell_paso,4,pt,limping,0.048,,0.068
182,100,1,sesgada_4nm,50,300,dwell_paso,4,nsb,ar1,0.048,,0.054
182,100,1,sesgada_4nm,50,300,dwell_paso,4,nsb,limping,0.048,,0.068
182,100,1,sesgada_4nm,50,300,dwell_paso,8,plugin,ar1,0.042,,0.06
182,100,1,sesgada_4nm,50,300,dwell_paso,8,plugin,limping,0.042,,0.068
182,100,1,sesgada_4nm,50,300,dwell_paso,8,mm,ar1,0.042,,0.06
182,100,1,sesgada_4nm,50,300,dwell_paso,8,mm,limping,0.042,,0.068
182,100,1,sesgada_4nm,50,300,dwell_paso,8,pt,ar1,0.042,,0.06
182,100,1,sesgada_4nm,50,300,dwell_paso,8,pt,limping,0.042,,0.068
182,100,1,sesgada_4nm,50,300,dwell_paso,8,nsb,ar1,0.042,,0.06
182,100,1,sesgada_4nm,50,300,dwell_paso,8,nsb,limping,0.042,,0.07
183,100,1,sesgada_4nm,100,50,dwell,4,plugin,ar1,0.046,0.1,1
183,100,1,sesgada_4nm,100,50,dwell,4,plugin,limping,0.046,0.35,1
183,100,1,sesgada_4nm,100,50,dwell,4,mm,ar1,0.046,0.1,1
183,100,1,sesgada_4nm,100,50,dwell,4,mm,limping,0.046,0.35,1
183,100,1,sesgada_4nm,100,50,dwell,4,pt,ar1,0.046,0.1,1
183,100,1,sesgada_4nm,100,50,dwell,4,pt,limping,0.046,0.35,1
183,100,1,sesgada_4nm,100,50,dwell,4,nsb,ar1,0.046,0.1,1
183,100,1,sesgada_4nm,100,50,dwell,4,nsb,limping,0.046,0.35,1
183,100,1,sesgada_4nm,100,50,paso,4,plugin,ar1,0.048,,0.06
183,100,1,sesgada_4nm,100,50,paso,4,plugin,limping,0.048,,0.048
183,100,1,sesgada_4nm,100,50,paso,4,mm,ar1,0.048,,0.06
183,100,1,sesgada_4nm,100,50,paso,4,mm,limping,0.048,,0.048
183,100,1,sesgada_4nm,100,50,paso,4,pt,ar1,0.048,,0.06
183,100,1,sesgada_4nm,100,50,paso,4,pt,limping,0.048,,0.048
183,100,1,sesgada_4nm,100,50,paso,4,nsb,ar1,0.05,,0.06
183,100,1,sesgada_4nm,100,50,paso,4,nsb,limping,0.05,,0.048
183,100,1,sesgada_4nm,100,50,paso,8,plugin,ar1,0.048,,0.06
183,100,1,sesgada_4nm,100,50,paso,8,plugin,limping,0.048,,0.048
183,100,1,sesgada_4nm,100,50,paso,8,mm,ar1,0.048,,0.06
183,100,1,sesgada_4nm,100,50,paso,8,mm,limping,0.048,,0.048
183,100,1,sesgada_4nm,100,50,paso,8,pt,ar1,0.048,,0.06
183,100,1,sesgada_4nm,100,50,paso,8,pt,limping,0.048,,0.048
183,100,1,sesgada_4nm,100,50,paso,8,nsb,ar1,0.05,,0.06
183,100,1,sesgada_4nm,100,50,paso,8,nsb,limping,0.05,,0.048
183,100,1,sesgada_4nm,100,50,dwell_paso,4,plugin,ar1,0.05,,0.064
183,100,1,sesgada_4nm,100,50,dwell_paso,4,plugin,limping,0.05,,0.054
183,100,1,sesgada_4nm,100,50,dwell_paso,4,mm,ar1,0.05,,0.064
183,100,1,sesgada_4nm,100,50,dwell_paso,4,mm,limping,0.05,,0.054
183,100,1,sesgada_4nm,100,50,dwell_paso,4,pt,ar1,0.05,,0.064
183,100,1,sesgada_4nm,100,50,dwell_paso,4,pt,limping,0.05,,0.054
183,100,1,sesgada_4nm,100,50,dwell_paso,4,nsb,ar1,0.05,,0.062
183,100,1,sesgada_4nm,100,50,dwell_paso,4,nsb,limping,0.05,,0.054
184,100,1,sesgada_4nm,100,100,evento,8,plugin,ar1,0.04,0.2,1
184,100,1,sesgada_4nm,100,100,evento,8,plugin,limping,0.04,0.35,1
184,100,1,sesgada_4nm,100,100,evento,8,mm,ar1,0.04,0.2,1
184,100,1,sesgada_4nm,100,100,evento,8,mm,limping,0.04,0.35,1
184,100,1,sesgada_4nm,100,100,evento,8,pt,ar1,0.04,0.2,1
184,100,1,sesgada_4nm,100,100,evento,8,pt,limping,0.04,0.35,1
184,100,1,sesgada_4nm,100,100,evento,8,nsb,ar1,0.044,0.2,1
184,100,1,sesgada_4nm,100,100,evento,8,nsb,limping,0.044,0.35,1
184,100,1,sesgada_4nm,100,100,dwell,4,plugin,ar1,0.042,0.05,1
184,100,1,sesgada_4nm,100,100,dwell,4,plugin,limping,0.042,0.35,1
184,100,1,sesgada_4nm,100,100,dwell,4,mm,ar1,0.042,0.05,1
184,100,1,sesgada_4nm,100,100,dwell,4,mm,limping,0.042,0.35,1
184,100,1,sesgada_4nm,100,100,dwell,4,pt,ar1,0.042,0.05,1
184,100,1,sesgada_4nm,100,100,dwell,4,pt,limping,0.042,0.35,1
184,100,1,sesgada_4nm,100,100,dwell,4,nsb,ar1,0.042,0.05,1
184,100,1,sesgada_4nm,100,100,dwell,4,nsb,limping,0.042,0.35,1
184,100,1,sesgada_4nm,100,100,dwell_paso,4,plugin,ar1,0.04,,0.05
184,100,1,sesgada_4nm,100,100,dwell_paso,4,plugin,limping,0.04,,0.068
184,100,1,sesgada_4nm,100,100,dwell_paso,4,mm,ar1,0.04,,0.05
184,100,1,sesgada_4nm,100,100,dwell_paso,4,mm,limping,0.04,,0.068
184,100,1,sesgada_4nm,100,100,dwell_paso,4,pt,ar1,0.04,,0.05
184,100,1,sesgada_4nm,100,100,dwell_paso,4,pt,limping,0.04,,0.068
184,100,1,sesgada_4nm,100,100,dwell_paso,4,nsb,ar1,0.04,,0.05
184,100,1,sesgada_4nm,100,100,dwell_paso,4,nsb,limping,0.04,,0.068
184,100,1,sesgada_4nm,100,100,dwell_paso,8,plugin,ar1,0.038,,0.06
184,100,1,sesgada_4nm,100,100,dwell_paso,8,plugin,limping,0.038,,0.068
184,100,1,sesgada_4nm,100,100,dwell_paso,8,mm,ar1,0.038,,0.06
184,100,1,sesgada_4nm,100,100,dwell_paso,8,mm,limping,0.038,,0.068
184,100,1,sesgada_4nm,100,100,dwell_paso,8,pt,ar1,0.038,,0.06
184,100,1,sesgada_4nm,100,100,dwell_paso,8,pt,limping,0.038,,0.068
184,100,1,sesgada_4nm,100,100,dwell_paso,8,nsb,ar1,0.038,,0.06
184,100,1,sesgada_4nm,100,100,dwell_paso,8,nsb,limping,0.038,,0.066
185,100,1,sesgada_4nm,100,300,dwell_paso,4,plugin,ar1,0.046,,0.054
185,100,1,sesgada_4nm,100,300,dwell_paso,4,plugin,limping,0.046,,0.062
185,100,1,sesgada_4nm,100,300,dwell_paso,4,mm,ar1,0.046,,0.054
185,100,1,sesgada_4nm,100,300,dwell_paso,4,mm,limping,0.046,,0.062
185,100,1,sesgada_4nm,100,300,dwell_paso,4,pt,ar1,0.046,,0.054
185,100,1,sesgada_4nm,100,300,dwell_paso,4,pt,limping,0.046,,0.062
185,100,1,sesgada_4nm,100,300,dwell_paso,4,nsb,ar1,0.046,,0.054
185,100,1,sesgada_4nm,100,300,dwell_paso,4,nsb,limping,0.046,,0.062
186,100,1,sesgada_4nm,200,50,evento,8,mm,ar1,0.05,0.2,1
186,100,1,sesgada_4nm,200,50,evento,8,mm,limping,0.05,0.35,1
186,100,1,sesgada_4nm,200,50,paso,4,plugin,ar1,0.042,,0.058
186,100,1,sesgada_4nm,200,50,paso,4,plugin,limping,0.042,,0.074
186,100,1,sesgada_4nm,200,50,paso,4,mm,ar1,0.042,,0.058
186,100,1,sesgada_4nm,200,50,paso,4,mm,limping,0.042,,0.074
186,100,1,sesgada_4nm,200,50,paso,4,pt,ar1,0.042,,0.058
186,100,1,sesgada_4nm,200,50,paso,4,pt,limping,0.042,,0.074
186,100,1,sesgada_4nm,200,50,paso,4,nsb,ar1,0.042,,0.058
186,100,1,sesgada_4nm,200,50,paso,4,nsb,limping,0.042,,0.074
186,100,1,sesgada_4nm,200,50,paso,8,plugin,ar1,0.042,,0.058
186,100,1,sesgada_4nm,200,50,paso,8,plugin,limping,0.042,,0.074
186,100,1,sesgada_4nm,200,50,paso,8,mm,ar1,0.042,,0.058
186,100,1,sesgada_4nm,200,50,paso,8,mm,limping,0.042,,0.074
186,100,1,sesgada_4nm,200,50,paso,8,pt,ar1,0.042,,0.058
186,100,1,sesgada_4nm,200,50,paso,8,pt,limping,0.042,,0.074
186,100,1,sesgada_4nm,200,50,paso,8,nsb,ar1,0.042,,0.058
186,100,1,sesgada_4nm,200,50,paso,8,nsb,limping,0.042,,0.074
187,100,1,sesgada_4nm,200,100,evento,4,plugin,ar1,0.038,0.1,1
187,100,1,sesgada_4nm,200,100,evento,4,plugin,limping,0.038,0.35,1
187,100,1,sesgada_4nm,200,100,evento,4,mm,ar1,0.038,0.1,1
187,100,1,sesgada_4nm,200,100,evento,4,mm,limping,0.038,0.35,1
187,100,1,sesgada_4nm,200,100,evento,4,pt,ar1,0.038,0.1,1
187,100,1,sesgada_4nm,200,100,evento,4,pt,limping,0.038,0.35,1
187,100,1,sesgada_4nm,200,100,evento,4,nsb,ar1,0.04,0.1,1
187,100,1,sesgada_4nm,200,100,evento,4,nsb,limping,0.04,0.35,1
187,100,1,sesgada_4nm,200,100,paso,4,plugin,ar1,0.042,,0.068
187,100,1,sesgada_4nm,200,100,paso,4,plugin,limping,0.042,,0.058
187,100,1,sesgada_4nm,200,100,paso,4,mm,ar1,0.042,,0.068
187,100,1,sesgada_4nm,200,100,paso,4,mm,limping,0.042,,0.058
187,100,1,sesgada_4nm,200,100,paso,4,pt,ar1,0.042,,0.068
187,100,1,sesgada_4nm,200,100,paso,4,pt,limping,0.042,,0.058
187,100,1,sesgada_4nm,200,100,paso,4,nsb,ar1,0.044,,0.068
187,100,1,sesgada_4nm,200,100,paso,4,nsb,limping,0.044,,0.058
187,100,1,sesgada_4nm,200,100,paso,8,plugin,ar1,0.042,,0.068
187,100,1,sesgada_4nm,200,100,paso,8,plugin,limping,0.042,,0.058
187,100,1,sesgada_4nm,200,100,paso,8,mm,ar1,0.042,,0.068
187,100,1,sesgada_4nm,200,100,paso,8,mm,limping,0.042,,0.058
187,100,1,sesgada_4nm,200,100,paso,8,pt,ar1,0.042,,0.068
187,100,1,sesgada_4nm,200,100,paso,8,pt,limping,0.042,,0.058
187,100,1,sesgada_4nm,200,100,paso,8,nsb,ar1,0.044,,0.068
187,100,1,sesgada_4nm,200,100,paso,8,nsb,limping,0.044,,0.058
188,100,1,sesgada_4nm,200,300,evento,4,plugin,ar1,0.044,0.05,1
188,100,1,sesgada_4nm,200,300,evento,4,plugin,limping,0.044,0.2,1
188,100,1,sesgada_4nm,200,300,evento,4,mm,ar1,0.044,0.05,1
188,100,1,sesgada_4nm,200,300,evento,4,mm,limping,0.044,0.2,1
188,100,1,sesgada_4nm,200,300,evento,4,pt,ar1,0.044,0.05,1
188,100,1,sesgada_4nm,200,300,evento,4,pt,limping,0.044,0.2,1
188,100,1,sesgada_4nm,200,300,evento,4,nsb,ar1,0.044,0.05,1
188,100,1,sesgada_4nm,200,300,evento,4,nsb,limping,0.044,0.2,1
188,100,1,sesgada_4nm,200,300,paso,4,plugin,ar1,0.05,,0.06
188,100,1,sesgada_4nm,200,300,paso,4,plugin,limping,0.05,,0.062
188,100,1,sesgada_4nm,200,300,paso,4,mm,ar1,0.05,,0.06
188,100,1,sesgada_4nm,200,300,paso,4,mm,limping,0.05,,0.062
188,100,1,sesgada_4nm,200,300,paso,4,pt,ar1,0.05,,0.06
188,100,1,sesgada_4nm,200,300,paso,4,pt,limping,0.05,,0.062
188,100,1,sesgada_4nm,200,300,paso,4,nsb,ar1,0.048,,0.06
188,100,1,sesgada_4nm,200,300,paso,4,nsb,limping,0.048,,0.062
188,100,1,sesgada_4nm,200,300,paso,8,plugin,ar1,0.05,,0.06
188,100,1,sesgada_4nm,200,300,paso,8,plugin,limping,0.05,,0.062
188,100,1,sesgada_4nm,200,300,paso,8,mm,ar1,0.05,,0.06
188,100,1,sesgada_4nm,200,300,paso,8,mm,limping,0.05,,0.062
188,100,1,sesgada_4nm,200,300,paso,8,pt,ar1,0.05,,0.06
188,100,1,sesgada_4nm,200,300,paso,8,pt,limping,0.05,,0.062
188,100,1,sesgada_4nm,200,300,paso,8,nsb,ar1,0.048,,0.06
188,100,1,sesgada_4nm,200,300,paso,8,nsb,limping,0.048,,0.062
189,100,2,dominante_8nm,50,50,evento,8,plugin,ar1,0.048,0.2,1
189,100,2,dominante_8nm,50,50,evento,8,plugin,limping,0.048,0.35,1
189,100,2,dominante_8nm,50,50,evento,8,pt,ar1,0.048,0.2,1
189,100,2,dominante_8nm,50,50,evento,8,pt,limping,0.048,0.35,1
189,100,2,dominante_8nm,50,50,dwell,8,plugin,ar1,0.05,0.2,1
189,100,2,dominante_8nm,50,50,dwell,8,plugin,limping,0.05,0.35,1
189,100,2,dominante_8nm,50,50,dwell,8,mm,ar1,0.05,0.2,1
189,100,2,dominante_8nm,50,50,dwell,8,mm,limping,0.05,0.35,1
189,100,2,dominante_8nm,50,50,dwell,8,pt,ar1,0.05,0.2,1
189,100,2,dominante_8nm,50,50,dwell,8,pt,limping,0.05,0.35,1
189,100,2,dominante_8nm,50,50,dwell,8,nsb,ar1,0.046,0.2,1
189,100,2,dominante_8nm,50,50,dwell,8,nsb,limping,0.046,0.35,1
190,100,2,dominante_8nm,50,100,evento,4,plugin,ar1,0.04,0.2,1
190,100,2,dominante_8nm,50,100,evento,4,plugin,limping,0.04,0.35,1
190,100,2,dominante_8nm,50,100,evento,4,mm,ar1,0.042,0.2,1
190,100,2,dominante_8nm,50,100,evento,4,mm,limping,0.042,0.35,1
190,100,2,dominante_8nm,50,100,evento,4,pt,ar1,0.042,0.2,1
190,100,2,dominante_8nm,50,100,evento,4,pt,limping,0.042,0.35,1
190,100,2,dominante_8nm,50,100,evento,4,nsb,ar1,0.046,0.2,1
190,100,2,dominante_8nm,50,100,evento,4,nsb,limping,0.046,0.35,1
190,100,2,dominante_8nm,50,100,evento,8,plugin,ar1,0.026,0.2,1
190,100,2,dominante_8nm,50,100,evento,8,plugin,limping,0.026,0.35,1
190,100,2,dominante_8nm,50,100,evento,8,mm,ar1,0.026,0.2,1
190,100,2,dominante_8nm,50,100,evento,8,mm,limping,0.026,0.35,1
190,100,2,dominante_8nm,50,100,evento,8,pt,ar1,0.026,0.2,1
190,100,2,dominante_8nm,50,100,evento,8,pt,limping,0.026,0.35,1
190,100,2,dominante_8nm,50,100,evento,8,nsb,ar1,0.024,0.2,1
190,100,2,dominante_8nm,50,100,evento,8,nsb,limping,0.024,0.35,1
190,100,2,dominante_8nm,50,100,dwell,8,plugin,ar1,0.034,0.1,1
190,100,2,dominante_8nm,50,100,dwell,8,plugin,limping,0.034,0.35,1
190,100,2,dominante_8nm,50,100,dwell,8,mm,ar1,0.034,0.1,1
190,100,2,dominante_8nm,50,100,dwell,8,mm,limping,0.034,0.35,1
190,100,2,dominante_8nm,50,100,dwell,8,pt,ar1,0.034,0.1,1
190,100,2,dominante_8nm,50,100,dwell,8,pt,limping,0.034,0.35,1
190,100,2,dominante_8nm,50,100,dwell,8,nsb,ar1,0.03,0.1,1
190,100,2,dominante_8nm,50,100,dwell,8,nsb,limping,0.03,0.35,1
190,100,2,dominante_8nm,50,100,paso,4,plugin,ar1,0.022,,0.062
190,100,2,dominante_8nm,50,100,paso,4,plugin,limping,0.022,,0.054
190,100,2,dominante_8nm,50,100,paso,4,mm,ar1,0.022,,0.062
190,100,2,dominante_8nm,50,100,paso,4,mm,limping,0.022,,0.054
190,100,2,dominante_8nm,50,100,paso,4,pt,ar1,0.022,,0.062
190,100,2,dominante_8nm,50,100,paso,4,pt,limping,0.022,,0.054
190,100,2,dominante_8nm,50,100,paso,4,nsb,ar1,0.022,,0.058
190,100,2,dominante_8nm,50,100,paso,4,nsb,limping,0.022,,0.054
190,100,2,dominante_8nm,50,100,paso,8,plugin,ar1,0.022,,0.062
190,100,2,dominante_8nm,50,100,paso,8,plugin,limping,0.022,,0.054
190,100,2,dominante_8nm,50,100,paso,8,mm,ar1,0.022,,0.062
190,100,2,dominante_8nm,50,100,paso,8,mm,limping,0.022,,0.054
190,100,2,dominante_8nm,50,100,paso,8,pt,ar1,0.022,,0.062
190,100,2,dominante_8nm,50,100,paso,8,pt,limping,0.022,,0.054
190,100,2,dominante_8nm,50,100,paso,8,nsb,ar1,0.022,,0.058
190,100,2,dominante_8nm,50,100,paso,8,nsb,limping,0.022,,0.054
190,100,2,dominante_8nm,50,100,dwell_paso,4,plugin,ar1,0.042,,0.06
190,100,2,dominante_8nm,50,100,dwell_paso,4,plugin,limping,0.042,,0.072
190,100,2,dominante_8nm,50,100,dwell_paso,4,mm,ar1,0.042,,0.06
190,100,2,dominante_8nm,50,100,dwell_paso,4,mm,limping,0.042,,0.072
190,100,2,dominante_8nm,50,100,dwell_paso,4,pt,ar1,0.042,,0.06
190,100,2,dominante_8nm,50,100,dwell_paso,4,pt,limping,0.042,,0.072
190,100,2,dominante_8nm,50,100,dwell_paso,4,nsb,ar1,0.044,,0.06
190,100,2,dominante_8nm,50,100,dwell_paso,4,nsb,limping,0.044,,0.072
190,100,2,dominante_8nm,50,100,dwell_paso,8,plugin,ar1,0.034,,0.07
190,100,2,dominante_8nm,50,100,dwell_paso,8,plugin,limping,0.034,,0.064
190,100,2,dominante_8nm,50,100,dwell_paso,8,mm,ar1,0.034,,0.07
190,100,2,dominante_8nm,50,100,dwell_paso,8,mm,limping,0.034,,0.064
190,100,2,dominante_8nm,50,100,dwell_paso,8,pt,ar1,0.034,,0.07
190,100,2,dominante_8nm,50,100,dwell_paso,8,pt,limping,0.034,,0.064
190,100,2,dominante_8nm,50,100,dwell_paso,8,nsb,ar1,0.034,,0.07
190,100,2,dominante_8nm,50,100,dwell_paso,8,nsb,limping,0.034,,0.064
191,100,2,dominante_8nm,50,300,evento,4,plugin,ar1,0.044,0.1,1
191,100,2,dominante_8nm,50,300,evento,4,plugin,limping,0.044,0.2,1
191,100,2,dominante_8nm,50,300,evento,4,mm,ar1,0.044,0.1,1
191,100,2,dominante_8nm,50,300,evento,4,mm,limping,0.044,0.2,1
191,100,2,dominante_8nm,50,300,evento,4,pt,ar1,0.044,0.1,1
191,100,2,dominante_8nm,50,300,evento,4,pt,limping,0.044,0.2,1
191,100,2,dominante_8nm,50,300,evento,4,nsb,ar1,0.042,0.1,1
191,100,2,dominante_8nm,50,300,evento,4,nsb,limping,0.042,0.2,1
191,100,2,dominante_8nm,50,300,evento,8,nsb,ar1,0.05,0.1,1
191,100,2,dominante_8nm,50,300,evento,8,nsb,limping,0.05,0.35,1
191,100,2,dominante_8nm,50,300,dwell,4,plugin,ar1,0.048,0.05,1
191,100,2,dominante_8nm,50,300,dwell,4,plugin,limping,0.048,0.2,1
191,100,2,dominante_8nm,50,300,dwell,4,mm,ar1,0.048,0.05,1
191,100,2,dominante_8nm,50,300,dwell,4,mm,limping,0.048,0.2,1
191,100,2,dominante_8nm,50,300,dwell,4,pt,ar1,0.048,0.05,1
191,100,2,dominante_8nm,50,300,dwell,4,pt,limping,0.048,0.2,1
191,100,2,dominante_8nm,50,300,dwell,4,nsb,ar1,0.05,0.05,1
191,100,2,dominante_8nm,50,300,dwell,4,nsb,limping,0.05,0.2,1
191,100,2,dominante_8nm,50,300,dwell,8,plugin,ar1,0.042,0.05,1
191,100,2,dominante_8nm,50,300,dwell,8,plugin,limping,0.042,0.2,1
191,100,2,dominante_8nm,50,300,dwell,8,mm,ar1,0.042,0.05,1
191,100,2,dominante_8nm,50,300,dwell,8,mm,limping,0.042,0.2,1
191,100,2,dominante_8nm,50,300,dwell,8,pt,ar1,0.042,0.05,1
191,100,2,dominante_8nm,50,300,dwell,8,pt,limping,0.042,0.2,1
191,100,2,dominante_8nm,50,300,dwell,8,nsb,ar1,0.044,0.05,1
191,100,2,dominante_8nm,50,300,dwell,8,nsb,limping,0.044,0.2,1
191,100,2,dominante_8nm,50,300,dwell_paso,4,plugin,ar1,0.048,,0.056
191,100,2,dominante_8nm,50,300,dwell_paso,4,plugin,limping,0.048,,0.058
191,100,2,dominante_8nm,50,300,dwell_paso,4,mm,ar1,0.048,,0.056
191,100,2,dominante_8nm,50,300,dwell_paso,4,mm,limping,0.048,,0.058
191,100,2,dominante_8nm,50,300,dwell_paso,4,pt,ar1,0.048,,0.056
191,100,2,dominante_8nm,50,300,dwell_paso,4,pt,limping,0.048,,0.058
191,100,2,dominante_8nm,50,300,dwell_paso,4,nsb,ar1,0.048,,0.054
191,100,2,dominante_8nm,50,300,dwell_paso,4,nsb,limping,0.048,,0.058
191,100,2,dominante_8nm,50,300,dwell_paso,8,plugin,ar1,0.042,,0.058
191,100,2,dominante_8nm,50,300,dwell_paso,8,plugin,limping,0.042,,0.056
191,100,2,dominante_8nm,50,300,dwell_paso,8,mm,ar1,0.042,,0.058
191,100,2,dominante_8nm,50,300,dwell_paso,8,mm,limping,0.042,,0.056
191,100,2,dominante_8nm,50,300,dwell_paso,8,pt,ar1,0.042,,0.058
191,100,2,dominante_8nm,50,300,dwell_paso,8,pt,limping,0.042,,0.056
191,100,2,dominante_8nm,50,300,dwell_paso,8,nsb,ar1,0.042,,0.058
191,100,2,dominante_8nm,50,300,dwell_paso,8,nsb,limping,0.042,,0.058
192,100,2,dominante_8nm,100,50,evento,4,plugin,ar1,0.05,0.2,1
192,100,2,dominante_8nm,100,50,evento,4,plugin,limping,0.05,0.35,1
192,100,2,dominante_8nm,100,50,evento,4,mm,ar1,0.05,0.2,1
192,100,2,dominante_8nm,100,50,evento,4,mm,limping,0.05,0.35,1
192,100,2,dominante_8nm,100,50,evento,4,pt,ar1,0.05,0.2,1
192,100,2,dominante_8nm,100,50,evento,4,pt,limping,0.05,0.35,1
192,100,2,dominante_8nm,100,50,evento,4,nsb,ar1,0.048,0.2,1
192,100,2,dominante_8nm,100,50,evento,4,nsb,limping,0.048,0.35,1
192,100,2,dominante_8nm,100,50,evento,8,plugin,ar1,0.028,0.2,1
192,100,2,dominante_8nm,100,50,evento,8,plugin,limping,0.028,0.35,1
192,100,2,dominante_8nm,100,50,evento,8,mm,ar1,0.034,0.2,1
192,100,2,dominante_8nm,100,50,evento,8,mm,limping,0.034,0.35,1
192,100,2,dominante_8nm,100,50,evento,8,pt,ar1,0.028,0.2,1
192,100,2,dominante_8nm,100,50,evento,8,pt,limping,0.028,0.35,1
192,100,2,dominante_8nm,100,50,evento,8,nsb,ar1,0.036,0.2,1
192,100,2,dominante_8nm,100,50,evento,8,nsb,limping,0.036,0.35,1
192,100,2,dominante_8nm,100,50,dwell,4,plugin,ar1,0.042,0.1,1
192,100,2,dominante_8nm,100,50,dwell,4,plugin,limping,0.042,0.2,1
192,100,2,dominante_8nm,100,50,dwell,4,mm,ar1,0.042,0.1,1
192,100,2,dominante_8nm,100,50,dwell,4,mm,limping,0.042,0.2,1
192,100,2,dominante_8nm,100,50,dwell,4,pt,ar1,0.042,0.1,1
192,100,2,dominante_8nm,100,50,dwell,4,pt,limping,0.042,0.2,1
192,100,2,dominante_8nm,100,50,dwell,4,nsb,ar1,0.042,0.1,1
192,100,2,dominante_8nm,100,50,dwell,4,nsb,limping,0.042,0.2,1
192,100,2,dominante_8nm,100,50,dwell,8,plugin,ar1,0.036,0.1,1
192,100,2,dominante_8nm,100,50,dwell,8,plugin,limping,0.036,0.35,1
192,100,2,dominante_8nm,100,50,dwell,8,mm,ar1,0.036,0.1,1
192,100,2,dominante_8nm,100,50,dwell,8,mm,limping,0.036,0.35,1
192,100,2,dominante_8nm,100,50,dwell,8,pt,ar1,0.036,0.1,1
192,100,2,dominante_8nm,100,50,dwell,8,pt,limping,0.036,0.35,1
192,100,2,dominante_8nm,100,50,dwell,8,nsb,ar1,0.04,0.1,1
192,100,2,dominante_8nm,100,50,dwell,8,nsb,limping,0.04,0.35,1
192,100,2,dominante_8nm,100,50,paso,4,plugin,ar1,0.048,,0.062
192,100,2,dominante_8nm,100,50,paso,4,plugin,limping,0.048,,0.056
192,100,2,dominante_8nm,100,50,paso,4,mm,ar1,0.048,,0.062
192,100,2,dominante_8nm,100,50,paso,4,mm,limping,0.048,,0.056
192,100,2,dominante_8nm,100,50,paso,4,pt,ar1,0.048,,0.062
192,100,2,dominante_8nm,100,50,paso,4,pt,limping,0.048,,0.056
192,100,2,dominante_8nm,100,50,paso,4,nsb,ar1,0.048,,0.06
192,100,2,dominante_8nm,100,50,paso,4,nsb,limping,0.048,,0.052
192,100,2,dominante_8nm,100,50,paso,8,plugin,ar1,0.048,,0.062
192,100,2,dominante_8nm,100,50,paso,8,plugin,limping,0.048,,0.056
192,100,2,dominante_8nm,100,50,paso,8,mm,ar1,0.048,,0.062
192,100,2,dominante_8nm,100,50,paso,8,mm,limping,0.048,,0.056
192,100,2,dominante_8nm,100,50,paso,8,pt,ar1,0.048,,0.062
192,100,2,dominante_8nm,100,50,paso,8,pt,limping,0.048,,0.056
192,100,2,dominante_8nm,100,50,paso,8,nsb,ar1,0.048,,0.06
192,100,2,dominante_8nm,100,50,paso,8,nsb,limping,0.048,,0.052
192,100,2,dominante_8nm,100,50,dwell_paso,4,plugin,ar1,0.04,,0.07
192,100,2,dominante_8nm,100,50,dwell_paso,4,plugin,limping,0.04,,0.056
192,100,2,dominante_8nm,100,50,dwell_paso,4,mm,ar1,0.04,,0.07
192,100,2,dominante_8nm,100,50,dwell_paso,4,mm,limping,0.04,,0.056
192,100,2,dominante_8nm,100,50,dwell_paso,4,pt,ar1,0.04,,0.07
192,100,2,dominante_8nm,100,50,dwell_paso,4,pt,limping,0.04,,0.056
192,100,2,dominante_8nm,100,50,dwell_paso,4,nsb,ar1,0.04,,0.07
192,100,2,dominante_8nm,100,50,dwell_paso,4,nsb,limping,0.04,,0.056
192,100,2,dominante_8nm,100,50,dwell_paso,8,plugin,ar1,0.04,,0.062
192,100,2,dominante_8nm,100,50,dwell_paso,8,plugin,limping,0.04,,0.06
192,100,2,dominante_8nm,100,50,dwell_paso,8,mm,ar1,0.04,,0.062
192,100,2,dominante_8nm,100,50,dwell_paso,8,mm,limping,0.04,,0.06
192,100,2,dominante_8nm,100,50,dwell_paso,8,pt,ar1,0.04,,0.062
192,100,2,dominante_8nm,100,50,dwell_paso,8,pt,limping,0.04,,0.06
192,100,2,dominante_8nm,100,50,dwell_paso,8,nsb,ar1,0.04,,0.062
192,100,2,dominante_8nm,100,50,dwell_paso,8,nsb,limping,0.04,,0.062
193,100,2,dominante_8nm,100,100,evento,4,plugin,ar1,0.046,0.1,1
193,100,2,dominante_8nm,100,100,evento,4,plugin,limping,0.046,0.35,1
193,100,2,dominante_8nm,100,100,evento,4,mm,ar1,0.046,0.1,1
193,100,2,dominante_8nm,100,100,evento,4,mm,limping,0.046,0.35,1
193,100,2,dominante_8nm,100,100,evento,4,pt,ar1,0.046,0.1,1
193,100,2,dominante_8nm,100,100,evento,4,pt,limping,0.046,0.35,1
193,100,2,dominante_8nm,100,100,evento,4,nsb,ar1,0.042,0.1,1
193,100,2,dominante_8nm,100,100,evento,4,nsb,limping,0.042,0.35,1
193,100,2,dominante_8nm,100,100,evento,8,plugin,ar1,0.05,0.2,1
193,100,2,dominante_8nm,100,100,evento,8,plugin,limping,0.05,0.35,1
193,100,2,dominante_8nm,100,100,evento,8,mm,ar1,0.048,0.2,1
193,100,2,dominante_8nm,100,100,evento,8,mm,limping,0.048,0.35,1
193,100,2,dominante_8nm,100,100,evento,8,pt,ar1,0.05,0.2,1
193,100,2,dominante_8nm,100,100,evento,8,pt,limping,0.05,0.35,1
193,100,2,dominante_8nm,100,100,evento,8,nsb,ar1,0.048,0.2,1
193,100,2,dominante_8nm,100,100,evento,8,nsb,limping,0.048,0.35,1
193,100,2,dominante_8nm,100,100,paso,4,plugin,ar1,0.046,,0.058
193,100,2,dominante_8nm,100,100,paso,4,plugin,limping,0.046,,0.068
193,100,2,dominante_8nm,100,100,paso,4,mm,ar1,0.046,,0.058
193,100,2,dominante_8nm,100,100,paso,4,mm,limping,0.046,,0.068
193,100,2,dominante_8nm,100,100,paso,4,pt,ar1,0.046,,0.058
193,100,2,dominante_8nm,100,100,paso,4,pt,limping,0.046,,0.068
193,100,2,dominante_8nm,100,100,paso,4,nsb,ar1,0.046,,0.056
193,100,2,dominante_8nm,100,100,paso,4,nsb,limping,0.046,,0.068
193,100,2,dominante_8nm,100,100,paso,8,plugin,ar1,0.046,,0.058
193,100,2,dominante_8nm,100,100,paso,8,plugin,limping,0.046,,0.068
193,100,2,dominante_8nm,100,100,paso,8,mm,ar1,0.046,,0.058
193,100,2,dominante_8nm,100,100,paso,8,mm,limping,0.046,,0.068
193,100,2,dominante_8nm,100,100,paso,8,pt,ar1,0.046,,0.058
193,100,2,dominante_8nm,100,100,paso,8,pt,limping,0.046,,0.068
193,100,2,dominante_8nm,100,100,paso,8,nsb,ar1,0.046,,0.056
193,100,2,dominante_8nm,100,100,paso,8,nsb,limping,0.046,,0.068
194,100,2,dominante_8nm,100,300,evento,4,plugin,ar1,0.05,0.05,1
194,100,2,dominante_8nm,100,300,evento,4,plugin,limping,0.05,0.2,1
194,100,2,dominante_8nm,100,300,evento,4,mm,ar1,0.05,0.05,1
194,100,2,dominante_8nm,100,300,evento,4,mm,limping,0.05,0.2,1
194,100,2,dominante_8nm,100,300,evento,4,pt,ar1,0.05,0.05,1
194,100,2,dominante_8nm,100,300,evento,4,pt,limping,0.05,0.2,1
194,100,2,dominante_8nm,100,300,evento,4,nsb,ar1,0.05,0.05,1
194,100,2,dominante_8nm,100,300,evento,4,nsb,limping,0.05,0.2,1
194,100,2,dominante_8nm,100,300,evento,8,plugin,ar1,0.044,0.1,1
194,100,2,dominante_8nm,100,300,evento,8,plugin,limping,0.044,0.2,1
194,100,2,dominante_8nm,100,300,evento,8,mm,ar1,0.044,0.1,1
194,100,2,dominante_8nm,100,300,evento,8,mm,limping,0.044,0.2,1
194,100,2,dominante_8nm,100,300,evento,8,pt,ar1,0.044,0.1,1
194,100,2,dominante_8nm,100,300,evento,8,pt,limping,0.044,0.2,1
194,100,2,dominante_8nm,100,300,evento,8,nsb,ar1,0.05,0.1,1
194,100,2,dominante_8nm,100,300,evento,8,nsb,limping,0.05,0.2,1
194,100,2,dominante_8nm,100,300,dwell,4,plugin,ar1,0.048,0.05,1
194,100,2,dominante_8nm,100,300,dwell,4,plugin,limping,0.048,0.2,1
194,100,2,dominante_8nm,100,300,dwell,4,mm,ar1,0.048,0.05,1
194,100,2,dominante_8nm,100,300,dwell,4,mm,limping,0.048,0.2,1
194,100,2,dominante_8nm,100,300,dwell,4,pt,ar1,0.048,0.05,1
194,100,2,dominante_8nm,100,300,dwell,4,pt,limping,0.048,0.2,1
194,100,2,dominante_8nm,100,300,dwell,4,nsb,ar1,0.046,0.05,1
194,100,2,dominante_8nm,100,300,dwell,4,nsb,limping,0.046,0.2,1
194,100,2,dominante_8nm,100,300,dwell,8,plugin,ar1,0.05,0.05,1
194,100,2,dominante_8nm,100,300,dwell,8,plugin,limping,0.05,0.2,1
194,100,2,dominante_8nm,100,300,dwell,8,mm,ar1,0.05,0.05,1
194,100,2,dominante_8nm,100,300,dwell,8,mm,limping,0.05,0.2,1
194,100,2,dominante_8nm,100,300,dwell,8,pt,ar1,0.05,0.05,1
194,100,2,dominante_8nm,100,300,dwell,8,pt,limping,0.05,0.2,1
194,100,2,dominante_8nm,100,300,dwell,8,nsb,ar1,0.048,0.05,1
194,100,2,dominante_8nm,100,300,dwell,8,nsb,limping,0.048,0.2,1
194,100,2,dominante_8nm,100,300,paso,4,plugin,ar1,0.042,,0.052
194,100,2,dominante_8nm,100,300,paso,4,plugin,limping,0.042,,0.054
194,100,2,dominante_8nm,100,300,paso,4,mm,ar1,0.042,,0.052
194,100,2,dominante_8nm,100,300,paso,4,mm,limping,0.042,,0.054
194,100,2,dominante_8nm,100,300,paso,4,pt,ar1,0.042,,0.052
194,100,2,dominante_8nm,100,300,paso,4,pt,limping,0.042,,0.054
194,100,2,dominante_8nm,100,300,paso,4,nsb,ar1,0.042,,0.052
194,100,2,dominante_8nm,100,300,paso,4,nsb,limping,0.042,,0.052
194,100,2,dominante_8nm,100,300,paso,8,plugin,ar1,0.042,,0.052
194,100,2,dominante_8nm,100,300,paso,8,plugin,limping,0.042,,0.054
194,100,2,dominante_8nm,100,300,paso,8,mm,ar1,0.042,,0.052
194,100,2,dominante_8nm,100,300,paso,8,mm,limping,0.042,,0.054
194,100,2,dominante_8nm,100,300,paso,8,pt,ar1,0.042,,0.052
194,100,2,dominante_8nm,100,300,paso,8,pt,limping,0.042,,0.054
194,100,2,dominante_8nm,100,300,paso,8,nsb,ar1,0.042,,0.052
194,100,2,dominante_8nm,100,300,paso,8,nsb,limping,0.042,,0.052
195,100,2,dominante_8nm,200,50,evento,4,plugin,ar1,0.038,0.1,1
195,100,2,dominante_8nm,200,50,evento,4,plugin,limping,0.038,0.35,1
195,100,2,dominante_8nm,200,50,evento,4,mm,ar1,0.038,0.1,1
195,100,2,dominante_8nm,200,50,evento,4,mm,limping,0.038,0.35,1
195,100,2,dominante_8nm,200,50,evento,4,pt,ar1,0.038,0.1,1
195,100,2,dominante_8nm,200,50,evento,4,pt,limping,0.038,0.35,1
195,100,2,dominante_8nm,200,50,evento,4,nsb,ar1,0.038,0.1,1
195,100,2,dominante_8nm,200,50,evento,4,nsb,limping,0.038,0.35,1
195,100,2,dominante_8nm,200,50,evento,8,plugin,ar1,0.048,0.2,1
195,100,2,dominante_8nm,200,50,evento,8,plugin,limping,0.048,0.35,1
195,100,2,dominante_8nm,200,50,evento,8,pt,ar1,0.048,0.2,1
195,100,2,dominante_8nm,200,50,evento,8,pt,limping,0.048,0.35,1
195,100,2,dominante_8nm,200,50,dwell_paso,4,plugin,ar1,0.044,,0.06
195,100,2,dominante_8nm,200,50,dwell_paso,4,plugin,limping,0.044,,0.066
195,100,2,dominante_8nm,200,50,dwell_paso,4,mm,ar1,0.044,,0.06
195,100,2,dominante_8nm,200,50,dwell_paso,4,mm,limping,0.044,,0.066
195,100,2,dominante_8nm,200,50,dwell_paso,4,pt,ar1,0.044,,0.06
195,100,2,dominante_8nm,200,50,dwell_paso,4,pt,limping,0.044,,0.066
195,100,2,dominante_8nm,200,50,dwell_paso,4,nsb,ar1,0.044,,0.06
195,100,2,dominante_8nm,200,50,dwell_paso,4,nsb,limping,0.044,,0.066
195,100,2,dominante_8nm,200,50,dwell_paso,8,plugin,ar1,0.036,,0.066
195,100,2,dominante_8nm,200,50,dwell_paso,8,plugin,limping,0.036,,0.066
195,100,2,dominante_8nm,200,50,dwell_paso,8,mm,ar1,0.036,,0.066
195,100,2,dominante_8nm,200,50,dwell_paso,8,mm,limping,0.036,,0.066
195,100,2,dominante_8nm,200,50,dwell_paso,8,pt,ar1,0.036,,0.066
195,100,2,dominante_8nm,200,50,dwell_paso,8,pt,limping,0.036,,0.066
195,100,2,dominante_8nm,200,50,dwell_paso,8,nsb,ar1,0.036,,0.066
195,100,2,dominante_8nm,200,50,dwell_paso,8,nsb,limping,0.036,,0.066
196,100,2,dominante_8nm,200,100,evento,4,plugin,ar1,0.05,0.1,1
196,100,2,dominante_8nm,200,100,evento,4,plugin,limping,0.05,0.2,1
196,100,2,dominante_8nm,200,100,evento,4,mm,ar1,0.05,0.1,1
196,100,2,dominante_8nm,200,100,evento,4,mm,limping,0.05,0.2,1
196,100,2,dominante_8nm,200,100,evento,4,pt,ar1,0.05,0.1,1
196,100,2,dominante_8nm,200,100,evento,4,pt,limping,0.05,0.2,1
196,100,2,dominante_8nm,200,100,evento,4,nsb,ar1,0.05,0.1,1
196,100,2,dominante_8nm,200,100,evento,4,nsb,limping,0.05,0.2,1
196,100,2,dominante_8nm,200,100,dwell,4,plugin,ar1,0.048,0.05,1
196,100,2,dominante_8nm,200,100,dwell,4,plugin,limping,0.048,0.2,1
196,100,2,dominante_8nm,200,100,dwell,4,mm,ar1,0.048,0.05,1
196,100,2,dominante_8nm,200,100,dwell,4,mm,limping,0.048,0.2,1
196,100,2,dominante_8nm,200,100,dwell,4,pt,ar1,0.048,0.05,1
196,100,2,dominante_8nm,200,100,dwell,4,pt,limping,0.048,0.2,1
196,100,2,dominante_8nm,200,100,dwell,4,nsb,ar1,0.048,0.05,1
196,100,2,dominante_8nm,200,100,dwell,4,nsb,limping,0.048,0.2,1
196,100,2,dominante_8nm,200,100,dwell,8,plugin,ar1,0.046,0.05,1
196,100,2,dominante_8nm,200,100,dwell,8,plugin,limping,0.046,0.2,1
196,100,2,dominante_8nm,200,100,dwell,8,mm,ar1,0.046,0.05,1
196,100,2,dominante_8nm,200,100,dwell,8,mm,limping,0.046,0.2,1
196,100,2,dominante_8nm,200,100,dwell,8,pt,ar1,0.046,0.05,1
196,100,2,dominante_8nm,200,100,dwell,8,pt,limping,0.046,0.2,1
196,100,2,dominante_8nm,200,100,dwell,8,nsb,ar1,0.044,0.05,1
196,100,2,dominante_8nm,200,100,dwell,8,nsb,limping,0.044,0.2,1
196,100,2,dominante_8nm,200,100,paso,4,plugin,ar1,0.046,,0.058
196,100,2,dominante_8nm,200,100,paso,4,plugin,limping,0.046,,0.064
196,100,2,dominante_8nm,200,100,paso,4,mm,ar1,0.046,,0.058
196,100,2,dominante_8nm,200,100,paso,4,mm,limping,0.046,,0.064
196,100,2,dominante_8nm,200,100,paso,4,pt,ar1,0.046,,0.058
196,100,2,dominante_8nm,200,100,paso,4,pt,limping,0.046,,0.064
196,100,2,dominante_8nm,200,100,paso,4,nsb,ar1,0.046,,0.06
196,100,2,dominante_8nm,200,100,paso,4,nsb,limping,0.046,,0.07
196,100,2,dominante_8nm,200,100,paso,8,plugin,ar1,0.046,,0.058
196,100,2,dominante_8nm,200,100,paso,8,plugin,limping,0.046,,0.064
196,100,2,dominante_8nm,200,100,paso,8,mm,ar1,0.046,,0.058
196,100,2,dominante_8nm,200,100,paso,8,mm,limping,0.046,,0.064
196,100,2,dominante_8nm,200,100,paso,8,pt,ar1,0.046,,0.058
196,100,2,dominante_8nm,200,100,paso,8,pt,limping,0.046,,0.064
196,100,2,dominante_8nm,200,100,paso,8,nsb,ar1,0.046,,0.06
196,100,2,dominante_8nm,200,100,paso,8,nsb,limping,0.046,,0.07
196,100,2,dominante_8nm,200,100,dwell_paso,4,plugin,ar1,0.046,,0.06
196,100,2,dominante_8nm,200,100,dwell_paso,4,plugin,limping,0.046,,0.072
196,100,2,dominante_8nm,200,100,dwell_paso,4,mm,ar1,0.046,,0.06
196,100,2,dominante_8nm,200,100,dwell_paso,4,mm,limping,0.046,,0.072
196,100,2,dominante_8nm,200,100,dwell_paso,4,pt,ar1,0.046,,0.06
196,100,2,dominante_8nm,200,100,dwell_paso,4,pt,limping,0.046,,0.072
196,100,2,dominante_8nm,200,100,dwell_paso,4,nsb,ar1,0.044,,0.06
196,100,2,dominante_8nm,200,100,dwell_paso,4,nsb,limping,0.044,,0.072
196,100,2,dominante_8nm,200,100,dwell_paso,8,plugin,ar1,0.04,,0.062
196,100,2,dominante_8nm,200,100,dwell_paso,8,plugin,limping,0.04,,0.056
196,100,2,dominante_8nm,200,100,dwell_paso,8,mm,ar1,0.04,,0.062
196,100,2,dominante_8nm,200,100,dwell_paso,8,mm,limping,0.04,,0.056
196,100,2,dominante_8nm,200,100,dwell_paso,8,pt,ar1,0.04,,0.062
196,100,2,dominante_8nm,200,100,dwell_paso,8,pt,limping,0.04,,0.056
196,100,2,dominante_8nm,200,100,dwell_paso,8,nsb,ar1,0.04,,0.062
196,100,2,dominante_8nm,200,100,dwell_paso,8,nsb,limping,0.04,,0.056
197,100,2,dominante_8nm,200,300,evento,4,plugin,ar1,0.044,0.05,1
197,100,2,dominante_8nm,200,300,evento,4,plugin,limping,0.044,0.2,1
197,100,2,dominante_8nm,200,300,evento,4,mm,ar1,0.044,0.05,1
197,100,2,dominante_8nm,200,300,evento,4,mm,limping,0.044,0.2,1
197,100,2,dominante_8nm,200,300,evento,4,pt,ar1,0.044,0.05,1
197,100,2,dominante_8nm,200,300,evento,4,pt,limping,0.044,0.2,1
197,100,2,dominante_8nm,200,300,evento,4,nsb,ar1,0.044,0.05,1
197,100,2,dominante_8nm,200,300,evento,4,nsb,limping,0.044,0.2,1
197,100,2,dominante_8nm,200,300,evento,8,plugin,ar1,0.05,0.05,1
197,100,2,dominante_8nm,200,300,evento,8,plugin,limping,0.05,0.2,1
197,100,2,dominante_8nm,200,300,evento,8,mm,ar1,0.05,0.05,1
197,100,2,dominante_8nm,200,300,evento,8,mm,limping,0.05,0.2,1
197,100,2,dominante_8nm,200,300,evento,8,pt,ar1,0.05,0.05,1
197,100,2,dominante_8nm,200,300,evento,8,pt,limping,0.05,0.2,1
197,100,2,dominante_8nm,200,300,dwell_paso,4,plugin,ar1,0.036,,0.056
197,100,2,dominante_8nm,200,300,dwell_paso,4,plugin,limping,0.036,,0.068
197,100,2,dominante_8nm,200,300,dwell_paso,4,mm,ar1,0.036,,0.056
197,100,2,dominante_8nm,200,300,dwell_paso,4,mm,limping,0.036,,0.068
197,100,2,dominante_8nm,200,300,dwell_paso,4,pt,ar1,0.036,,0.056
197,100,2,dominante_8nm,200,300,dwell_paso,4,pt,limping,0.036,,0.068
197,100,2,dominante_8nm,200,300,dwell_paso,4,nsb,ar1,0.036,,0.056
197,100,2,dominante_8nm,200,300,dwell_paso,4,nsb,limping,0.036,,0.068
197,100,2,dominante_8nm,200,300,dwell_paso,8,plugin,ar1,0.034,,0.06
197,100,2,dominante_8nm,200,300,dwell_paso,8,plugin,limping,0.034,,0.062
197,100,2,dominante_8nm,200,300,dwell_paso,8,mm,ar1,0.034,,0.06
197,100,2,dominante_8nm,200,300,dwell_paso,8,mm,limping,0.034,,0.062
197,100,2,dominante_8nm,200,300,dwell_paso,8,pt,ar1,0.034,,0.06
197,100,2,dominante_8nm,200,300,dwell_paso,8,pt,limping,0.034,,0.062
197,100,2,dominante_8nm,200,300,dwell_paso,8,nsb,ar1,0.034,,0.06
197,100,2,dominante_8nm,200,300,dwell_paso,8,nsb,limping,0.034,,0.062
198,100,2,equilibrada,50,50,evento,4,plugin,ar1,0.048,0.2,1
198,100,2,equilibrada,50,50,evento,4,plugin,limping,0.048,0.35,1
198,100,2,equilibrada,50,50,evento,4,mm,ar1,0.048,0.2,1
198,100,2,equilibrada,50,50,evento,4,mm,limping,0.048,0.35,1
198,100,2,equilibrada,50,50,evento,4,pt,ar1,0.048,0.2,1
198,100,2,equilibrada,50,50,evento,4,pt,limping,0.048,0.35,1
198,100,2,equilibrada,50,50,evento,4,nsb,ar1,0.048,0.2,1
198,100,2,equilibrada,50,50,evento,4,nsb,limping,0.048,0.35,1
198,100,2,equilibrada,50,50,evento,8,plugin,ar1,0.038,0.35,1
198,100,2,equilibrada,50,50,evento,8,plugin,limping,0.038,0.35,1
198,100,2,equilibrada,50,50,evento,8,mm,ar1,0.04,0.35,1
198,100,2,equilibrada,50,50,evento,8,mm,limping,0.04,0.35,1
198,100,2,equilibrada,50,50,evento,8,pt,ar1,0.038,0.35,1
198,100,2,equilibrada,50,50,evento,8,pt,limping,0.038,0.35,1
198,100,2,equilibrada,50,50,evento,8,nsb,ar1,0.04,0.35,1
198,100,2,equilibrada,50,50,evento,8,nsb,limping,0.04,0.35,1
198,100,2,equilibrada,50,50,dwell_paso,4,plugin,ar1,0.038,,0.064
198,100,2,equilibrada,50,50,dwell_paso,4,plugin,limping,0.038,,0.054
198,100,2,equilibrada,50,50,dwell_paso,4,mm,ar1,0.038,,0.064
198,100,2,equilibrada,50,50,dwell_paso,4,mm,limping,0.038,,0.054
198,100,2,equilibrada,50,50,dwell_paso,4,pt,ar1,0.038,,0.064
198,100,2,equilibrada,50,50,dwell_paso,4,pt,limping,0.038,,0.054
198,100,2,equilibrada,50,50,dwell_paso,4,nsb,ar1,0.04,,0.062
198,100,2,equilibrada,50,50,dwell_paso,4,nsb,limping,0.04,,0.056
198,100,2,equilibrada,50,50,dwell_paso,8,plugin,ar1,0.038,,0.066
198,100,2,equilibrada,50,50,dwell_paso,8,plugin,limping,0.038,,0.056
198,100,2,equilibrada,50,50,dwell_paso,8,mm,ar1,0.038,,0.066
198,100,2,equilibrada,50,50,dwell_paso,8,mm,limping,0.038,,0.056
198,100,2,equilibrada,50,50,dwell_paso,8,pt,ar1,0.038,,0.066
198,100,2,equilibrada,50,50,dwell_paso,8,pt,limping,0.038,,0.056
198,100,2,equilibrada,50,50,dwell_paso,8,nsb,ar1,0.038,,0.066
198,100,2,equilibrada,50,50,dwell_paso,8,nsb,limping,0.038,,0.056
199,100,2,equilibrada,50,100,evento,4,plugin,ar1,0.046,0.2,1
199,100,2,equilibrada,50,100,evento,4,plugin,limping,0.046,0.35,1
199,100,2,equilibrada,50,100,evento,4,mm,ar1,0.046,0.2,1
199,100,2,equilibrada,50,100,evento,4,mm,limping,0.046,0.35,1
199,100,2,equilibrada,50,100,evento,4,pt,ar1,0.046,0.2,1
199,100,2,equilibrada,50,100,evento,4,pt,limping,0.046,0.35,1
199,100,2,equilibrada,50,100,evento,4,nsb,ar1,0.046,0.2,1
199,100,2,equilibrada,50,100,evento,4,nsb,limping,0.046,0.35,1
199,100,2,equilibrada,50,100,evento,8,plugin,ar1,0.046,0.2,1
199,100,2,equilibrada,50,100,evento,8,plugin,limping,0.046,0.35,1
199,100,2,equilibrada,50,100,evento,8,mm,ar1,0.048,0.2,1
199,100,2,equilibrada,50,100,evento,8,mm,limping,0.048,0.35,1
199,100,2,equilibrada,50,100,evento,8,pt,ar1,0.048,0.2,1
199,100,2,equilibrada,50,100,evento,8,pt,limping,0.048,0.35,1
199,100,2,equilibrada,50,100,dwell,4,plugin,ar1,0.046,0.1,1
199,100,2,equilibrada,50,100,dwell,4,plugin,limping,0.046,0.2,1
199,100,2,equilibrada,50,100,dwell,4,mm,ar1,0.046,0.1,1
199,100,2,equilibrada,50,100,dwell,4,mm,limping,0.046,0.2,1
199,100,2,equilibrada,50,100,dwell,4,pt,ar1,0.046,0.1,1
199,100,2,equilibrada,50,100,dwell,4,pt,limping,0.046,0.2,1
199,100,2,equilibrada,50,100,dwell,4,nsb,ar1,0.046,0.1,1
199,100,2,equilibrada,50,100,dwell,4,nsb,limping,0.046,0.2,1
199,100,2,equilibrada,50,100,dwell,8,plugin,ar1,0.044,0.1,1
199,100,2,equilibrada,50,100,dwell,8,plugin,limping,0.044,0.35,1
199,100,2,equilibrada,50,100,dwell,8,mm,ar1,0.044,0.1,1
199,100,2,equilibrada,50,100,dwell,8,mm,limping,0.044,0.35,1
199,100,2,equilibrada,50,100,dwell,8,pt,ar1,0.044,0.1,1
199,100,2,equilibrada,50,100,dwell,8,pt,limping,0.044,0.35,1
199,100,2,equilibrada,50,100,dwell,8,nsb,ar1,0.042,0.1,1
199,100,2,equilibrada,50,100,dwell,8,nsb,limping,0.042,0.35,1
199,100,2,equilibrada,50,100,paso,4,plugin,ar1,0.044,,0.058
199,100,2,equilibrada,50,100,paso,4,plugin,limping,0.044,,0.064
199,100,2,equilibrada,50,100,paso,4,mm,ar1,0.044,,0.058
199,100,2,equilibrada,50,100,paso,4,mm,limping,0.044,,0.064
199,100,2,equilibrada,50,100,paso,4,pt,ar1,0.044,,0.058
199,100,2,equilibrada,50,100,paso,4,pt,limping,0.044,,0.064
199,100,2,equilibrada,50,100,paso,4,nsb,ar1,0.044,,0.058
199,100,2,equilibrada,50,100,paso,4,nsb,limping,0.044,,0.064
199,100,2,equilibrada,50,100,paso,8,plugin,ar1,0.044,,0.058
199,100,2,equilibrada,50,100,paso,8,plugin,limping,0.044,,0.064
199,100,2,equilibrada,50,100,paso,8,mm,ar1,0.044,,0.058
199,100,2,equilibrada,50,100,paso,8,mm,limping,0.044,,0.064
199,100,2,equilibrada,50,100,paso,8,pt,ar1,0.044,,0.058
199,100,2,equilibrada,50,100,paso,8,pt,limping,0.044,,0.064
199,100,2,equilibrada,50,100,paso,8,nsb,ar1,0.044,,0.058
199,100,2,equilibrada,50,100,paso,8,nsb,limping,0.044,,0.064
199,100,2,equilibrada,50,100,dwell_paso,4,plugin,ar1,0.03,,0.058
199,100,2,equilibrada,50,100,dwell_paso,4,plugin,limping,0.03,,0.062
199,100,2,equilibrada,50,100,dwell_paso,4,mm,ar1,0.03,,0.058
199,100,2,equilibrada,50,100,dwell_paso,4,mm,limping,0.03,,0.062
199,100,2,equilibrada,50,100,dwell_paso,4,pt,ar1,0.03,,0.058
199,100,2,equilibrada,50,100,dwell_paso,4,pt,limping,0.03,,0.062
199,100,2,equilibrada,50,100,dwell_paso,4,nsb,ar1,0.03,,0.058
199,100,2,equilibrada,50,100,dwell_paso,4,nsb,limping,0.03,,0.062
199,100,2,equilibrada,50,100,dwell_paso,8,plugin,ar1,0.042,,0.066
199,100,2,equilibrada,50,100,dwell_paso,8,plugin,limping,0.042,,0.07
199,100,2,equilibrada,50,100,dwell_paso,8,mm,ar1,0.042,,0.066
199,100,2,equilibrada,50,100,dwell_paso,8,mm,limping,0.042,,0.07
199,100,2,equilibrada,50,100,dwell_paso,8,pt,ar1,0.042,,0.066
199,100,2,equilibrada,50,100,dwell_paso,8,pt,limping,0.042,,0.07
199,100,2,equilibrada,50,100,dwell_paso,8,nsb,ar1,0.044,,0.07
199,100,2,equilibrada,50,100,dwell_paso,8,nsb,limping,0.044,,0.07
200,100,2,equilibrada,50,300,evento,8,plugin,ar1,0.048,0.1,1
200,100,2,equilibrada,50,300,evento,8,plugin,limping,0.048,0.35,1
200,100,2,equilibrada,50,300,evento,8,mm,ar1,0.048,0.1,1
200,100,2,equilibrada,50,300,evento,8,mm,limping,0.048,0.35,1
200,100,2,equilibrada,50,300,evento,8,pt,ar1,0.048,0.1,1
200,100,2,equilibrada,50,300,evento,8,pt,limping,0.048,0.35,1
200,100,2,equilibrada,50,300,dwell_paso,4,plugin,ar1,0.048,,0.054
200,100,2,equilibrada,50,300,dwell_paso,4,plugin,limping,0.048,,0.062
200,100,2,equilibrada,50,300,dwell_paso,4,mm,ar1,0.048,,0.054
200,100,2,equilibrada,50,300,dwell_paso,4,mm,limping,0.048,,0.062
200,100,2,equilibrada,50,300,dwell_paso,4,pt,ar1,0.048,,0.054
200,100,2,equilibrada,50,300,dwell_paso,4,pt,limping,0.048,,0.062
200,100,2,equilibrada,50,300,dwell_paso,4,nsb,ar1,0.05,,0.054
200,100,2,equilibrada,50,300,dwell_paso,4,nsb,limping,0.05,,0.062
200,100,2,equilibrada,50,300,dwell_paso,8,plugin,ar1,0.05,,0.062
200,100,2,equilibrada,50,300,dwell_paso,8,plugin,limping,0.05,,0.068
200,100,2,equilibrada,50,300,dwell_paso,8,mm,ar1,0.05,,0.062
200,100,2,equilibrada,50,300,dwell_paso,8,mm,limping,0.05,,0.068
200,100,2,equilibrada,50,300,dwell_paso,8,pt,ar1,0.05,,0.062
200,100,2,equilibrada,50,300,dwell_paso,8,pt,limping,0.05,,0.068
200,100,2,equilibrada,50,300,dwell_paso,8,nsb,ar1,0.05,,0.062
200,100,2,equilibrada,50,300,dwell_paso,8,nsb,limping,0.05,,0.07
201,100,2,equilibrada,100,50,evento,8,plugin,ar1,0.048,0.2,1
201,100,2,equilibrada,100,50,evento,8,plugin,limping,0.048,0.35,1
201,100,2,equilibrada,100,50,evento,8,mm,ar1,0.048,0.2,1
201,100,2,equilibrada,100,50,evento,8,mm,limping,0.048,0.35,1
201,100,2,equilibrada,100,50,evento,8,pt,ar1,0.048,0.2,1
201,100,2,equilibrada,100,50,evento,8,pt,limping,0.048,0.35,1
201,100,2,equilibrada,100,50,evento,8,nsb,ar1,0.05,0.2,1
201,100,2,equilibrada,100,50,evento,8,nsb,limping,0.05,0.35,1
201,100,2,equilibrada,100,50,dwell,4,plugin,ar1,0.04,0.1,1
201,100,2,equilibrada,100,50,dwell,4,plugin,limping,0.04,0.2,1
201,100,2,equilibrada,100,50,dwell,4,mm,ar1,0.04,0.1,1
201,100,2,equilibrada,100,50,dwell,4,mm,limping,0.04,0.2,1
201,100,2,equilibrada,100,50,dwell,4,pt,ar1,0.04,0.1,1
201,100,2,equilibrada,100,50,dwell,4,pt,limping,0.04,0.2,1
201,100,2,equilibrada,100,50,dwell,4,nsb,ar1,0.04,0.1,1
201,100,2,equilibrada,100,50,dwell,4,nsb,limping,0.04,0.2,1
201,100,2,equilibrada,100,50,paso,4,plugin,ar1,0.04,,0.068
201,100,2,equilibrada,100,50,paso,4,plugin,limping,0.04,,0.046
201,100,2,equilibrada,100,50,paso,4,mm,ar1,0.04,,0.068
201,100,2,equilibrada,100,50,paso,4,mm,limping,0.04,,0.046
201,100,2,equilibrada,100,50,paso,4,pt,ar1,0.04,,0.068
201,100,2,equilibrada,100,50,paso,4,pt,limping,0.04,,0.046
201,100,2,equilibrada,100,50,paso,4,nsb,ar1,0.04,,0.068
201,100,2,equilibrada,100,50,paso,4,nsb,limping,0.04,,0.046
201,100,2,equilibrada,100,50,paso,8,plugin,ar1,0.04,,0.068
201,100,2,equilibrada,100,50,paso,8,plugin,limping,0.04,,0.046
201,100,2,equilibrada,100,50,paso,8,mm,ar1,0.04,,0.068
201,100,2,equilibrada,100,50,paso,8,mm,limping,0.04,,0.046
201,100,2,equilibrada,100,50,paso,8,pt,ar1,0.04,,0.068
201,100,2,equilibrada,100,50,paso,8,pt,limping,0.04,,0.046
201,100,2,equilibrada,100,50,paso,8,nsb,ar1,0.04,,0.068
201,100,2,equilibrada,100,50,paso,8,nsb,limping,0.04,,0.046
201,100,2,equilibrada,100,50,dwell_paso,4,plugin,ar1,0.04,,0.072
201,100,2,equilibrada,100,50,dwell_paso,4,plugin,limping,0.04,,0.072
201,100,2,equilibrada,100,50,dwell_paso,4,mm,ar1,0.04,,0.072
201,100,2,equilibrada,100,50,dwell_paso,4,mm,limping,0.04,,0.072
201,100,2,equilibrada,100,50,dwell_paso,4,pt,ar1,0.04,,0.072
201,100,2,equilibrada,100,50,dwell_paso,4,pt,limping,0.04,,0.072
201,100,2,equilibrada,100,50,dwell_paso,4,nsb,ar1,0.042,,0.072
201,100,2,equilibrada,100,50,dwell_paso,4,nsb,limping,0.042,,0.074
201,100,2,equilibrada,100,50,dwell_paso,8,plugin,ar1,0.04,,0.064
201,100,2,equilibrada,100,50,dwell_paso,8,plugin,limping,0.04,,0.062
201,100,2,equilibrada,100,50,dwell_paso,8,mm,ar1,0.04,,0.064
201,100,2,equilibrada,100,50,dwell_paso,8,mm,limping,0.04,,0.062
201,100,2,equilibrada,100,50,dwell_paso,8,pt,ar1,0.04,,0.064
201,100,2,equilibrada,100,50,dwell_paso,8,pt,limping,0.04,,0.062
201,100,2,equilibrada,100,50,dwell_paso,8,nsb,ar1,0.042,,0.064
201,100,2,equilibrada,100,50,dwell_paso,8,nsb,limping,0.042,,0.06
202,100,2,equilibrada,100,100,evento,4,plugin,ar1,0.048,0.1,1
202,100,2,equilibrada,100,100,evento,4,plugin,limping,0.048,0.35,1
202,100,2,equilibrada,100,100,evento,4,mm,ar1,0.048,0.1,1
202,100,2,equilibrada,100,100,evento,4,mm,limping,0.048,0.35,1
202,100,2,equilibrada,100,100,evento,4,pt,ar1,0.048,0.1,1
202,100,2,equilibrada,100,100,evento,4,pt,limping,0.048,0.35,1
202,100,2,equilibrada,100,100,evento,4,nsb,ar1,0.05,0.1,1
202,100,2,equilibrada,100,100,evento,4,nsb,limping,0.05,0.35,1
202,100,2,equilibrada,100,100,evento,8,plugin,ar1,0.034,0.2,1
202,100,2,equilibrada,100,100,evento,8,plugin,limping,0.034,0.35,1
202,100,2,equilibrada,100,100,evento,8,mm,ar1,0.034,0.2,1
202,100,2,equilibrada,100,100,evento,8,mm,limping,0.034,0.35,1
202,100,2,equilibrada,100,100,evento,8,pt,ar1,0.034,0.2,1
202,100,2,equilibrada,100,100,evento,8,pt,limping,0.034,0.35,1
202,100,2,equilibrada,100,100,evento,8,nsb,ar1,0.04,0.2,1
202,100,2,equilibrada,100,100,evento,8,nsb,limping,0.04,0.35,1
202,100,2,equilibrada,100,100,dwell,8,plugin,ar1,0.038,0.1,1
202,100,2,equilibrada,100,100,dwell,8,plugin,limping,0.038,0.2,1
202,100,2,equilibrada,100,100,dwell,8,mm,ar1,0.038,0.1,1
202,100,2,equilibrada,100,100,dwell,8,mm,limping,0.038,0.2,1
202,100,2,equilibrada,100,100,dwell,8,pt,ar1,0.038,0.1,1
202,100,2,equilibrada,100,100,dwell,8,pt,limping,0.038,0.2,1
202,100,2,equilibrada,100,100,dwell,8,nsb,ar1,0.038,0.1,1
202,100,2,equilibrada,100,100,dwell,8,nsb,limping,0.038,0.2,1
203,100,2,equilibrada,100,300,evento,4,plugin,ar1,0.03,0.05,1
203,100,2,equilibrada,100,300,evento,4,plugin,limping,0.03,0.2,1
203,100,2,equilibrada,100,300,evento,4,mm,ar1,0.03,0.05,1
203,100,2,equilibrada,100,300,evento,4,mm,limping,0.03,0.2,1
203,100,2,equilibrada,100,300,evento,4,pt,ar1,0.03,0.05,1
203,100,2,equilibrada,100,300,evento,4,pt,limping,0.03,0.2,1
203,100,2,equilibrada,100,300,evento,4,nsb,ar1,0.032,0.05,1
203,100,2,equilibrada,100,300,evento,4,nsb,limping,0.032,0.2,1
203,100,2,equilibrada,100,300,dwell,4,plugin,ar1,0.046,0.05,1
203,100,2,equilibrada,100,300,dwell,4,plugin,limping,0.046,0.2,1
203,100,2,equilibrada,100,300,dwell,4,mm,ar1,0.046,0.05,1
203,100,2,equilibrada,100,300,dwell,4,mm,limping,0.046,0.2,1
203,100,2,equilibrada,100,300,dwell,4,pt,ar1,0.046,0.05,1
203,100,2,equilibrada,100,300,dwell,4,pt,limping,0.046,0.2,1
203,100,2,equilibrada,100,300,dwell,4,nsb,ar1,0.046,0.05,1
203,100,2,equilibrada,100,300,dwell,4,nsb,limping,0.046,0.2,1
203,100,2,equilibrada,100,300,dwell,8,plugin,ar1,0.04,0.05,1
203,100,2,equilibrada,100,300,dwell,8,plugin,limping,0.04,0.2,1
203,100,2,equilibrada,100,300,dwell,8,mm,ar1,0.04,0.05,1
203,100,2,equilibrada,100,300,dwell,8,mm,limping,0.04,0.2,1
203,100,2,equilibrada,100,300,dwell,8,pt,ar1,0.04,0.05,1
203,100,2,equilibrada,100,300,dwell,8,pt,limping,0.04,0.2,1
203,100,2,equilibrada,100,300,dwell,8,nsb,ar1,0.038,0.05,1
203,100,2,equilibrada,100,300,dwell,8,nsb,limping,0.038,0.2,1
204,100,2,equilibrada,200,50,dwell,4,plugin,ar1,0.03,0.05,1
204,100,2,equilibrada,200,50,dwell,4,plugin,limping,0.03,0.2,1
204,100,2,equilibrada,200,50,dwell,4,mm,ar1,0.03,0.05,1
204,100,2,equilibrada,200,50,dwell,4,mm,limping,0.03,0.2,1
204,100,2,equilibrada,200,50,dwell,4,pt,ar1,0.03,0.05,1
204,100,2,equilibrada,200,50,dwell,4,pt,limping,0.03,0.2,1
204,100,2,equilibrada,200,50,dwell,4,nsb,ar1,0.03,0.05,1
204,100,2,equilibrada,200,50,dwell,4,nsb,limping,0.03,0.2,1
204,100,2,equilibrada,200,50,dwell,8,plugin,ar1,0.038,0.1,1
204,100,2,equilibrada,200,50,dwell,8,plugin,limping,0.038,0.2,1
204,100,2,equilibrada,200,50,dwell,8,mm,ar1,0.038,0.1,1
204,100,2,equilibrada,200,50,dwell,8,mm,limping,0.038,0.2,1
204,100,2,equilibrada,200,50,dwell,8,pt,ar1,0.038,0.1,1
204,100,2,equilibrada,200,50,dwell,8,pt,limping,0.038,0.2,1
204,100,2,equilibrada,200,50,dwell,8,nsb,ar1,0.042,0.1,1
204,100,2,equilibrada,200,50,dwell,8,nsb,limping,0.042,0.2,1
204,100,2,equilibrada,200,50,dwell_paso,4,plugin,ar1,0.046,,0.066
204,100,2,equilibrada,200,50,dwell_paso,4,plugin,limping,0.046,,0.068
204,100,2,equilibrada,200,50,dwell_paso,4,mm,ar1,0.046,,0.066
204,100,2,equilibrada,200,50,dwell_paso,4,mm,limping,0.046,,0.068
204,100,2,equilibrada,200,50,dwell_paso,4,pt,ar1,0.046,,0.066
204,100,2,equilibrada,200,50,dwell_paso,4,pt,limping,0.046,,0.068
204,100,2,equilibrada,200,50,dwell_paso,4,nsb,ar1,0.046,,0.064
204,100,2,equilibrada,200,50,dwell_paso,4,nsb,limping,0.046,,0.07
205,100,2,equilibrada,200,100,evento,4,nsb,ar1,0.05,0.1,1
205,100,2,equilibrada,200,100,evento,4,nsb,limping,0.05,0.2,1
205,100,2,equilibrada,200,100,paso,4,plugin,ar1,0.044,,0.064
205,100,2,equilibrada,200,100,paso,4,plugin,limping,0.044,,0.07
205,100,2,equilibrada,200,100,paso,4,mm,ar1,0.044,,0.064
205,100,2,equilibrada,200,100,paso,4,mm,limping,0.044,,0.07
205,100,2,equilibrada,200,100,paso,4,pt,ar1,0.044,,0.064
205,100,2,equilibrada,200,100,paso,4,pt,limping,0.044,,0.07
205,100,2,equilibrada,200,100,paso,4,nsb,ar1,0.044,,0.064
205,100,2,equilibrada,200,100,paso,4,nsb,limping,0.044,,0.07
205,100,2,equilibrada,200,100,paso,8,plugin,ar1,0.044,,0.064
205,100,2,equilibrada,200,100,paso,8,plugin,limping,0.044,,0.07
205,100,2,equilibrada,200,100,paso,8,mm,ar1,0.044,,0.064
205,100,2,equilibrada,200,100,paso,8,mm,limping,0.044,,0.07
205,100,2,equilibrada,200,100,paso,8,pt,ar1,0.044,,0.064
205,100,2,equilibrada,200,100,paso,8,pt,limping,0.044,,0.07
205,100,2,equilibrada,200,100,paso,8,nsb,ar1,0.044,,0.064
205,100,2,equilibrada,200,100,paso,8,nsb,limping,0.044,,0.07
205,100,2,equilibrada,200,100,dwell_paso,4,plugin,ar1,0.042,,0.072
205,100,2,equilibrada,200,100,dwell_paso,4,plugin,limping,0.042,,0.056
205,100,2,equilibrada,200,100,dwell_paso,4,mm,ar1,0.042,,0.072
205,100,2,equilibrada,200,100,dwell_paso,4,mm,limping,0.042,,0.056
205,100,2,equilibrada,200,100,dwell_paso,4,pt,ar1,0.042,,0.072
205,100,2,equilibrada,200,100,dwell_paso,4,pt,limping,0.042,,0.056
205,100,2,equilibrada,200,100,dwell_paso,4,nsb,ar1,0.042,,0.072
205,100,2,equilibrada,200,100,dwell_paso,4,nsb,limping,0.042,,0.056
205,100,2,equilibrada,200,100,dwell_paso,8,plugin,ar1,0.042,,0.068
205,100,2,equilibrada,200,100,dwell_paso,8,plugin,limping,0.042,,0.056
205,100,2,equilibrada,200,100,dwell_paso,8,mm,ar1,0.042,,0.068
205,100,2,equilibrada,200,100,dwell_paso,8,mm,limping,0.042,,0.056
205,100,2,equilibrada,200,100,dwell_paso,8,pt,ar1,0.042,,0.068
205,100,2,equilibrada,200,100,dwell_paso,8,pt,limping,0.042,,0.056
205,100,2,equilibrada,200,100,dwell_paso,8,nsb,ar1,0.042,,0.068
205,100,2,equilibrada,200,100,dwell_paso,8,nsb,limping,0.042,,0.056
206,100,2,equilibrada,200,300,evento,4,plugin,ar1,0.048,0.05,1
206,100,2,equilibrada,200,300,evento,4,plugin,limping,0.048,0.2,1
206,100,2,equilibrada,200,300,evento,4,mm,ar1,0.048,0.05,1
206,100,2,equilibrada,200,300,evento,4,mm,limping,0.048,0.2,1
206,100,2,equilibrada,200,300,evento,4,pt,ar1,0.048,0.05,1
206,100,2,equilibrada,200,300,evento,4,pt,limping,0.048,0.2,1
206,100,2,equilibrada,200,300,evento,4,nsb,ar1,0.048,0.05,1
206,100,2,equilibrada,200,300,evento,4,nsb,limping,0.048,0.2,1
206,100,2,equilibrada,200,300,dwell,4,plugin,ar1,0.042,0.05,1
206,100,2,equilibrada,200,300,dwell,4,plugin,limping,0.042,0.2,1
206,100,2,equilibrada,200,300,dwell,4,mm,ar1,0.042,0.05,1
206,100,2,equilibrada,200,300,dwell,4,mm,limping,0.042,0.2,1
206,100,2,equilibrada,200,300,dwell,4,pt,ar1,0.042,0.05,1
206,100,2,equilibrada,200,300,dwell,4,pt,limping,0.042,0.2,1
206,100,2,equilibrada,200,300,dwell,4,nsb,ar1,0.044,0.05,1
206,100,2,equilibrada,200,300,dwell,4,nsb,limping,0.044,0.2,1
206,100,2,equilibrada,200,300,dwell,8,plugin,ar1,0.046,0.05,1
206,100,2,equilibrada,200,300,dwell,8,plugin,limping,0.046,0.2,1
206,100,2,equilibrada,200,300,dwell,8,mm,ar1,0.046,0.05,1
206,100,2,equilibrada,200,300,dwell,8,mm,limping,0.046,0.2,1
206,100,2,equilibrada,200,300,dwell,8,pt,ar1,0.046,0.05,1
206,100,2,equilibrada,200,300,dwell,8,pt,limping,0.046,0.2,1
206,100,2,equilibrada,200,300,dwell,8,nsb,ar1,0.046,0.05,1
206,100,2,equilibrada,200,300,dwell,8,nsb,limping,0.046,0.2,1
206,100,2,equilibrada,200,300,dwell_paso,4,plugin,ar1,0.048,,0.056
206,100,2,equilibrada,200,300,dwell_paso,4,plugin,limping,0.048,,0.07
206,100,2,equilibrada,200,300,dwell_paso,4,mm,ar1,0.048,,0.056
206,100,2,equilibrada,200,300,dwell_paso,4,mm,limping,0.048,,0.07
206,100,2,equilibrada,200,300,dwell_paso,4,pt,ar1,0.048,,0.056
206,100,2,equilibrada,200,300,dwell_paso,4,pt,limping,0.048,,0.07
206,100,2,equilibrada,200,300,dwell_paso,4,nsb,ar1,0.046,,0.054
206,100,2,equilibrada,200,300,dwell_paso,4,nsb,limping,0.046,,0.068
206,100,2,equilibrada,200,300,dwell_paso,8,plugin,ar1,0.044,,0.056
206,100,2,equilibrada,200,300,dwell_paso,8,plugin,limping,0.044,,0.056
206,100,2,equilibrada,200,300,dwell_paso,8,mm,ar1,0.044,,0.056
206,100,2,equilibrada,200,300,dwell_paso,8,mm,limping,0.044,,0.056
206,100,2,equilibrada,200,300,dwell_paso,8,pt,ar1,0.044,,0.056
206,100,2,equilibrada,200,300,dwell_paso,8,pt,limping,0.044,,0.056
206,100,2,equilibrada,200,300,dwell_paso,8,nsb,ar1,0.048,,0.062
206,100,2,equilibrada,200,300,dwell_paso,8,nsb,limping,0.048,,0.054
207,100,2,sesgada_4nm,50,50,evento,4,plugin,ar1,0.04,0.2,1
207,100,2,sesgada_4nm,50,50,evento,4,plugin,limping,0.04,0.35,1
207,100,2,sesgada_4nm,50,50,evento,4,mm,ar1,0.036,0.2,1
207,100,2,sesgada_4nm,50,50,evento,4,mm,limping,0.036,0.35,1
207,100,2,sesgada_4nm,50,50,evento,4,pt,ar1,0.04,0.2,1
207,100,2,sesgada_4nm,50,50,evento,4,pt,limping,0.04,0.35,1
207,100,2,sesgada_4nm,50,50,evento,4,nsb,ar1,0.038,0.2,1
207,100,2,sesgada_4nm,50,50,evento,4,nsb,limping,0.038,0.35,1
207,100,2,sesgada_4nm,50,50,dwell,8,plugin,ar1,0.044,0.2,1
207,100,2,sesgada_4nm,50,50,dwell,8,plugin,limping,0.044,0.35,1
207,100,2,sesgada_4nm,50,50,dwell,8,mm,ar1,0.044,0.2,1
207,100,2,sesgada_4nm,50,50,dwell,8,mm,limping,0.044,0.35,1
207,100,2,sesgada_4nm,50,50,dwell,8,pt,ar1,0.044,0.2,1
207,100,2,sesgada_4nm,50,50,dwell,8,pt,limping,0.044,0.35,1
207,100,2,sesgada_4nm,50,50,dwell,8,nsb,ar1,0.046,0.2,1
207,100,2,sesgada_4nm,50,50,dwell,8,nsb,limping,0.046,0.35,1
207,100,2,sesgada_4nm,50,50,dwell_paso,4,plugin,ar1,0.042,,0.062
207,100,2,sesgada_4nm,50,50,dwell_paso,4,plugin,limping,0.042,,0.06
207,100,2,sesgada_4nm,50,50,dwell_paso,4,mm,ar1,0.042,,0.062
207,100,2,sesgada_4nm,50,50,dwell_paso,4,mm,limping,0.042,,0.06
207,100,2,sesgada_4nm,50,50,dwell_paso,4,pt,ar1,0.042,,0.062
207,100,2,sesgada_4nm,50,50,dwell_paso,4,pt,limping,0.042,,0.06
207,100,2,sesgada_4nm,50,50,dwell_paso,4,nsb,ar1,0.042,,0.062
207,100,2,sesgada_4nm,50,50,dwell_paso,4,nsb,limping,0.042,,0.062
207,100,2,sesgada_4nm,50,50,dwell_paso,8,plugin,ar1,0.05,,0.058
207,100,2,sesgada_4nm,50,50,dwell_paso,8,plugin,limping,0.05,,0.062
207,100,2,sesgada_4nm,50,50,dwell_paso,8,mm,ar1,0.05,,0.058
207,100,2,sesgada_4nm,50,50,dwell_paso,8,mm,limping,0.05,,0.062
207,100,2,sesgada_4nm,50,50,dwell_paso,8,pt,ar1,0.05,,0.058
207,100,2,sesgada_4nm,50,50,dwell_paso,8,pt,limping,0.05,,0.062
207,100,2,sesgada_4nm,50,50,dwell_paso,8,nsb,ar1,0.048,,0.056
207,100,2,sesgada_4nm,50,50,dwell_paso,8,nsb,limping,0.048,,0.062
208,100,2,sesgada_4nm,50,100,evento,4,plugin,ar1,0.048,0.2,1
208,100,2,sesgada_4nm,50,100,evento,4,plugin,limping,0.048,0.35,1
208,100,2,sesgada_4nm,50,100,evento,4,mm,ar1,0.046,0.2,1
208,100,2,sesgada_4nm,50,100,evento,4,mm,limping,0.046,0.35,1
208,100,2,sesgada_4nm,50,100,evento,4,pt,ar1,0.046,0.2,1
208,100,2,sesgada_4nm,50,100,evento,4,pt,limping,0.046,0.35,1
208,100,2,sesgada_4nm,50,100,evento,4,nsb,ar1,0.042,0.2,1
208,100,2,sesgada_4nm,50,100,evento,4,nsb,limping,0.042,0.35,1
208,100,2,sesgada_4nm,50,100,evento,8,plugin,ar1,0.048,0.2,1
208,100,2,sesgada_4nm,50,100,evento,8,plugin,limping,0.048,0.35,1
208,100,2,sesgada_4nm,50,100,evento,8,mm,ar1,0.044,0.2,1
208,100,2,sesgada_4nm,50,100,evento,8,mm,limping,0.044,0.35,1
208,100,2,sesgada_4nm,50,100,evento,8,pt,ar1,0.048,0.2,1
208,100,2,sesgada_4nm,50,100,evento,8,pt,limping,0.048,0.35,1
208,100,2,sesgada_4nm,50,100,evento,8,nsb,ar1,0.048,0.2,1
208,100,2,sesgada_4nm,50,100,evento,8,nsb,limping,0.048,0.35,1
208,100,2,sesgada_4nm,50,100,dwell,4,plugin,ar1,0.04,0.1,1
208,100,2,sesgada_4nm,50,100,dwell,4,plugin,limping,0.04,0.2,1
208,100,2,sesgada_4nm,50,100,dwell,4,mm,ar1,0.04,0.1,1
208,100,2,sesgada_4nm,50,100,dwell,4,mm,limping,0.04,0.2,1
208,100,2,sesgada_4nm,50,100,dwell,4,pt,ar1,0.04,0.1,1
208,100,2,sesgada_4nm,50,100,dwell,4,pt,limping,0.04,0.2,1
208,100,2,sesgada_4nm,50,100,dwell,4,nsb,ar1,0.04,0.1,1
208,100,2,sesgada_4nm,50,100,dwell,4,nsb,limping,0.04,0.2,1
208,100,2,sesgada_4nm,50,100,dwell,8,plugin,ar1,0.038,0.1,1
208,100,2,sesgada_4nm,50,100,dwell,8,plugin,limping,0.038,0.35,1
208,100,2,sesgada_4nm,50,100,dwell,8,mm,ar1,0.038,0.1,1
208,100,2,sesgada_4nm,50,100,dwell,8,mm,limping,0.038,0.35,1
208,100,2,sesgada_4nm,50,100,dwell,8,pt,ar1,0.038,0.1,1
208,100,2,sesgada_4nm,50,100,dwell,8,pt,limping,0.038,0.35,1
208,100,2,sesgada_4nm,50,100,dwell,8,nsb,ar1,0.04,0.1,1
208,100,2,sesgada_4nm,50,100,dwell,8,nsb,limping,0.04,0.35,1
208,100,2,sesgada_4nm,50,100,dwell_paso,4,plugin,ar1,0.04,,0.048
208,100,2,sesgada_4nm,50,100,dwell_paso,4,plugin,limping,0.04,,0.058
208,100,2,sesgada_4nm,50,100,dwell_paso,4,mm,ar1,0.04,,0.048
208,100,2,sesgada_4nm,50,100,dwell_paso,4,mm,limping,0.04,,0.058
208,100,2,sesgada_4nm,50,100,dwell_paso,4,pt,ar1,0.04,,0.048
208,100,2,sesgada_4nm,50,100,dwell_paso,4,pt,limping,0.04,,0.058
208,100,2,sesgada_4nm,50,100,dwell_paso,4,nsb,ar1,0.04,,0.05
208,100,2,sesgada_4nm,50,100,dwell_paso,4,nsb,limping,0.04,,0.058
209,100,2,sesgada_4nm,50,300,evento,4,plugin,ar1,0.032,0.1,1
209,100,2,sesgada_4nm,50,300,evento,4,plugin,limping,0.032,0.2,1
209,100,2,sesgada_4nm,50,300,evento,4,mm,ar1,0.032,0.1,1
209,100,2,sesgada_4nm,50,300,evento,4,mm,limping,0.032,0.2,1
209,100,2,sesgada_4nm,50,300,evento,4,pt,ar1,0.032,0.1,1
209,100,2,sesgada_4nm,50,300,evento,4,pt,limping,0.032,0.2,1
209,100,2,sesgada_4nm,50,300,evento,4,nsb,ar1,0.038,0.1,1
209,100,2,sesgada_4nm,50,300,evento,4,nsb,limping,0.038,0.2,1
209,100,2,sesgada_4nm,50,300,dwell,4,plugin,ar1,0.05,0.05,1
209,100,2,sesgada_4nm,50,300,dwell,4,plugin,limping,0.05,0.2,1
209,100,2,sesgada_4nm,50,300,dwell,4,mm,ar1,0.05,0.05,1
209,100,2,sesgada_4nm,50,300,dwell,4,mm,limping,0.05,0.2,1
209,100,2,sesgada_4nm,50,300,dwell,4,pt,ar1,0.05,0.05,1
209,100,2,sesgada_4nm,50,300,dwell,4,pt,limping,0.05,0.2,1
209,100,2,sesgada_4nm,50,300,dwell,4,nsb,ar1,0.05,0.05,1
209,100,2,sesgada_4nm,50,300,dwell,4,nsb,limping,0.05,0.2,1
210,100,2,sesgada_4nm,100,50,paso,4,plugin,ar1,0.046,,0.062
210,100,2,sesgada_4nm,100,50,paso,4,plugin,limping,0.046,,0.074
210,100,2,sesgada_4nm,100,50,paso,4,mm,ar1,0.046,,0.062
210,100,2,sesgada_4nm,100,50,paso,4,mm,limping,0.046,,0.074
210,100,2,sesgada_4nm,100,50,paso,4,pt,ar1,0.046,,0.062
210,100,2,sesgada_4nm,100,50,paso,4,pt,limping,0.046,,0.074
210,100,2,sesgada_4nm,100,50,paso,4,nsb,ar1,0.044,,0.06
210,100,2,sesgada_4nm,100,50,paso,4,nsb,limping,0.044,,0.072
210,100,2,sesgada_4nm,100,50,paso,8,plugin,ar1,0.046,,0.062
210,100,2,sesgada_4nm,100,50,paso,8,plugin,limping,0.046,,0.074
210,100,2,sesgada_4nm,100,50,paso,8,mm,ar1,0.046,,0.062
210,100,2,sesgada_4nm,100,50,paso,8,mm,limping,0.046,,0.074
210,100,2,sesgada_4nm,100,50,paso,8,pt,ar1,0.046,,0.062
210,100,2,sesgada_4nm,100,50,paso,8,pt,limping,0.046,,0.074
210,100,2,sesgada_4nm,100,50,paso,8,nsb,ar1,0.044,,0.06
210,100,2,sesgada_4nm,100,50,paso,8,nsb,limping,0.044,,0.072
210,100,2,sesgada_4nm,100,50,dwell_paso,4,plugin,ar1,0.044,,0.056
210,100,2,sesgada_4nm,100,50,dwell_paso,4,plugin,limping,0.044,,0.064
210,100,2,sesgada_4nm,100,50,dwell_paso,4,mm,ar1,0.044,,0.056
210,100,2,sesgada_4nm,100,50,dwell_paso,4,mm,limping,0.044,,0.064
210,100,2,sesgada_4nm,100,50,dwell_paso,4,pt,ar1,0.044,,0.056
210,100,2,sesgada_4nm,100,50,dwell_paso,4,pt,limping,0.044,,0.064
210,100,2,sesgada_4nm,100,50,dwell_paso,4,nsb,ar1,0.044,,0.058
210,100,2,sesgada_4nm,100,50,dwell_paso,4,nsb,limping,0.044,,0.064
211,100,2,sesgada_4nm,100,100,evento,4,plugin,ar1,0.05,0.1,1
211,100,2,sesgada_4nm,100,100,evento,4,plugin,limping,0.05,0.35,1
211,100,2,sesgada_4nm,100,100,evento,4,mm,ar1,0.05,0.1,1
211,100,2,sesgada_4nm,100,100,evento,4,mm,limping,0.05,0.35,1
211,100,2,sesgada_4nm,100,100,evento,4,pt,ar1,0.05,0.1,1
211,100,2,sesgada_4nm,100,100,evento,4,pt,limping,0.05,0.35,1
211,100,2,sesgada_4nm,100,100,evento,4,nsb,ar1,0.05,0.1,1
211,100,2,sesgada_4nm,100,100,evento,4,nsb,limping,0.05,0.35,1
211,100,2,sesgada_4nm,100,100,dwell,4,plugin,ar1,0.03,0.05,1
211,100,2,sesgada_4nm,100,100,dwell,4,plugin,limping,0.03,0.2,1
211,100,2,sesgada_4nm,100,100,dwell,4,mm,ar1,0.03,0.05,1
211,100,2,sesgada_4nm,100,100,dwell,4,mm,limping,0.03,0.2,1
211,100,2,sesgada_4nm,100,100,dwell,4,pt,ar1,0.03,0.05,1
211,100,2,sesgada_4nm,100,100,dwell,4,pt,limping,0.03,0.2,1
211,100,2,sesgada_4nm,100,100,dwell,4,nsb,ar1,0.03,0.05,1
211,100,2,sesgada_4nm,100,100,dwell,4,nsb,limping,0.03,0.2,1
211,100,2,sesgada_4nm,100,100,paso,4,plugin,ar1,0.038,,0.064
211,100,2,sesgada_4nm,100,100,paso,4,plugin,limping,0.038,,0.06
211,100,2,sesgada_4nm,100,100,paso,4,mm,ar1,0.038,,0.064
211,100,2,sesgada_4nm,100,100,paso,4,mm,limping,0.038,,0.06
211,100,2,sesgada_4nm,100,100,paso,4,pt,ar1,0.038,,0.064
211,100,2,sesgada_4nm,100,100,paso,4,pt,limping,0.038,,0.06
211,100,2,sesgada_4nm,100,100,paso,4,nsb,ar1,0.038,,0.066
211,100,2,sesgada_4nm,100,100,paso,4,nsb,limping,0.038,,0.058
211,100,2,sesgada_4nm,100,100,paso,8,plugin,ar1,0.038,,0.064
211,100,2,sesgada_4nm,100,100,paso,8,plugin,limping,0.038,,0.06
211,100,2,sesgada_4nm,100,100,paso,8,mm,ar1,0.038,,0.064
211,100,2,sesgada_4nm,100,100,paso,8,mm,limping,0.038,,0.06
211,100,2,sesgada_4nm,100,100,paso,8,pt,ar1,0.038,,0.064
211,100,2,sesgada_4nm,100,100,paso,8,pt,limping,0.038,,0.06
211,100,2,sesgada_4nm,100,100,paso,8,nsb,ar1,0.038,,0.066
211,100,2,sesgada_4nm,100,100,paso,8,nsb,limping,0.038,,0.058
212,100,2,sesgada_4nm,100,300,evento,4,plugin,ar1,0.05,0.05,1
212,100,2,sesgada_4nm,100,300,evento,4,plugin,limping,0.05,0.2,1
212,100,2,sesgada_4nm,100,300,evento,4,mm,ar1,0.05,0.05,1
212,100,2,sesgada_4nm,100,300,evento,4,mm,limping,0.05,0.2,1
212,100,2,sesgada_4nm,100,300,evento,4,pt,ar1,0.05,0.05,1
212,100,2,sesgada_4nm,100,300,evento,4,pt,limping,0.05,0.2,1
212,100,2,sesgada_4nm,100,300,evento,4,nsb,ar1,0.046,0.05,1
212,100,2,sesgada_4nm,100,300,evento,4,nsb,limping,0.046,0.2,1
212,100,2,sesgada_4nm,100,300,evento,8,plugin,ar1,0.034,0.1,1
212,100,2,sesgada_4nm,100,300,evento,8,plugin,limping,0.034,0.2,1
212,100,2,sesgada_4nm,100,300,evento,8,mm,ar1,0.034,0.1,1
212,100,2,sesgada_4nm,100,300,evento,8,mm,limping,0.034,0.2,1
212,100,2,sesgada_4nm,100,300,evento,8,pt,ar1,0.034,0.1,1
212,100,2,sesgada_4nm,100,300,evento,8,pt,limping,0.034,0.2,1
212,100,2,sesgada_4nm,100,300,evento,8,nsb,ar1,0.036,0.1,1
212,100,2,sesgada_4nm,100,300,evento,8,nsb,limping,0.036,0.2,1
212,100,2,sesgada_4nm,100,300,dwell,4,plugin,ar1,0.044,0.05,1
212,100,2,sesgada_4nm,100,300,dwell,4,plugin,limping,0.044,0.2,1
212,100,2,sesgada_4nm,100,300,dwell,4,mm,ar1,0.044,0.05,1
212,100,2,sesgada_4nm,100,300,dwell,4,mm,limping,0.044,0.2,1
212,100,2,sesgada_4nm,100,300,dwell,4,pt,ar1,0.044,0.05,1
212,100,2,sesgada_4nm,100,300,dwell,4,pt,limping,0.044,0.2,1
212,100,2,sesgada_4nm,100,300,dwell,4,nsb,ar1,0.044,0.05,1
212,100,2,sesgada_4nm,100,300,dwell,4,nsb,limping,0.044,0.2,1
212,100,2,sesgada_4nm,100,300,dwell,8,plugin,ar1,0.042,0.05,1
212,100,2,sesgada_4nm,100,300,dwell,8,plugin,limping,0.042,0.2,1
212,100,2,sesgada_4nm,100,300,dwell,8,mm,ar1,0.042,0.05,1
212,100,2,sesgada_4nm,100,300,dwell,8,mm,limping,0.042,0.2,1
212,100,2,sesgada_4nm,100,300,dwell,8,pt,ar1,0.042,0.05,1
212,100,2,sesgada_4nm,100,300,dwell,8,pt,limping,0.042,0.2,1
212,100,2,sesgada_4nm,100,300,dwell,8,nsb,ar1,0.04,0.05,1
212,100,2,sesgada_4nm,100,300,dwell,8,nsb,limping,0.04,0.2,1
212,100,2,sesgada_4nm,100,300,dwell_paso,4,plugin,ar1,0.042,,0.058
212,100,2,sesgada_4nm,100,300,dwell_paso,4,plugin,limping,0.042,,0.064
212,100,2,sesgada_4nm,100,300,dwell_paso,4,mm,ar1,0.042,,0.058
212,100,2,sesgada_4nm,100,300,dwell_paso,4,mm,limping,0.042,,0.064
212,100,2,sesgada_4nm,100,300,dwell_paso,4,pt,ar1,0.042,,0.058
212,100,2,sesgada_4nm,100,300,dwell_paso,4,pt,limping,0.042,,0.064
212,100,2,sesgada_4nm,100,300,dwell_paso,4,nsb,ar1,0.042,,0.058
212,100,2,sesgada_4nm,100,300,dwell_paso,4,nsb,limping,0.042,,0.064
212,100,2,sesgada_4nm,100,300,dwell_paso,8,plugin,ar1,0.042,,0.076
212,100,2,sesgada_4nm,100,300,dwell_paso,8,plugin,limping,0.042,,0.07
212,100,2,sesgada_4nm,100,300,dwell_paso,8,mm,ar1,0.042,,0.076
212,100,2,sesgada_4nm,100,300,dwell_paso,8,mm,limping,0.042,,0.07
212,100,2,sesgada_4nm,100,300,dwell_paso,8,pt,ar1,0.042,,0.076
212,100,2,sesgada_4nm,100,300,dwell_paso,8,pt,limping,0.042,,0.07
212,100,2,sesgada_4nm,100,300,dwell_paso,8,nsb,ar1,0.042,,0.076
212,100,2,sesgada_4nm,100,300,dwell_paso,8,nsb,limping,0.042,,0.072
213,100,2,sesgada_4nm,200,50,evento,8,plugin,ar1,0.044,0.2,1
213,100,2,sesgada_4nm,200,50,evento,8,plugin,limping,0.044,0.35,1
213,100,2,sesgada_4nm,200,50,evento,8,mm,ar1,0.048,0.2,1
213,100,2,sesgada_4nm,200,50,evento,8,mm,limping,0.048,0.35,1
213,100,2,sesgada_4nm,200,50,evento,8,pt,ar1,0.044,0.2,1
213,100,2,sesgada_4nm,200,50,evento,8,pt,limping,0.044,0.35,1
213,100,2,sesgada_4nm,200,50,evento,8,nsb,ar1,0.04,0.2,1
213,100,2,sesgada_4nm,200,50,evento,8,nsb,limping,0.04,0.35,1
213,100,2,sesgada_4nm,200,50,dwell,4,nsb,ar1,0.05,0.05,1
213,100,2,sesgada_4nm,200,50,dwell,4,nsb,limping,0.05,0.2,1
213,100,2,sesgada_4nm,200,50,dwell_paso,4,plugin,ar1,0.042,,0.052
213,100,2,sesgada_4nm,200,50,dwell_paso,4,plugin,limping,0.042,,0.068
213,100,2,sesgada_4nm,200,50,dwell_paso,4,mm,ar1,0.042,,0.052
213,100,2,sesgada_4nm,200,50,dwell_paso,4,mm,limping,0.042,,0.068
213,100,2,sesgada_4nm,200,50,dwell_paso,4,pt,ar1,0.042,,0.052
213,100,2,sesgada_4nm,200,50,dwell_paso,4,pt,limping,0.042,,0.068
213,100,2,sesgada_4nm,200,50,dwell_paso,4,nsb,ar1,0.042,,0.052
213,100,2,sesgada_4nm,200,50,dwell_paso,4,nsb,limping,0.042,,0.068
213,100,2,sesgada_4nm,200,50,dwell_paso,8,plugin,ar1,0.05,,0.056
213,100,2,sesgada_4nm,200,50,dwell_paso,8,plugin,limping,0.05,,0.054
213,100,2,sesgada_4nm,200,50,dwell_paso,8,mm,ar1,0.05,,0.056
213,100,2,sesgada_4nm,200,50,dwell_paso,8,mm,limping,0.05,,0.054
213,100,2,sesgada_4nm,200,50,dwell_paso,8,pt,ar1,0.05,,0.056
213,100,2,sesgada_4nm,200,50,dwell_paso,8,pt,limping,0.05,,0.054
213,100,2,sesgada_4nm,200,50,dwell_paso,8,nsb,ar1,0.05,,0.056
213,100,2,sesgada_4nm,200,50,dwell_paso,8,nsb,limping,0.05,,0.054
214,100,2,sesgada_4nm,200,100,evento,4,nsb,ar1,0.048,0.1,1
214,100,2,sesgada_4nm,200,100,evento,4,nsb,limping,0.048,0.2,1
214,100,2,sesgada_4nm,200,100,evento,8,plugin,ar1,0.046,0.1,1
214,100,2,sesgada_4nm,200,100,evento,8,plugin,limping,0.046,0.2,1
214,100,2,sesgada_4nm,200,100,evento,8,mm,ar1,0.04,0.1,1
214,100,2,sesgada_4nm,200,100,evento,8,mm,limping,0.04,0.2,1
214,100,2,sesgada_4nm,200,100,evento,8,pt,ar1,0.046,0.1,1
214,100,2,sesgada_4nm,200,100,evento,8,pt,limping,0.046,0.2,1
214,100,2,sesgada_4nm,200,100,evento,8,nsb,ar1,0.046,0.1,1
214,100,2,sesgada_4nm,200,100,evento,8,nsb,limping,0.046,0.2,1
214,100,2,sesgada_4nm,200,100,dwell,4,plugin,ar1,0.044,0.05,1
214,100,2,sesgada_4nm,200,100,dwell,4,plugin,limping,0.044,0.2,1
214,100,2,sesgada_4nm,200,100,dwell,4,mm,ar1,0.044,0.05,1
214,100,2,sesgada_4nm,200,100,dwell,4,mm,limping,0.044,0.2,1
214,100,2,sesgada_4nm,200,100,dwell,4,pt,ar1,0.044,0.05,1
214,100,2,sesgada_4nm,200,100,dwell,4,pt,limping,0.044,0.2,1
214,100,2,sesgada_4nm,200,100,dwell,4,nsb,ar1,0.044,0.05,1
214,100,2,sesgada_4nm,200,100,dwell,4,nsb,limping,0.044,0.2,1
214,100,2,sesgada_4nm,200,100,dwell,8,plugin,ar1,0.034,0.05,1
214,100,2,sesgada_4nm,200,100,dwell,8,plugin,limping,0.034,0.2,1
214,100,2,sesgada_4nm,200,100,dwell,8,mm,ar1,0.034,0.05,1
214,100,2,sesgada_4nm,200,100,dwell,8,mm,limping,0.034,0.2,1
214,100,2,sesgada_4nm,200,100,dwell,8,pt,ar1,0.034,0.05,1
214,100,2,sesgada_4nm,200,100,dwell,8,pt,limping,0.034,0.2,1
214,100,2,sesgada_4nm,200,100,dwell,8,nsb,ar1,0.036,0.05,1
214,100,2,sesgada_4nm,200,100,dwell,8,nsb,limping,0.036,0.2,1
215,100,2,sesgada_4nm,200,300,evento,8,plugin,ar1,0.048,0.05,1
215,100,2,sesgada_4nm,200,300,evento,8,plugin,limping,0.048,0.2,1
215,100,2,sesgada_4nm,200,300,evento,8,mm,ar1,0.048,0.05,1
215,100,2,sesgada_4nm,200,300,evento,8,mm,limping,0.048,0.2,1
215,100,2,sesgada_4nm,200,300,evento,8,pt,ar1,0.048,0.05,1
215,100,2,sesgada_4nm,200,300,evento,8,pt,limping,0.048,0.2,1
215,100,2,sesgada_4nm,200,300,evento,8,nsb,ar1,0.05,0.05,1
215,100,2,sesgada_4nm,200,300,evento,8,nsb,limping,0.05,0.2,1
215,100,2,sesgada_4nm,200,300,dwell,4,plugin,ar1,0.034,0.05,1
215,100,2,sesgada_4nm,200,300,dwell,4,plugin,limping,0.034,0.1,1
215,100,2,sesgada_4nm,200,300,dwell,4,mm,ar1,0.034,0.05,1
215,100,2,sesgada_4nm,200,300,dwell,4,mm,limping,0.034,0.1,1
215,100,2,sesgada_4nm,200,300,dwell,4,pt,ar1,0.034,0.05,1
215,100,2,sesgada_4nm,200,300,dwell,4,pt,limping,0.034,0.1,1
215,100,2,sesgada_4nm,200,300,dwell,4,nsb,ar1,0.034,0.05,1
215,100,2,sesgada_4nm,200,300,dwell,4,nsb,limping,0.034,0.1,1
215,100,2,sesgada_4nm,200,300,paso,4,plugin,ar1,0.048,,0.062
215,100,2,sesgada_4nm,200,300,paso,4,plugin,limping,0.048,,0.054
215,100,2,sesgada_4nm,200,300,paso,4,mm,ar1,0.048,,0.062
215,100,2,sesgada_4nm,200,300,paso,4,mm,limping,0.048,,0.054
215,100,2,sesgada_4nm,200,300,paso,4,pt,ar1,0.048,,0.062
215,100,2,sesgada_4nm,200,300,paso,4,pt,limping,0.048,,0.054
215,100,2,sesgada_4nm,200,300,paso,4,nsb,ar1,0.05,,0.062
215,100,2,sesgada_4nm,200,300,paso,4,nsb,limping,0.05,,0.054
215,100,2,sesgada_4nm,200,300,paso,8,plugin,ar1,0.048,,0.062
215,100,2,sesgada_4nm,200,300,paso,8,plugin,limping,0.048,,0.054
215,100,2,sesgada_4nm,200,300,paso,8,mm,ar1,0.048,,0.062
215,100,2,sesgada_4nm,200,300,paso,8,mm,limping,0.048,,0.054
215,100,2,sesgada_4nm,200,300,paso,8,pt,ar1,0.048,,0.062
215,100,2,sesgada_4nm,200,300,paso,8,pt,limping,0.048,,0.054
215,100,2,sesgada_4nm,200,300,paso,8,nsb,ar1,0.05,,0.062
215,100,2,sesgada_4nm,200,300,paso,8,nsb,limping,0.05,,0.054
