constructo,cond,id_celda_real,variante,nulo,canal,k,estimador,n_trazas,n_pares,im_obs,umbral_p95,nulo_media,nulo_sd,p_perm,rechaza,p_holm,confirma
E215C,10uM,0,centros_4_8_16,orden,evento,4,plugin,194,1287,0.375426,0.103087,0.0873685,0.00954074,0.000999001,True,0.002997,True
E215C,10uM,0,centros_4_8_16,orden,evento,4,mm,194,1287,0.320498,0.0463012,0.0299023,0.0100406,0.000999001,True,0.002997,True
E215C,10uM,0,centros_4_8_16,orden,evento,4,pt,194,1287,0.308167,0.0358286,0.02011,0.00954074,0.000999001,True,0.002997,True
E215C,10uM,0,centros_4_8_16,orden,evento,4,nsb,194,1287,0.297945,0.0289536,0.0123079,0.00990252,0.000999001,True,0.002997,True
E215C,10uM,0,centros_4_8_16,orden,dwell,4,plugin,194,1287,0.023361,0.0106837,0.00609305,0.00260697,0.000999001,True,0.002997,True
E215C,10uM,0,centros_4_8_16,orden,dwell,4,mm,194,1287,0.0183167,0.00563931,0.00104866,0.00260697,0.000999001,True,0.002997,True
E215C,10uM,0,centros_4_8_16,orden,dwell,4,pt,194,1287,0.0183167,0.00563931,0.00104866,0.00260697,0.000999001,True,0.002997,True
E215C,10uM,0,centros_4_8_16,orden,dwell,4,nsb,194,1287,0.0151466,0.00308747,0.000579782,0.00133998,0.000999001,True,0.002997,True
E215C,10uM,0,centros_4_8_16,orden,paso,4,plugin,194,1287,0.0964703,0.017774,0.0106646,0.00373848,0.000999001,True,0.002997,True
E215C,10uM,0,centros_4_8_16,orden,paso,4,mm,194,1287,0.0942284,0.0155321,0.00842263,0.00373848,0.000999001,True,0.002997,True
E215C,10uM,0,centros_4_8_16,orden,paso,4,pt,194,1287,0.0942284,0.0155321,0.00842263,0.00373848,0.000999001,True,0.002997,True
E215C,10uM,0,centros_4_8_16,orden,paso,4,nsb,194,1287,0.0931894,0.0149613,0.00787872,0.0037198,0.000999001,True,0.002997,True
E215C,10uM,0,centros_4_8_16,orden,dwell_paso,4,plugin,194,1287,0.163801,0.0122742,0.00676108,0.00306853,0.000999001,True,0.002997,True
E215C,10uM,0,centros_4_8_16,orden,dwell_paso,4,mm,194,1287,0.160439,0.00891131,0.00339815,0.00306853,0.000999001,True,0.002997,True
E215C,10uM,0,centros_4_8_16,orden,dwell_paso,4,pt,194,1287,0.160439,0.00891131,0.00339815,0.00306853,0.000999001,True,0.002997,True
E215C,10uM,0,centros_4_8_16,orden,dwell_paso,4,nsb,194,1287,0.157959,0.00746898,0.00195061,0.0030658,0.000999001,True,0.002997,True
E215C,10uM,0,centros_4_8_16,orden,evento,8,plugin,194,1287,0.634621,0.342041,0.314119,0.0163439,0.000999001,True,0.002997,True
E215C,10uM,0,centros_4_8_16,orden,evento,8,mm,194,1287,0.487773,0.173906,0.14389,0.0184854,0.000999001,True,0.002997,True
E215C,10uM,0,centros_4_8_16,orden,evento,8,pt,194,1287,0.398095,0.0790168,0.0458852,0.0208271,0.000999001,True,0.002997,True
E215C,10uM,0,centros_4_8_16,orden,evento,8,nsb,194,1287,0.387588,0.071503,0.0409488,0.0190158,0.000999001,True,0.002997,True
E215C,10uM,0,centros_4_8_16,orden,dwell,8,plugin,194,1287,0.0652281,0.0397921,0.0297067,0.00579112,0.000999001,True,0.002997,True
E215C,10uM,0,centros_4_8_16,orden,dwell,8,mm,194,1287,0.0377642,0.0123282,0.00224282,0.00579112,0.000999001,True,0.002997,True
E215C,10uM,0,centros_4_8_16,orden,dwell,8,pt,194,1287,0.0377642,0.0123282,0.00224282,0.00579112,0.000999001,True,0.002997,True
E215C,10uM,0,centros_4_8_16,orden,dwell,8,nsb,194,1287,0.0313119,0.00695647,0.00238213,0.002418,0.000999001,True,0.002997,True
E215C,10uM,0,centros_4_8_16,orden,paso,8,plugin,194,1287,0.0964703,0.017774,0.0106646,0.00373848,0.000999001,True,0.002997,True
E215C,10uM,0,centros_4_8_16,orden,paso,8,mm,194,1287,0.0942284,0.0155321,0.00842263,0.00373848,0.000999001,True,0.002997,True
E215C,10uM,0,centros_4_8_16,orden,paso,8,pt,194,1287,0.0942284,0.0155321,0.00842263,0.00373848,0.000999001,True,0.002997,True
E215C,10uM,0,centros_4_8_16,orden,paso,8,nsb,194,1287,0.0931894,0.0149613,0.00787872,0.0037198,0.000999001,True,0.002997,True
E215C,10uM,0,centros_4_8_16,orden,dwell_paso,8,plugin,194,1287,0.169272,0.0178951,0.0114416,0.0038431,0.000999001,True,0.002997,True
E215C,10uM,0,centros_4_8_16,orden,dwell_paso,8,mm,194,1287,0.161426,0.0100482,0.00359472,0.0038431,0.000999001,True,0.002997,True
E215C,10uM,0,centros_4_8_16,orden,dwell_paso,8,pt,194,1287,0.161426,0.0100482,0.00359472,0.0038431,0.000999001,True,0.002997,True
E215C,10uM,0,centros_4_8_16,orden,dwell_paso,8,nsb,194,1287,0.157202,0.00775991,0.00124613,0.00387268,0.000999001,True,0.002997,True
E215C,10uM,0,centros_4_8_16,paridad,evento,4,plugin,194,1287,0.375426,0.127451,0.110095,0.0102011,0.000999001,True,0.002997,True
E215C,10uM,0,centros_4_8_16,paridad,evento,4,mm,194,1287,0.320498,0.0705492,0.0527346,0.0107462,0.000999001,True,0.002997,True
E215C,10uM,0,centros_4_8_16,paridad,evento,4,pt,194,1287,0.308167,0.0601921,0.0428364,0.0102011,0.000999001,True,0.002997,True
E215C,10uM,0,centros_4_8_16,paridad,evento,4,nsb,194,1287,0.297945,0.0524359,0.034699,0.0105693,0.000999001,True,0.002997,True
E215C,10uM,0,centros_4_8_16,paridad,dwell,4,plugin,194,1287,0.023361,0.0151764,0.0094343,0.00320965,0.000999001,True,0.002997,True
E215C,10uM,0,centros_4_8_16,paridad,dwell,4,mm,194,1287,0.0183167,0.010132,0.00438992,0.00320965,0.000999001,True,0.002997,True
E215C,10uM,0,centros_4_8_16,paridad,dwell,4,pt,194,1287,0.0183167,0.010132,0.00438992,0.00320965,0.000999001,True,0.002997,True
E215C,10uM,0,centros_4_8_16,paridad,dwell,4,nsb,194,1287,0.0151466,0.00702496,0.00253134,0.00230205,0.000999001,True,0.002997,True
E215C,10uM,0,centros_4_8_16,paridad,paso,4,plugin,194,1287,0.0964703,0.0305262,0.021803,0.00521781,0.000999001,True,0.002997,True
E215C,10uM,0,centros_4_8_16,paridad,paso,4,mm,194,1287,0.0942284,0.0282843,0.0195611,0.00521781,0.000999001,True,0.002997,True
E215C,10uM,0,centros_4_8_16,paridad,paso,4,pt,194,1287,0.0942284,0.0282843,0.0195611,0.00521781,0.000999001,True,0.002997,True
E215C,10uM,0,centros_4_8_16,paridad,paso,4,nsb,194,1287,0.0931894,0.0275626,0.0189397,0.00519056,0.000999001,True,0.002997,True
E215C,10uM,0,centros_4_8_16,paridad,dwell_paso,4,plugin,194,1287,0.163801,0.0154398,0.00879434,0.00369834,0.000999001,True,0.002997,True
E215C,10uM,0,centros_4_8_16,paridad,dwell_paso,4,mm,194,1287,0.160439,0.0120769,0.00543141,0.00369834,0.000999001,True,0.002997,True
E215C,10uM,0,centros_4_8_16,paridad,dwell_paso,4,pt,194,1287,0.160439,0.0120769,0.00543141,0.00369834,0.000999001,True,0.002997,True
E215C,10uM,0,centros_4_8_16,paridad,dwell_paso,4,nsb,194,1287,0.157959,0.010615,0.00398631,0.00367941,0.000999001,True,0.002997,True
E215C,10uM,0,centros_4_8_16,paridad,evento,8,plugin,194,1287,0.634621,0.370716,0.342963,0.0159869,0.000999001,True,0.002997,True
E215C,10uM,0,centros_4_8_16,paridad,evento,8,mm,194,1287,0.487773,0.205321,0.174823,0.0180153,0.000999001,True,0.002997,True
E215C,10uM,0,centros_4_8_16,paridad,evento,8,pt,194,1287,0.398095,0.110772,0.0769616,0.0201006,0.000999001,True,0.002997,True
E215C,10uM,0,centros_4_8_16,paridad,evento,8,nsb,194,1287,0.387588,0.103819,0.0723447,0.0185657,0.000999001,True,0.002997,True
E215C,10uM,0,centros_4_8_16,paridad,dwell,8,plugin,194,1287,0.0652281,0.042227,0.0322901,0.00580349,0.000999001,True,0.002997,True
E215C,10uM,0,centros_4_8_16,paridad,dwell,8,mm,194,1287,0.0377642,0.0147631,0.00482619,0.00580349,0.000999001,True,0.002997,True
E215C,10uM,0,centros_4_8_16,paridad,dwell,8,pt,194,1287,0.0377642,0.0147631,0.00482619,0.00580349,0.000999001,True,0.002997,True
E215C,10uM,0,centros_4_8_16,paridad,dwell,8,nsb,194,1287,0.0313119,0.00873181,0.00339266,0.00281942,0.000999001,True,0.002997,True
E215C,10uM,0,centros_4_8_16,paridad,paso,8,plugin,194,1287,0.0964703,0.0305262,0.021803,0.00521781,0.000999001,True,0.002997,True
E215C,10uM,0,centros_4_8_16,paridad,paso,8,mm,194,1287,0.0942284,0.0282843,0.0195611,0.00521781,0.000999001,True,0.002997,True
E215C,10uM,0,centros_4_8_16,paridad,paso,8,pt,194,1287,0.0942284,0.0282843,0.0195611,0.00521781,0.000999001,True,0.002997,True
E215C,10uM,0,centros_4_8_16,paridad,paso,8,nsb,194,1287,0.0931894,0.0275626,0.0189397,0.00519056,0.000999001,True,0.002997,True
E215C,10uM,0,centros_4_8_16,paridad,dwell_paso,8,plugin,194,1287,0.169272,0.0215361,0.0136735,0.00442361,0.000999001,True,0.002997,True
E215C,10uM,0,centros_4_8_16,paridad,dwell_paso,8,mm,194,1287,0.161426,0.0136892,0.00582663,0.00442361,0.000999001,True,0.002997,True
E215C,10uM,0,centros_4_8_16,paridad,dwell_paso,8,pt,194,1287,0.161426,0.0136892,0.00582663,0.00442361,0.000999001,True,0.002997,True
E215C,10uM,0,centros_4_8_16,paridad,dwell_paso,8,nsb,194,1287,0.157202,0.0112723,0.00347761,0.00440231,0.000999001,True,0.002997,True
E215C,10uM,0,terciles,orden,evento,4,plugin,194,1287,0.296344,0.0999197,0.0842359,0.00964322,0.000999001,True,0.002997,True
E215C,10uM,0,terciles,orden,evento,4,mm,194,1287,0.237493,0.0388125,0.0223065,0.00995261,0.000999001,True,0.002997,True
E215C,10uM,0,terciles,orden,evento,4,pt,194,1287,0.229086,0.0326612,0.0169785,0.00964427,0.000999001,True,0.002997,True
E215C,10uM,0,terciles,orden,evento,4,nsb,194,1287,0.224788,0.0273332,0.0113776,0.00982474,0.000999001,True,0.002997,True
E215C,10uM,0,terciles,orden,dwell,4,plugin,194,1287,0.023361,0.0106837,0.00609305,0.00260697,0.000999001,True,0.002997,True
E215C,10uM,0,terciles,orden,dwell,4,mm,194,1287,0.0183167,0.00563931,0.00104866,0.00260697,0.000999001,True,0.002997,True
E215C,10uM,0,terciles,orden,dwell,4,pt,194,1287,0.0183167,0.00563931,0.00104866,0.00260697,0.000999001,True,0.002997,True
E215C,10uM,0,terciles,orden,dwell,4,nsb,194,1287,0.0151466,0.00308747,0.000579782,0.00133998,0.000999001,True,0.002997,True
E215C,10uM,0,terciles,orden,paso,4,plugin,194,1287,0.0649257,0.0141661,0.00791149,0.00342946,0.000999001,True,0.002997,True
E215C,10uM,0,terciles,orden,paso,4,mm,194,1287,0.0626837,0.0119241,0.00566954,0.00342946,0.000999001,True,0.002997,True
E215C,10uM,0,terciles,orden,paso,4,pt,194,1287,0.0626837,0.0119241,0.00566954,0.00342946,0.000999001,True,0.002997,True
E215C,10uM,0,terciles,orden,paso,4,nsb,194,1287,0.0608084,0.0100259,0.00417972,0.00307902,0.000999001,True,0.002997,True
E215C,10uM,0,terciles,orden,dwell_paso,4,plugin,194,1287,0.135799,0.0120532,0.00626721,0.00309797,0.000999001,True,0.002997,True
E215C,10uM,0,terciles,orden,dwell_paso,4,mm,194,1287,0.132436,0.00869032,0.00290429,0.00309797,0.000999001,True,0.002997,True
E215C,10uM,0,terciles,orden,dwell_paso,4,pt,194,1287,0.132436,0.00869032,0.00290429,0.00309797,0.000999001,True,0.002997,True
E215C,10uM,0,terciles,orden,dwell_paso,4,nsb,194,1287,0.130327,0.00621328,0.00174088,0.0022788,0.000999001,True,0.002997,True
E215C,10uM,0,terciles,orden,evento,8,plugin,194,1287,0.546334,0.356045,0.326848,0.0176509,0.000999001,True,0.002997,True
E215C,10uM,0,terciles,orden,evento,8,mm,194,1287,0.349042,0.141178,0.108717,0.0200151,0.000999001,True,0.002997,True
E215C,10uM,0,terciles,orden,evento,8,pt,194,1287,0.253199,0.0601076,0.0309103,0.0176509,0.000999001,True,0.002997,True
E215C,10uM,0,terciles,orden,evento,8,nsb,194,1287,0.234838,0.026195,-0.00624892,0.0196255,0.000999001,True,0.002997,True
E215C,10uM,0,terciles,orden,dwell,8,plugin,194,1287,0.0652281,0.0397921,0.0297067,0.00579112,0.000999001,True,0.002997,True
E215C,10uM,0,terciles,orden,dwell,8,mm,194,1287,0.0377642,0.0123282,0.00224282,0.00579112,0.000999001,True,0.002997,True
E215C,10uM,0,terciles,orden,dwell,8,pt,194,1287,0.0377642,0.0123282,0.00224282,0.00579112,0.000999001,True,0.002997,True
E215C,10uM,0,terciles,orden,dwell,8,nsb,194,1287,0.0313119,0.00695647,0.00238213,0.002418,0.000999001,True,0.002997,True
E215C,10uM,0,terciles,orden,paso,8,plugin,194,1287,0.0649257,0.0141661,0.00791149,0.00342946,0.000999001,True,0.002997,True
E215C,10uM,0,terciles,orden,paso,8,mm,194,1287,0.0626837,0.0119241,0.00566954,0.00342946,0.000999001,True,0.002997,True
E215C,10uM,0,terciles,orden,paso,8,pt,194,1287,0.0626837,0.0119241,0.00566954,0.00342946,0.000999001,True,0.002997,True
E215C,10uM,0,terciles,orden,paso,8,nsb,194,1287,0.0608084,0.0100259,0.00417972,0.00307902,0.000999001,True,0.002997,True
E215C,10uM,0,terciles,orden,dwell_paso,8,plugin,194,1287,0.14572,0.0183987,0.0115559,0.00396648,0.000999001,True,0.002997,True
E215C,10uM,0,terciles,orden,dwell_paso,8,mm,194,1287,0.137873,0.0105519,0.00370904,0.00396648,0.000999001,True,0.002997,True
E215C,10uM,0,terciles,orden,dwell_paso,8,pt,194,1287,0.137873,0.0105519,0.00370904,0.00396648,0.000999001,True,0.002997,True
E215C,10uM,0,terciles,orden,dwell_paso,8,nsb,194,1287,0.134647,0.0064475,0.00212685,0.0023795,0.000999001,True,0.002997,True
E215C,10uM,0,terciles,paridad,evento,4,plugin,194,1287,0.296344,0.122845,0.10522,0.0105371,0.000999001,True,0.002997,True
E215C,10uM,0,terciles,paridad,evento,4,mm,194,1287,0.237493,0.0615376,0.0433329,0.0108426,0.000999001,True,0.002997,True
E215C,10uM,0,terciles,paridad,evento,4,pt,194,1287,0.229086,0.0555863,0.0379618,0.0105371,0.000999001,True,0.002997,True
E215C,10uM,0,terciles,paridad,evento,4,nsb,194,1287,0.224788,0.0511221,0.0333139,0.010674,0.000999001,True,0.002997,True
E215C,10uM,0,terciles,paridad,dwell,4,plugin,194,1287,0.023361,0.0151764,0.0094343,0.00320965,0.000999001,True,0.002997,True
E215C,10uM,0,terciles,paridad,dwell,4,mm,194,1287,0.0183167,0.010132,0.00438992,0.00320965,0.000999001,True,0.002997,True
E215C,10uM,0,terciles,paridad,dwell,4,pt,194,1287,0.0183167,0.010132,0.00438992,0.00320965,0.000999001,True,0.002997,True
E215C,10uM,0,terciles,paridad,dwell,4,nsb,194,1287,0.0151466,0.00702496,0.00253134,0.00230205,0.000999001,True,0.002997,True
E215C,10uM,0,terciles,paridad,paso,4,plugin,194,1287,0.0649257,0.0218868,0.014336,0.00434439,0.000999001,True,0.002997,True
E215C,10uM,0,terciles,paridad,paso,4,mm,194,1287,0.0626837,0.0196448,0.0120941,0.00434439,0.000999001,True,0.002997,True
E215C,10uM,0,terciles,paridad,paso,4,pt,194,1287,0.0626837,0.0196448,0.0120941,0.00434439,0.000999001,True,0.002997,True
E215C,10uM,0,terciles,paridad,paso,4,nsb,194,1287,0.0608084,0.0177111,0.0102563,0.00427766,0.000999001,True,0.002997,True
E215C,10uM,0,terciles,paridad,dwell_paso,4,plugin,194,1287,0.135799,0.0156832,0.00888792,0.00361663,0.000999001,True,0.002997,True
E215C,10uM,0,terciles,paridad,dwell_paso,4,mm,194,1287,0.132436,0.0123203,0.005525,0.00361663,0.000999001,True,0.002997,True
E215C,10uM,0,terciles,paridad,dwell_paso,4,pt,194,1287,0.132436,0.0123203,0.005525,0.00361663,0.000999001,True,0.002997,True
E215C,10uM,0,terciles,paridad,dwell_paso,4,nsb,194,1287,0.130327,0.00978738,0.00370254,0.00305898,0.000999001,True,0.002997,True
E215C,10uM,0,terciles,paridad,evento,8,plugin,194,1287,0.546334,0.380956,0.35184,0.0176796,0.000999001,True,0.002997,True
E215C,10uM,0,terciles,paridad,evento,8,mm,194,1287,0.349042,0.170005,0.136333,0.0200762,0.000999001,True,0.002997,True
E215C,10uM,0,terciles,paridad,evento,8,pt,194,1287,0.253199,0.0850182,0.0559023,0.0176796,0.000999001,True,0.002997,True
E215C,10uM,0,terciles,paridad,evento,8,nsb,194,1287,0.234838,0.0539017,0.0214753,0.0196312,0.000999001,True,0.002997,True
E215C,10uM,0,terciles,paridad,dwell,8,plugin,194,1287,0.0652281,0.042227,0.0322901,0.00580349,0.000999001,True,0.002997,True
E215C,10uM,0,terciles,paridad,dwell,8,mm,194,1287,0.0377642,0.0147631,0.00482619,0.00580349,0.000999001,True,0.002997,True
E215C,10uM,0,terciles,paridad,dwell,8,pt,194,1287,0.0377642,0.0147631,0.00482619,0.00580349,0.000999001,True,0.002997,True
E215C,10uM,0,terciles,paridad,dwell,8,nsb,194,1287,0.0313119,0.00873181,0.00339266,0.00281942,0.000999001,True,0.002997,True
E215C,10uM,0,terciles,paridad,paso,8,plugin,194,1287,0.0649257,0.0218868,0.014336,0.00434439,0.000999001,True,0.002997,True
E215C,10uM,0,terciles,paridad,paso,8,mm,194,1287,0.0626837,0.0196448,0.0120941,0.00434439,0.000999001,True,0.002997,True
E215C,10uM,0,terciles,paridad,paso,8,pt,194,1287,0.0626837,0.0196448,0.0120941,0.00434439,0.000999001,True,0.002997,True
E215C,10uM,0,terciles,paridad,paso,8,nsb,194,1287,0.0608084,0.0177111,0.0102563,0.00427766,0.000999001,True,0.002997,True
E215C,10uM,0,terciles,paridad,dwell_paso,8,plugin,194,1287,0.14572,0.0218051,0.0140886,0.0044231,0.000999001,True,0.002997,True
E215C,10uM,0,terciles,paridad,dwell_paso,8,mm,194,1287,0.137873,0.0139582,0.00624178,0.0044231,0.000999001,True,0.002997,True
E215C,10uM,0,terciles,paridad,dwell_paso,8,pt,194,1287,0.137873,0.0139582,0.00624178,0.0044231,0.000999001,True,0.002997,True
E215C,10uM,0,terciles,paridad,dwell_paso,8,nsb,194,1287,0.134647,0.00974744,0.00368805,0.00320558,0.000999001,True,0.002997,True
E215C,100uM,1,centros_4_8_16,orden,evento,4,plugin,60,402,0.276486,0.193702,0.160504,0.0198162,0.000999001,True,0.002997,True
E215C,100uM,1,centros_4_8_16,orden,evento,4,mm,60,402,0.215476,0.129036,0.0920637,0.0220883,0.000999001,True,0.002997,True
E215C,100uM,1,centros_4_8_16,orden,evento,4,pt,60,402,0.161644,0.0716719,0.0273254,0.0258154,0.000999001,True,0.002997,True
E215C,100uM,1,centros_4_8_16,orden,evento,4,nsb,60,402,0.16717,0.0809688,0.0401636,0.024095,0.000999001,True,0.002997,True
E215C,100uM,1,centros_4_8_16,orden,dwell,4,plugin,60,402,0.0382103,0.0282954,0.0152988,0.00733586,0.011988,True,0.023976,True
E215C,100uM,1,centros_4_8_16,orden,dwell,4,mm,60,402,0.0220607,0.0121458,-0.000850734,0.00733586,0.011988,True,0.023976,True
E215C,100uM,1,centros_4_8_16,orden,dwell,4,pt,60,402,0.0220607,0.0121458,-0.000850734,0.00733586,0.011988,True,0.023976,True
E215C,100uM,1,centros_4_8_16,orden,dwell,4,nsb,60,402,0.0131685,0.00594217,0.000190837,0.00330212,0.011988,True,0.023976,True
E215C,100uM,1,centros_4_8_16,orden,paso,4,plugin,60,402,0.0522698,0.0284413,0.014039,0.00774295,0.000999001,True,0.002997,True
E215C,100uM,1,centros_4_8_16,orden,paso,4,mm,60,402,0.048681,0.0240581,0.0096732,0.00794663,0.000999001,True,0.002997,True
E215C,100uM,1,centros_4_8_16,orden,paso,4,pt,60,402,0.0468866,0.023285,0.00888725,0.00787526,0.001998,True,0.002997,True
E215C,100uM,1,centros_4_8_16,orden,paso,4,nsb,60,402,0.0461336,0.0211507,0.00719309,0.00790453,0.001998,True,0.002997,True
E215C,100uM,1,centros_4_8_16,orden,dwell_paso,4,plugin,60,402,0.125711,0.0343544,0.0180799,0.0090166,0.000999001,True,0.002997,True
E215C,100uM,1,centros_4_8_16,orden,dwell_paso,4,mm,60,402,0.118534,0.0264722,0.0086916,0.00979603,0.000999001,True,0.002997,True
E215C,100uM,1,centros_4_8_16,orden,dwell_paso,4,pt,60,402,0.116739,0.0254832,0.0084673,0.00951786,0.000999001,True,0.002997,True
E215C,100uM,1,centros_4_8_16,orden,dwell_paso,4,nsb,60,402,0.1102,0.0191076,0.00186707,0.0094276,0.000999001,True,0.002997,True
E215C,100uM,1,centros_4_8_16,orden,evento,8,plugin,60,402,0.606254,0.491842,0.446099,0.028295,0.000999001,True,0.002997,True
E215C,100uM,1,centros_4_8_16,orden,evento,8,mm,60,402,0.444758,0.32321,0.272484,0.0313604,0.000999001,True,0.002997,True
E215C,100uM,1,centros_4_8_16,orden,evento,8,pt,60,402,0.333506,0.217619,0.161388,0.0345319,0.000999001,True,0.002997,True
E215C,100uM,1,centros_4_8_16,orden,evento,8,nsb,60,402,0.25459,0.131199,0.072591,0.0364418,0.000999001,True,0.002997,True
E215C,100uM,1,centros_4_8_16,orden,dwell,8,plugin,60,402,0.159317,0.13283,0.0968455,0.0197436,0.004995,True,0.00999001,True
E215C,100uM,1,centros_4_8_16,orden,dwell,8,mm,60,402,0.0731857,0.0449093,0.00906358,0.0199234,0.004995,True,0.00999001,True
E215C,100uM,1,centros_4_8_16,orden,dwell,8,pt,60,402,0.0731857,0.0449093,0.00905999,0.0199164,0.004995,True,0.00999001,True
E215C,100uM,1,centros_4_8_16,orden,dwell,8,nsb,60,402,0.0381943,0.021685,0.00729204,0.00745073,0.00699301,True,0.013986,True
E215C,100uM,1,centros_4_8_16,orden,paso,8,plugin,60,402,0.0522698,0.0284413,0.014039,0.00774295,0.000999001,True,0.002997,True
E215C,100uM,1,centros_4_8_16,orden,paso,8,mm,60,402,0.048681,0.0240581,0.0096732,0.00794663,0.000999001,True,0.002997,True
E215C,100uM,1,centros_4_8_16,orden,paso,8,pt,60,402,0.0468866,0.023285,0.00888725,0.00787526,0.001998,True,0.002997,True
E215C,100uM,1,centros_4_8_16,orden,paso,8,nsb,60,402,0.0461336,0.0211507,0.00719309,0.00790453,0.001998,True,0.002997,True
E215C,100uM,1,centros_4_8_16,orden,dwell_paso,8,plugin,60,402,0.167645,0.0516138,0.0333475,0.0103351,0.000999001,True,0.002997,True
E215C,100uM,1,centros_4_8_16,orden,dwell_paso,8,mm,60,402,0.151495,0.0343798,0.0146553,0.0111985,0.000999001,True,0.002997,True
E215C,100uM,1,centros_4_8_16,orden,dwell_paso,8,pt,60,402,0.144318,0.028343,0.0100796,0.0104089,0.000999001,True,0.002997,True
E215C,100uM,1,centros_4_8_16,orden,dwell_paso,8,nsb,60,402,0.136955,0.0198768,0.000226451,0.0109555,0.000999001,True,0.002997,True
E215C,100uM,1,centros_4_8_16,paridad,evento,4,plugin,60,402,0.276486,0.215182,0.177026,0.0213109,0.000999001,True,0.002997,True
E215C,100uM,1,centros_4_8_16,paridad,evento,4,mm,60,402,0.215476,0.150591,0.108955,0.0235063,0.000999001,True,0.002997,True
E215C,100uM,1,centros_4_8_16,paridad,evento,4,pt,60,402,0.161644,0.0910774,0.0446173,0.0269767,0.000999001,True,0.002997,True
E215C,100uM,1,centros_4_8_16,paridad,evento,4,nsb,60,402,0.16717,0.101366,0.0567852,0.0254013,0.000999001,True,0.002997,True
E215C,100uM,1,centros_4_8_16,paridad,dwell,4,plugin,60,402,0.0382103,0.0325898,0.017811,0.00783019,0.018981,True,0.037962,True
E215C,100uM,1,centros_4_8_16,paridad,dwell,4,mm,60,402,0.0220607,0.0164402,0.00166146,0.00783019,0.018981,True,0.037962,True
E215C,100uM,1,centros_4_8_16,paridad,dwell,4,pt,60,402,0.0220607,0.0164402,0.00166146,0.00783019,0.018981,True,0.037962,True
E215C,100uM,1,centros_4_8_16,paridad,dwell,4,nsb,60,402,0.0131685,0.00892517,0.00120049,0.00383186,0.018981,True,0.037962,True
E215C,100uM,1,centros_4_8_16,paridad,paso,4,plugin,60,402,0.0522698,0.0378561,0.0214071,0.00899877,0.000999001,True,0.002997,True
E215C,100uM,1,centros_4_8_16,paridad,paso,4,mm,60,402,0.048681,0.0327985,0.0165227,0.00904533,0.000999001,True,0.002997,True
E215C,100uM,1,centros_4_8_16,paridad,paso,4,pt,60,402,0.0468866,0.0322766,0.0159611,0.00898427,0.000999001,True,0.002997,True
E215C,100uM,1,centros_4_8_16,paridad,paso,4,nsb,60,402,0.0461336,0.0301813,0.0138937,0.0089655,0.000999001,True,0.002997,True
E215C,100uM,1,centros_4_8_16,paridad,dwell_paso,4,plugin,60,402,0.125711,0.0409072,0.0226675,0.0104007,0.000999001,True,0.002997,True
E215C,100uM,1,centros_4_8_16,paridad,dwell_paso,4,mm,60,402,0.118534,0.0336613,0.0137332,0.0112471,0.000999001,True,0.002997,True
E215C,100uM,1,centros_4_8_16,paridad,dwell_paso,4,pt,60,402,0.116739,0.0323219,0.0133169,0.0109195,0.000999001,True,0.002997,True
E215C,100uM,1,centros_4_8_16,paridad,dwell_paso,4,nsb,60,402,0.1102,0.0257987,0.00689766,0.0108623,0.000999001,True,0.002997,True
E215C,100uM,1,centros_4_8_16,paridad,evento,8,plugin,60,402,0.606254,0.523251,0.471102,0.0306586,0.000999001,True,0.002997,True
E215C,100uM,1,centros_4_8_16,paridad,evento,8,mm,60,402,0.444758,0.358113,0.299667,0.0340177,0.000999001,True,0.002997,True
E215C,100uM,1,centros_4_8_16,paridad,evento,8,pt,60,402,0.333506,0.251687,0.189356,0.0370627,0.001998,True,0.002997,True
E215C,100uM,1,centros_4_8_16,paridad,evento,8,nsb,60,402,0.25459,0.16765,0.101512,0.0390625,0.000999001,True,0.002997,True
E215C,100uM,1,centros_4_8_16,paridad,dwell,8,plugin,60,402,0.159317,0.143237,0.108245,0.0201482,0.00699301,True,0.013986,True
E215C,100uM,1,centros_4_8_16,paridad,dwell,8,mm,60,402,0.0731857,0.0563202,0.020492,0.0203048,0.004995,True,0.00999001,True
E215C,100uM,1,centros_4_8_16,paridad,dwell,8,pt,60,402,0.0731857,0.0563202,0.0204884,0.0202967,0.004995,True,0.00999001,True
E215C,100uM,1,centros_4_8_16,paridad,dwell,8,nsb,60,402,0.0381943,0.031879,0.0120156,0.00974994,0.024975,True,0.04995,True
E215C,100uM,1,centros_4_8_16,paridad,paso,8,plugin,60,402,0.0522698,0.0378561,0.0214071,0.00899877,0.000999001,True,0.002997,True
E215C,100uM,1,centros_4_8_16,paridad,paso,8,mm,60,402,0.048681,0.0327985,0.0165227,0.00904533,0.000999001,True,0.002997,True
E215C,100uM,1,centros_4_8_16,paridad,paso,8,pt,60,402,0.0468866,0.0322766,0.0159611,0.00898427,0.000999001,True,0.002997,True
E215C,100uM,1,centros_4_8_16,paridad,paso,8,nsb,60,402,0.0461336,0.0301813,0.0138937,0.0089655,0.000999001,True,0.002997,True
E215C,100uM,1,centros_4_8_16,paridad,dwell_paso,8,plugin,60,402,0.167645,0.0617274,0.0405845,0.0118437,0.000999001,True,0.002997,True
E215C,100uM,1,centros_4_8_16,paridad,dwell_paso,8,mm,60,402,0.151495,0.0448211,0.0224504,0.0125369,0.000999001,True,0.002997,True
E215C,100uM,1,centros_4_8_16,paridad,dwell_paso,8,pt,60,402,0.144318,0.0392203,0.0173955,0.0120025,0.000999001,True,0.002997,True
E215C,100uM,1,centros_4_8_16,paridad,dwell_paso,8,nsb,60,402,0.136955,0.0300203,0.0080942,0.0123329,0.000999001,True,0.002997,True
E215C,100uM,1,terciles,orden,evento,4,plugin,60,402,0.358667,0.300324,0.248413,0.0305962,0.000999001,True,0.002997,True
E215C,100uM,1,terciles,orden,evento,4,mm,60,402,0.163077,0.109459,0.0499241,0.03441,0.002997,True,0.002997,True
E215C,100uM,1,terciles,orden,evento,4,pt,60,402,0.143339,0.084996,0.0330855,0.0305962,0.000999001,True,0.002997,True
E215C,100uM,1,terciles,orden,evento,4,nsb,60,402,0.120418,0.0514485,0.00790338,0.0233587,0.000999001,True,0.002997,True
E215C,100uM,1,terciles,orden,dwell,4,plugin,60,402,0.0382103,0.0282954,0.0152988,0.00733586,0.011988,True,0.023976,True
E215C,100uM,1,terciles,orden,dwell,4,mm,60,402,0.0220607,0.0121458,-0.000850734,0.00733586,0.011988,True,0.023976,True
E215C,100uM,1,terciles,orden,dwell,4,pt,60,402,0.0220607,0.0121458,-0.000850734,0.00733586,0.011988,True,0.023976,True
E215C,100uM,1,terciles,orden,dwell,4,nsb,60,402,0.0131685,0.00594217,0.000190837,0.00330212,0.011988,True,0.023976,True
E215C,100uM,1,terciles,orden,paso,4,plugin,60,402,0.049429,0.0271901,0.0133113,0.0076309,0.001998,True,0.002997,True
E215C,100uM,1,terciles,orden,paso,4,mm,60,402,0.0422514,0.0200125,0.0061337,0.0076309,0.001998,True,0.002997,True
E215C,100uM,1,terciles,orden,paso,4,pt,60,402,0.0422514,0.0200125,0.0061337,0.0076309,0.001998,True,0.002997,True
E215C,100uM,1,terciles,orden,paso,4,nsb,60,402,0.0358568,0.0144755,0.00402608,0.00546509,0.001998,True,0.002997,True
E215C,100uM,1,terciles,orden,dwell_paso,4,plugin,60,402,0.11691,0.0316499,0.0154227,0.00807227,0.000999001,True,0.002997,True
E215C,100uM,1,terciles,orden,dwell_paso,4,mm,60,402,0.106143,0.0208835,0.00465635,0.00807227,0.000999001,True,0.002997,True
E215C,100uM,1,terciles,orden,dwell_paso,4,pt,60,402,0.106143,0.0208835,0.00465635,0.00807227,0.000999001,True,0.002997,True
E215C,100uM,1,terciles,orden,dwell_paso,4,nsb,60,402,0.0965339,0.0137544,0.00281314,0.00496716,0.000999001,True,0.002997,True
E215C,100uM,1,terciles,orden,evento,8,plugin,60,402,1.12448,1.07086,1.00585,0.0385486,0.003996,True,0.003996,True
E215C,100uM,1,terciles,orden,evento,8,mm,60,402,0.733304,0.667026,0.585098,0.0492563,0.003996,True,0.003996,True
E215C,100uM,1,terciles,orden,evento,8,pt,60,402,0.290088,0.198516,0.0782207,0.063577,0.003996,True,0.003996,True
E215C,100uM,1,terciles,orden,evento,8,nsb,60,402,0.190901,0.0977134,0.0108492,0.0463642,0.003996,True,0.003996,True
E215C,100uM,1,terciles,orden,dwell,8,plugin,60,402,0.159317,0.13283,0.0968455,0.0197436,0.004995,True,0.00999001,True
E215C,100uM,1,terciles,orden,dwell,8,mm,60,402,0.0731857,0.0449093,0.00906358,0.0199234,0.004995,True,0.00999001,True
E215C,100uM,1,terciles,orden,dwell,8,pt,60,402,0.0731857,0.0449093,0.00905999,0.0199164,0.004995,True,0.00999001,True
E215C,100uM,1,terciles,orden,dwell,8,nsb,60,402,0.0381943,0.021685,0.00729204,0.00745073,0.00699301,True,0.013986,True
E215C,100uM,1,terciles,orden,paso,8,plugin,60,402,0.049429,0.0271901,0.0133113,0.0076309,0.001998,True,0.002997,True
E215C,100uM,1,terciles,orden,paso,8,mm,60,402,0.0422514,0.0200125,0.0061337,0.0076309,0.001998,True,0.002997,True
E215C,100uM,1,terciles,orden,paso,8,pt,60,402,0.0422514,0.0200125,0.0061337,0.0076309,0.001998,True,0.002997,True
E215C,100uM,1,terciles,orden,paso,8,nsb,60,402,0.0358568,0.0144755,0.00402608,0.00546509,0.001998,True,0.002997,True
E215C,100uM,1,terciles,orden,dwell_paso,8,plugin,60,402,0.146302,0.0494547,0.0295516,0.0108957,0.000999001,True,0.002997,True
E215C,100uM,1,terciles,orden,dwell_paso,8,mm,60,402,0.121181,0.0243332,0.00443005,0.0108957,0.000999001,True,0.002997,True
E215C,100uM,1,terciles,orden,dwell_paso,8,pt,60,402,0.121181,0.0243332,0.00443005,0.0108957,0.000999001,True,0.002997,True
E215C,100uM,1,terciles,orden,dwell_paso,8,nsb,60,402,0.106289,0.0131959,0.00321049,0.00496998,0.000999001,True,0.002997,True
E215C,100uM,1,terciles,paridad,evento,4,plugin,60,402,0.358667,0.320752,0.27149,0.0305043,0.001998,True,0.002997,True
E215C,100uM,1,terciles,paridad,evento,4,mm,60,402,0.163077,0.131317,0.0743952,0.0342638,0.00599401,True,0.00599401,True
E215C,100uM,1,terciles,paridad,evento,4,pt,60,402,0.143339,0.105425,0.0561623,0.0305043,0.001998,True,0.002997,True
E215C,100uM,1,terciles,paridad,evento,4,nsb,60,402,0.120418,0.073724,0.0293411,0.0253102,0.000999001,True,0.002997,True
E215C,100uM,1,terciles,paridad,dwell,4,plugin,60,402,0.0382103,0.0325898,0.017811,0.00783019,0.018981,True,0.037962,True
E215C,100uM,1,terciles,paridad,dwell,4,mm,60,402,0.0220607,0.0164402,0.00166146,0.00783019,0.018981,True,0.037962,True
E215C,100uM,1,terciles,paridad,dwell,4,pt,60,402,0.0220607,0.0164402,0.00166146,0.00783019,0.018981,True,0.037962,True
E215C,100uM,1,terciles,paridad,dwell,4,nsb,60,402,0.0131685,0.00892517,0.00120049,0.00383186,0.018981,True,0.037962,True
E215C,100uM,1,terciles,paridad,paso,4,plugin,60,402,0.049429,0.0360768,0.0197138,0.00906236,0.00699301,True,0.00699301,True
E215C,100uM,1,terciles,paridad,paso,4,mm,60,402,0.0422514,0.0288992,0.0125362,0.00906236,0.00699301,True,0.00699301,True
E215C,100uM,1,terciles,paridad,paso,4,pt,60,402,0.0422514,0.0288992,0.0125362,0.00906236,0.00699301,True,0.00699301,True
E215C,100uM,1,terciles,paridad,paso,4,nsb,60,402,0.0358568,0.0228914,0.00869631,0.00743139,0.00699301,True,0.00699301,True
E215C,100uM,1,terciles,paridad,dwell_paso,4,plugin,60,402,0.11691,0.0388477,0.0209089,0.01027,0.000999001,True,0.002997,True
E215C,100uM,1,terciles,paridad,dwell_paso,4,mm,60,402,0.106143,0.0280813,0.0101425,0.01027,0.000999001,True,0.002997,True
E215C,100uM,1,terciles,paridad,dwell_paso,4,pt,60,402,0.106143,0.0280813,0.0101425,0.01027,0.000999001,True,0.002997,True
E215C,100uM,1,terciles,paridad,dwell_paso,4,nsb,60,402,0.0965339,0.0205312,0.00642149,0.00759591,0.000999001,True,0.002997,True
E215C,100uM,1,terciles,paridad,evento,8,plugin,60,402,1.12448,1.08507,1.01749,0.0388641,0.00599401,True,0.00599401,True
E215C,100uM,1,terciles,paridad,evento,8,mm,60,402,0.733304,0.683782,0.599706,0.0492414,0.00599401,True,0.00599401,True
E215C,100uM,1,terciles,paridad,evento,8,pt,60,402,0.290088,0.223566,0.095371,0.0656216,0.00699301,True,0.00699301,True
E215C,100uM,1,terciles,paridad,evento,8,nsb,60,402,0.190901,0.118942,0.0280838,0.0493757,0.002997,True,0.002997,True
E215C,100uM,1,terciles,paridad,dwell,8,plugin,60,402,0.159317,0.143237,0.108245,0.0201482,0.00699301,True,0.013986,True
E215C,100uM,1,terciles,paridad,dwell,8,mm,60,402,0.0731857,0.0563202,0.020492,0.0203048,0.004995,True,0.00999001,True
E215C,100uM,1,terciles,paridad,dwell,8,pt,60,402,0.0731857,0.0563202,0.0204884,0.0202967,0.004995,True,0.00999001,True
E215C,100uM,1,terciles,paridad,dwell,8,nsb,60,402,0.0381943,0.031879,0.0120156,0.00974994,0.024975,True,0.04995,True
E215C,100uM,1,terciles,paridad,paso,8,plugin,60,402,0.049429,0.0360768,0.0197138,0.00906236,0.00699301,True,0.00699301,True
E215C,100uM,1,terciles,paridad,paso,8,mm,60,402,0.0422514,0.0288992,0.0125362,0.00906236,0.00699301,True,0.00699301,True
E215C,100uM,1,terciles,paridad,paso,8,pt,60,402,0.0422514,0.0288992,0.0125362,0.00906236,0.00699301,True,0.00699301,True
E215C,100uM,1,terciles,paridad,paso,8,nsb,60,402,0.0358568,0.0228914,0.00869631,0.00743139,0.00699301,True,0.00699301,True
E215C,100uM,1,terciles,paridad,dwell_paso,8,plugin,60,402,0.146302,0.0582415,0.0358401,0.0124268,0.000999001,True,0.002997,True
E215C,100uM,1,terciles,paridad,dwell_paso,8,mm,60,402,0.121181,0.03312,0.0107185,0.0124268,0.000999001,True,0.002997,True
E215C,100uM,1,terciles,paridad,dwell_paso,8,pt,60,402,0.121181,0.03312,0.0107185,0.0124268,0.000999001,True,0.002997,True
E215C,100uM,1,terciles,paridad,dwell_paso,8,nsb,60,402,0.106289,0.0203541,0.00642977,0.00706329,0.000999001,True,0.002997,True
E215C,1mM,2,centros_4_8_16,orden,evento,4,plugin,93,679,0.4564,0.207771,0.17577,0.0185924,0.000999001,True,0.002997,True
E215C,1mM,2,centros_4_8_16,orden,evento,4,mm,93,679,0.387346,0.127086,0.0930286,0.0201578,0.000999001,True,0.002997,True
E215C,1mM,2,centros_4_8_16,orden,evento,4,pt,93,679,0.33529,0.0815594,0.0486588,0.0189356,0.000999001,True,0.002997,True
E215C,1mM,2,centros_4_8_16,orden,evento,4,nsb,93,679,0.347751,0.0849324,0.0507236,0.0204092,0.000999001,True,0.002997,True
E215C,1mM,2,centros_4_8_16,orden,dwell,4,plugin,93,679,0.0117239,0.0335501,0.0211653,0.00721759,0.919081,False,0.919081,False
E215C,1mM,2,centros_4_8_16,orden,dwell,4,mm,93,679,0.00216257,0.0239887,0.011604,0.00721759,0.919081,False,0.919081,False
E215C,1mM,2,centros_4_8_16,orden,dwell,4,pt,93,679,0.00216257,0.0239887,0.011604,0.00721759,0.919081,False,0.919081,False
E215C,1mM,2,centros_4_8_16,orden,dwell,4,nsb,93,679,0.000850348,0.0180165,0.00741839,0.0057374,0.911089,False,0.911089,False
E215C,1mM,2,centros_4_8_16,orden,paso,4,plugin,93,679,0.123369,0.0353145,0.0222863,0.00766806,0.000999001,True,0.002997,True
E215C,1mM,2,centros_4_8_16,orden,paso,4,mm,93,679,0.11912,0.0317524,0.0181112,0.0077204,0.000999001,True,0.002997,True
E215C,1mM,2,centros_4_8_16,orden,paso,4,pt,93,679,0.11912,0.0317524,0.0181112,0.0077204,0.000999001,True,0.002997,True
E215C,1mM,2,centros_4_8_16,orden,paso,4,nsb,93,679,0.117481,0.0301197,0.016716,0.00765704,0.000999001,True,0.002997,True
E215C,1mM,2,centros_4_8_16,orden,dwell_paso,4,plugin,93,679,0.105819,0.0194109,0.00992402,0.00502497,0.000999001,True,0.002997,True
E215C,1mM,2,centros_4_8_16,orden,dwell_paso,4,mm,93,679,0.0994451,0.0130367,0.00354981,0.00502497,0.000999001,True,0.002997,True
E215C,1mM,2,centros_4_8_16,orden,dwell_paso,4,pt,93,679,0.0994451,0.0130367,0.00354981,0.00502497,0.000999001,True,0.002997,True
E215C,1mM,2,centros_4_8_16,orden,dwell_paso,4,nsb,93,679,0.0956358,0.00964917,0.000317827,0.00505625,0.000999001,True,0.002997,True
E215C,1mM,2,centros_4_8_16,orden,evento,8,plugin,93,679,0.791101,0.548462,0.505416,0.0256428,0.000999001,True,0.002997,True
E215C,1mM,2,centros_4_8_16,orden,evento,8,mm,93,679,0.615811,0.348368,0.29882,0.0292411,0.000999001,True,0.002997,True
E215C,1mM,2,centros_4_8_16,orden,evento,8,pt,93,679,0.492576,0.212391,0.155968,0.0333062,0.000999001,True,0.002997,True
E215C,1mM,2,centros_4_8_16,orden,evento,8,nsb,93,679,0.443192,0.155777,0.0998901,0.0326448,0.000999001,True,0.002997,True
E215C,1mM,2,centros_4_8_16,orden,dwell,8,plugin,93,679,0.0737563,0.0880304,0.0659342,0.0123973,0.242757,False,0.242757,False
E215C,1mM,2,centros_4_8_16,orden,dwell,8,mm,93,679,0.0217002,0.0359744,0.0138782,0.0123973,0.242757,False,0.242757,False
E215C,1mM,2,centros_4_8_16,orden,dwell,8,pt,93,679,0.0217002,0.0359744,0.0138782,0.0123973,0.242757,False,0.242757,False
E215C,1mM,2,centros_4_8_16,orden,dwell,8,nsb,93,679,0.0118727,0.0222248,0.00857271,0.0066437,0.226773,False,0.226773,False
E215C,1mM,2,centros_4_8_16,orden,paso,8,plugin,93,679,0.123369,0.0353145,0.0222863,0.00766806,0.000999001,True,0.002997,True
E215C,1mM,2,centros_4_8_16,orden,paso,8,mm,93,679,0.11912,0.0317524,0.0181112,0.0077204,0.000999001,True,0.002997,True
E215C,1mM,2,centros_4_8_16,orden,paso,8,pt,93,679,0.11912,0.0317524,0.0181112,0.0077204,0.000999001,True,0.002997,True
E215C,1mM,2,centros_4_8_16,orden,paso,8,nsb,93,679,0.117481,0.0301197,0.016716,0.00765704,0.000999001,True,0.002997,True
E215C,1mM,2,centros_4_8_16,orden,dwell_paso,8,plugin,93,679,0.124646,0.0298973,0.0182832,0.00652627,0.000999001,True,0.002997,True
E215C,1mM,2,centros_4_8_16,orden,dwell_paso,8,mm,93,679,0.109773,0.015665,0.00347695,0.00662151,0.000999001,True,0.002997,True
E215C,1mM,2,centros_4_8_16,orden,dwell_paso,8,pt,93,679,0.109773,0.015665,0.00347695,0.00662151,0.000999001,True,0.002997,True
E215C,1mM,2,centros_4_8_16,orden,dwell_paso,8,nsb,93,679,0.102589,0.00931805,-0.0023267,0.00662434,0.000999001,True,0.002997,True
E215C,1mM,2,centros_4_8_16,paridad,evento,4,plugin,93,679,0.4564,0.22906,0.194118,0.0199332,0.000999001,True,0.002997,True
E215C,1mM,2,centros_4_8_16,paridad,evento,4,mm,93,679,0.387346,0.149633,0.112365,0.0214008,0.000999001,True,0.002997,True
E215C,1mM,2,centros_4_8_16,paridad,evento,4,pt,93,679,0.33529,0.102277,0.0670326,0.0202629,0.000999001,True,0.002997,True
E215C,1mM,2,centros_4_8_16,paridad,evento,4,nsb,93,679,0.347751,0.107911,0.0704389,0.0216676,0.000999001,True,0.002997,True
E215C,1mM,2,centros_4_8_16,paridad,dwell,4,plugin,93,679,0.0117239,0.0286165,0.0182122,0.00595273,0.868132,False,0.868132,False
E215C,1mM,2,centros_4_8_16,paridad,dwell,4,mm,93,679,0.00216257,0.0190552,0.00865084,0.00595273,0.868132,False,0.868132,False
E215C,1mM,2,centros_4_8_16,paridad,dwell,4,pt,93,679,0.00216257,0.0190552,0.00865084,0.00595273,0.868132,False,0.868132,False
E215C,1mM,2,centros_4_8_16,paridad,dwell,4,nsb,93,679,0.000850348,0.0133235,0.00506036,0.00437015,0.856144,False,0.856144,False
E215C,1mM,2,centros_4_8_16,paridad,paso,4,plugin,93,679,0.123369,0.0541266,0.0369722,0.00983754,0.000999001,True,0.002997,True
E215C,1mM,2,centros_4_8_16,paridad,paso,4,mm,93,679,0.11912,0.0501217,0.0328151,0.00986614,0.000999001,True,0.002997,True
E215C,1mM,2,centros_4_8_16,paridad,paso,4,pt,93,679,0.11912,0.0501217,0.0328151,0.00986614,0.000999001,True,0.002997,True
E215C,1mM,2,centros_4_8_16,paridad,paso,4,nsb,93,679,0.117481,0.0485577,0.0313615,0.00980435,0.000999001,True,0.002997,True
E215C,1mM,2,centros_4_8_16,paridad,dwell_paso,4,plugin,93,679,0.105819,0.0210542,0.0115436,0.00521426,0.000999001,True,0.002997,True
E215C,1mM,2,centros_4_8_16,paridad,dwell_paso,4,mm,93,679,0.0994451,0.01468,0.00516942,0.00521426,0.000999001,True,0.002997,True
E215C,1mM,2,centros_4_8_16,paridad,dwell_paso,4,pt,93,679,0.0994451,0.01468,0.00516942,0.00521426,0.000999001,True,0.002997,True
E215C,1mM,2,centros_4_8_16,paridad,dwell_paso,4,nsb,93,679,0.0956358,0.0115218,0.00193112,0.00523813,0.000999001,True,0.002997,True
E215C,1mM,2,centros_4_8_16,paridad,evento,8,plugin,93,679,0.791101,0.558815,0.517413,0.025218,0.000999001,True,0.002997,True
E215C,1mM,2,centros_4_8_16,paridad,evento,8,mm,93,679,0.615811,0.361436,0.312806,0.0288077,0.000999001,True,0.002997,True
E215C,1mM,2,centros_4_8_16,paridad,evento,8,pt,93,679,0.492576,0.22632,0.172477,0.0327748,0.000999001,True,0.002997,True
E215C,1mM,2,centros_4_8_16,paridad,evento,8,nsb,93,679,0.443192,0.168468,0.115354,0.032363,0.000999001,True,0.002997,True
E215C,1mM,2,centros_4_8_16,paridad,dwell,8,plugin,93,679,0.0737563,0.0849035,0.0651207,0.0111213,0.205794,False,0.205794,False
E215C,1mM,2,centros_4_8_16,paridad,dwell,8,mm,93,679,0.0217002,0.0328475,0.0130647,0.0111213,0.205794,False,0.205794,False
E215C,1mM,2,centros_4_8_16,paridad,dwell,8,pt,93,679,0.0217002,0.0328475,0.0130647,0.0111213,0.205794,False,0.205794,False
E215C,1mM,2,centros_4_8_16,paridad,dwell,8,nsb,93,679,0.0118727,0.0195564,0.00811169,0.00577946,0.193806,False,0.193806,False
E215C,1mM,2,centros_4_8_16,paridad,paso,8,plugin,93,679,0.123369,0.0541266,0.0369722,0.00983754,0.000999001,True,0.002997,True
E215C,1mM,2,centros_4_8_16,paridad,paso,8,mm,93,679,0.11912,0.0501217,0.0328151,0.00986614,0.000999001,True,0.002997,True
E215C,1mM,2,centros_4_8_16,paridad,paso,8,pt,93,679,0.11912,0.0501217,0.0328151,0.00986614,0.000999001,True,0.002997,True
E215C,1mM,2,centros_4_8_16,paridad,paso,8,nsb,93,679,0.117481,0.0485577,0.0313615,0.00980435,0.000999001,True,0.002997,True
E215C,1mM,2,centros_4_8_16,paridad,dwell_paso,8,plugin,93,679,0.124646,0.0324255,0.020027,0.00675321,0.000999001,True,0.002997,True
E215C,1mM,2,centros_4_8_16,paridad,dwell_paso,8,mm,93,679,0.109773,0.0180069,0.00521763,0.00683856,0.000999001,True,0.002997,True
E215C,1mM,2,centros_4_8_16,paridad,dwell_paso,8,pt,93,679,0.109773,0.0180069,0.00521763,0.00683856,0.000999001,True,0.002997,True
E215C,1mM,2,centros_4_8_16,paridad,dwell_paso,8,nsb,93,679,0.102589,0.0119231,-0.000676566,0.00683418,0.000999001,True,0.002997,True
E215C,1mM,2,terciles,orden,evento,4,plugin,93,679,0.482462,0.224483,0.190748,0.020015,0.000999001,True,0.002997,True
E215C,1mM,2,terciles,orden,evento,4,mm,93,679,0.376225,0.109971,0.0737105,0.0215112,0.000999001,True,0.002997,True
E215C,1mM,2,terciles,orden,evento,4,pt,93,679,0.354978,0.0969986,0.0632643,0.020015,0.000999001,True,0.002997,True
E215C,1mM,2,terciles,orden,evento,4,nsb,93,679,0.341767,0.0833534,0.0494976,0.0198295,0.000999001,True,0.002997,True
E215C,1mM,2,terciles,orden,dwell,4,plugin,93,679,0.0117239,0.0335501,0.0211653,0.00721759,0.919081,False,0.919081,False
E215C,1mM,2,terciles,orden,dwell,4,mm,93,679,0.00216257,0.0239887,0.011604,0.00721759,0.919081,False,0.919081,False
E215C,1mM,2,terciles,orden,dwell,4,pt,93,679,0.00216257,0.0239887,0.011604,0.00721759,0.919081,False,0.919081,False
E215C,1mM,2,terciles,orden,dwell,4,nsb,93,679,0.000850348,0.0180165,0.00741839,0.0057374,0.911089,False,0.911089,False
E215C,1mM,2,terciles,orden,paso,4,plugin,93,679,0.159626,0.0390518,0.0254832,0.00804875,0.000999001,True,0.002997,True
E215C,1mM,2,terciles,orden,paso,4,mm,93,679,0.155376,0.0348023,0.0212338,0.00804875,0.000999001,True,0.002997,True
E215C,1mM,2,terciles,orden,paso,4,pt,93,679,0.155376,0.0348023,0.0212338,0.00804875,0.000999001,True,0.002997,True
E215C,1mM,2,terciles,orden,paso,4,nsb,93,679,0.150647,0.0310519,0.0177299,0.0077895,0.000999001,True,0.002997,True
E215C,1mM,2,terciles,orden,dwell_paso,4,plugin,93,679,0.117451,0.0197022,0.0101651,0.00498075,0.000999001,True,0.002997,True
E215C,1mM,2,terciles,orden,dwell_paso,4,mm,93,679,0.111077,0.013328,0.00379094,0.00498075,0.000999001,True,0.002997,True
E215C,1mM,2,terciles,orden,dwell_paso,4,pt,93,679,0.111077,0.013328,0.00379094,0.00498075,0.000999001,True,0.002997,True
E215C,1mM,2,terciles,orden,dwell_paso,4,nsb,93,679,0.105515,0.00899576,0.00217954,0.00330111,0.000999001,True,0.002997,True
E215C,1mM,2,terciles,orden,evento,8,plugin,93,679,0.94637,0.704555,0.656965,0.0289516,0.000999001,True,0.002997,True
E215C,1mM,2,terciles,orden,evento,8,mm,93,679,0.680778,0.39944,0.342217,0.0349715,0.000999001,True,0.002997,True
E215C,1mM,2,terciles,orden,evento,8,pt,93,679,0.498051,0.177957,0.10867,0.0396336,0.000999001,True,0.002997,True
E215C,1mM,2,terciles,orden,evento,8,nsb,93,679,0.423243,0.121133,0.0614064,0.036018,0.000999001,True,0.002997,True
E215C,1mM,2,terciles,orden,dwell,8,plugin,93,679,0.0737563,0.0880304,0.0659342,0.0123973,0.242757,False,0.242757,False
E215C,1mM,2,terciles,orden,dwell,8,mm,93,679,0.0217002,0.0359744,0.0138782,0.0123973,0.242757,False,0.242757,False
E215C,1mM,2,terciles,orden,dwell,8,pt,93,679,0.0217002,0.0359744,0.0138782,0.0123973,0.242757,False,0.242757,False
E215C,1mM,2,terciles,orden,dwell,8,nsb,93,679,0.0118727,0.0222248,0.00857271,0.0066437,0.226773,False,0.226773,False
E215C,1mM,2,terciles,orden,paso,8,plugin,93,679,0.159626,0.0390518,0.0254832,0.00804875,0.000999001,True,0.002997,True
E215C,1mM,2,terciles,orden,paso,8,mm,93,679,0.155376,0.0348023,0.0212338,0.00804875,0.000999001,True,0.002997,True
E215C,1mM,2,terciles,orden,paso,8,pt,93,679,0.155376,0.0348023,0.0212338,0.00804875,0.000999001,True,0.002997,True
E215C,1mM,2,terciles,orden,paso,8,nsb,93,679,0.150647,0.0310519,0.0177299,0.0077895,0.000999001,True,0.002997,True
E215C,1mM,2,terciles,orden,dwell_paso,8,plugin,93,679,0.141613,0.0303902,0.0187209,0.00643997,0.000999001,True,0.002997,True
E215C,1mM,2,terciles,orden,dwell_paso,8,mm,93,679,0.126739,0.0155171,0.00384774,0.00643997,0.000999001,True,0.002997,True
E215C,1mM,2,terciles,orden,dwell_paso,8,pt,93,679,0.126739,0.0155171,0.00384774,0.00643997,0.000999001,True,0.002997,True
E215C,1mM,2,terciles,orden,dwell_paso,8,nsb,93,679,0.117149,0.00830806,0.00227775,0.00307971,0.000999001,True,0.002997,True
E215C,1mM,2,terciles,paridad,evento,4,plugin,93,679,0.482462,0.256455,0.219956,0.0209322,0.000999001,True,0.002997,True
E215C,1mM,2,terciles,paridad,evento,4,mm,93,679,0.376225,0.142855,0.104056,0.0225525,0.000999001,True,0.002997,True
E215C,1mM,2,terciles,paridad,evento,4,pt,93,679,0.354978,0.128971,0.0924722,0.0209322,0.000999001,True,0.002997,True
E215C,1mM,2,terciles,paridad,evento,4,nsb,93,679,0.341767,0.116256,0.0791789,0.0207438,0.000999001,True,0.002997,True
E215C,1mM,2,terciles,paridad,dwell,4,plugin,93,679,0.0117239,0.0286165,0.0182122,0.00595273,0.868132,False,0.868132,False
E215C,1mM,2,terciles,paridad,dwell,4,mm,93,679,0.00216257,0.0190552,0.00865084,0.00595273,0.868132,False,0.868132,False
E215C,1mM,2,terciles,paridad,dwell,4,pt,93,679,0.00216257,0.0190552,0.00865084,0.00595273,0.868132,False,0.868132,False
E215C,1mM,2,terciles,paridad,dwell,4,nsb,93,679,0.000850348,0.0133235,0.00506036,0.00437015,0.856144,False,0.856144,False
E215C,1mM,2,terciles,paridad,paso,4,plugin,93,679,0.159626,0.0673429,0.0487679,0.0110813,0.000999001,True,0.002997,True
E215C,1mM,2,terciles,paridad,paso,4,mm,93,679,0.155376,0.0630935,0.0445184,0.0110813,0.000999001,True,0.002997,True
E215C,1mM,2,terciles,paridad,paso,4,pt,93,679,0.155376,0.0630935,0.0445184,0.0110813,0.000999001,True,0.002997,True
E215C,1mM,2,terciles,paridad,paso,4,nsb,93,679,0.150647,0.0590471,0.0406044,0.0109487,0.000999001,True,0.002997,True
E215C,1mM,2,terciles,paridad,dwell_paso,4,plugin,93,679,0.117451,0.0244499,0.0133095,0.0057405,0.000999001,True,0.002997,True
E215C,1mM,2,terciles,paridad,dwell_paso,4,mm,93,679,0.111077,0.0180757,0.00693525,0.0057405,0.000999001,True,0.002997,True
E215C,1mM,2,terciles,paridad,dwell_paso,4,pt,93,679,0.111077,0.0180757,0.00693525,0.0057405,0.000999001,True,0.002997,True
E215C,1mM,2,terciles,paridad,dwell_paso,4,nsb,93,679,0.105515,0.0135963,0.00429992,0.00431412,0.000999001,True,0.002997,True
E215C,1mM,2,terciles,paridad,evento,8,plugin,93,679,0.94637,0.733043,0.681421,0.0296348,0.000999001,True,0.002997,True
E215C,1mM,2,terciles,paridad,evento,8,mm,93,679,0.680778,0.434182,0.371617,0.0355882,0.000999001,True,0.002997,True
E215C,1mM,2,terciles,paridad,evento,8,pt,93,679,0.498051,0.21656,0.142661,0.0425545,0.000999001,True,0.002997,True
E215C,1mM,2,terciles,paridad,evento,8,nsb,93,679,0.423243,0.156982,0.0908132,0.0374406,0.000999001,True,0.002997,True
E215C,1mM,2,terciles,paridad,dwell,8,plugin,93,679,0.0737563,0.0849035,0.0651207,0.0111213,0.205794,False,0.205794,False
E215C,1mM,2,terciles,paridad,dwell,8,mm,93,679,0.0217002,0.0328475,0.0130647,0.0111213,0.205794,False,0.205794,False
E215C,1mM,2,terciles,paridad,dwell,8,pt,93,679,0.0217002,0.0328475,0.0130647,0.0111213,0.205794,False,0.205794,False
E215C,1mM,2,terciles,paridad,dwell,8,nsb,93,679,0.0118727,0.0195564,0.00811169,0.00577946,0.193806,False,0.193806,False
E215C,1mM,2,terciles,paridad,paso,8,plugin,93,679,0.159626,0.0673429,0.0487679,0.0110813,0.000999001,True,0.002997,True
E215C,1mM,2,terciles,paridad,paso,8,mm,93,679,0.155376,0.0630935,0.0445184,0.0110813,0.000999001,True,0.002997,True
E215C,1mM,2,terciles,paridad,paso,8,pt,93,679,0.155376,0.0630935,0.0445184,0.0110813,0.000999001,True,0.002997,True
E215C,1mM,2,terciles,paridad,paso,8,nsb,93,679,0.150647,0.0590471,0.0406044,0.0109487,0.000999001,True,0.002997,True
E215C,1mM,2,terciles,paridad,dwell_paso,8,plugin,93,679,0.141613,0.0331237,0.0204796,0.00681957,0.000999001,True,0.002997,True
E215C,1mM,2,terciles,paridad,dwell_paso,8,mm,93,679,0.126739,0.0182506,0.00560649,0.00681957,0.000999001,True,0.002997,True
E215C,1mM,2,terciles,paridad,dwell_paso,8,pt,93,679,0.126739,0.0182506,0.00560649,0.00681957,0.000999001,True,0.002997,True
E215C,1mM,2,terciles,paridad,dwell_paso,8,nsb,93,679,0.117149,0.010695,0.00312081,0.00367122,0.000999001,True,0.002997,True
K28C,10uM,3,centros_4_8_16,orden,evento,4,plugin,113,1350,0.12469,0.0807023,0.0673383,0.00794551,0.000999001,True,0.002997,True
K28C,10uM,3,centros_4_8_16,orden,evento,4,mm,113,1350,0.0760654,0.0355014,0.0216406,0.00834491,0.000999001,True,0.002997,True
K28C,10uM,3,centros_4_8_16,orden,evento,4,pt,113,1350,0.0605698,0.0166588,0.00323345,0.00795529,0.000999001,True,0.002997,True
K28C,10uM,3,centros_4_8_16,orden,evento,4,nsb,113,1350,0.0530145,0.01544,0.000644483,0.00855732,0.000999001,True,0.002997,True
K28C,10uM,3,centros_4_8_16,orden,dwell,4,plugin,113,1350,0.0208244,0.00982183,0.00505895,0.00248866,0.000999001,True,0.002997,True
K28C,10uM,3,centros_4_8_16,orden,dwell,4,mm,113,1350,0.0160154,0.00501284,0.000249971,0.00248866,0.000999001,True,0.002997,True
K28C,10uM,3,centros_4_8_16,orden,dwell,4,pt,113,1350,0.0160154,0.00501284,0.000249971,0.00248866,0.000999001,True,0.002997,True
K28C,10uM,3,centros_4_8_16,orden,dwell,4,nsb,113,1350,0.012915,0.00270778,0.000291746,0.00121606,0.000999001,True,0.002997,True
K28C,10uM,3,centros_4_8_16,orden,paso,4,plugin,113,1350,0.0159987,0.00984385,0.00505474,0.00260332,0.000999001,True,0.002997,True
K28C,10uM,3,centros_4_8_16,orden,paso,4,mm,113,1350,0.0138614,0.00772874,0.00292008,0.00260817,0.000999001,True,0.002997,True
K28C,10uM,3,centros_4_8_16,orden,paso,4,pt,113,1350,0.0138614,0.00772874,0.00292008,0.00260817,0.000999001,True,0.002997,True
K28C,10uM,3,centros_4_8_16,orden,paso,4,nsb,113,1350,0.012543,0.00686412,0.00196317,0.0026178,0.000999001,True,0.002997,True
K28C,10uM,3,centros_4_8_16,orden,dwell_paso,4,plugin,113,1350,0.010688,0.00633911,0.00301158,0.00182053,0.003996,True,0.003996,True
K28C,10uM,3,centros_4_8_16,orden,dwell_paso,4,mm,113,1350,0.00748199,0.00313312,-0.00019441,0.00182053,0.003996,True,0.003996,True
K28C,10uM,3,centros_4_8_16,orden,dwell_paso,4,pt,113,1350,0.00748199,0.00313312,-0.00019441,0.00182053,0.003996,True,0.003996,True
K28C,10uM,3,centros_4_8_16,orden,dwell_paso,4,nsb,113,1350,0.00494116,0.000617347,-0.00277852,0.00183712,0.003996,True,0.003996,True
K28C,10uM,3,centros_4_8_16,orden,evento,8,plugin,113,1350,0.309988,0.272853,0.24944,0.0138368,0.000999001,True,0.002997,True
K28C,10uM,3,centros_4_8_16,orden,evento,8,mm,113,1350,0.182283,0.144459,0.118989,0.015448,0.000999001,True,0.002997,True
K28C,10uM,3,centros_4_8_16,orden,evento,8,pt,113,1350,0.0893094,0.0576776,0.0297043,0.0174228,0.000999001,True,0.002997,True
K28C,10uM,3,centros_4_8_16,orden,evento,8,nsb,113,1350,0.0965343,0.0591243,0.0321003,0.0166189,0.000999001,True,0.002997,True
K28C,10uM,3,centros_4_8_16,orden,dwell,8,plugin,113,1350,0.040443,0.0364898,0.027422,0.00530276,0.010989,True,0.010989,True
K28C,10uM,3,centros_4_8_16,orden,dwell,8,mm,113,1350,0.0142608,0.0103076,0.0012398,0.00530276,0.010989,True,0.010989,True
K28C,10uM,3,centros_4_8_16,orden,dwell,8,pt,113,1350,0.0142608,0.0103076,0.0012398,0.00530276,0.010989,True,0.010989,True
K28C,10uM,3,centros_4_8_16,orden,dwell,8,nsb,113,1350,0.00793127,0.00573521,0.0019254,0.0019241,0.013986,True,0.013986,True
K28C,10uM,3,centros_4_8_16,orden,paso,8,plugin,113,1350,0.0159987,0.00984385,0.00505474,0.00260332,0.000999001,True,0.002997,True
K28C,10uM,3,centros_4_8_16,orden,paso,8,mm,113,1350,0.0138614,0.00772874,0.00292008,0.00260817,0.000999001,True,0.002997,True
K28C,10uM,3,centros_4_8_16,orden,paso,8,pt,113,1350,0.0138614,0.00772874,0.00292008,0.00260817,0.000999001,True,0.002997,True
K28C,10uM,3,centros_4_8_16,orden,paso,8,nsb,113,1350,0.012543,0.00686412,0.00196317,0.0026178,0.000999001,True,0.002997,True
K28C,10uM,3,centros_4_8_16,orden,dwell_paso,8,plugin,113,1350,0.012533,0.0127581,0.00742305,0.00292873,0.0569431,False,0.0569431,False
K28C,10uM,3,centros_4_8_16,orden,dwell_paso,8,mm,113,1350,0.00505241,0.0052775,-5.75885e-05,0.00292873,0.0569431,False,0.0569431,False
K28C,10uM,3,centros_4_8_16,orden,dwell_paso,8,pt,113,1350,0.00505241,0.0052775,-5.75885e-05,0.00292873,0.0569431,False,0.0569431,False
K28C,10uM,3,centros_4_8_16,orden,dwell_paso,8,nsb,113,1350,0.000203986,0.000727576,-0.00477279,0.00300462,0.0659341,False,0.0659341,False
K28C,10uM,3,centros_4_8_16,paridad,evento,4,plugin,113,1350,0.12469,0.0904003,0.0769908,0.00843611,0.000999001,True,0.002997,True
K28C,10uM,3,centros_4_8_16,paridad,evento,4,mm,113,1350,0.0760654,0.0455268,0.0308438,0.00891064,0.000999001,True,0.002997,True
K28C,10uM,3,centros_4_8_16,paridad,evento,4,pt,113,1350,0.0605698,0.0262805,0.0128758,0.00843976,0.000999001,True,0.002997,True
K28C,10uM,3,centros_4_8_16,paridad,evento,4,nsb,113,1350,0.0530145,0.0245696,0.00931089,0.00910975,0.000999001,True,0.002997,True
K28C,10uM,3,centros_4_8_16,paridad,dwell,4,plugin,113,1350,0.0208244,0.0153456,0.00905848,0.00338308,0.001998,True,0.002997,True
K28C,10uM,3,centros_4_8_16,paridad,dwell,4,mm,113,1350,0.0160154,0.0105366,0.00424949,0.00338308,0.001998,True,0.002997,True
K28C,10uM,3,centros_4_8_16,paridad,dwell,4,pt,113,1350,0.0160154,0.0105366,0.00424949,0.00338308,0.001998,True,0.002997,True
K28C,10uM,3,centros_4_8_16,paridad,dwell,4,nsb,113,1350,0.012915,0.0075161,0.00253796,0.0024153,0.001998,True,0.002997,True
K28C,10uM,3,centros_4_8_16,paridad,paso,4,plugin,113,1350,0.0159987,0.0158647,0.00912654,0.00373938,0.048951,True,0.048951,True
K28C,10uM,3,centros_4_8_16,paridad,paso,4,mm,113,1350,0.0138614,0.0137273,0.00698975,0.00374016,0.048951,True,0.048951,True
K28C,10uM,3,centros_4_8_16,paridad,paso,4,pt,113,1350,0.0138614,0.0137273,0.00698975,0.00374016,0.048951,True,0.048951,True
K28C,10uM,3,centros_4_8_16,paridad,paso,4,nsb,113,1350,0.012543,0.012767,0.00595981,0.00373196,0.0549451,False,0.0549451,False
K28C,10uM,3,centros_4_8_16,paridad,dwell_paso,4,plugin,113,1350,0.010688,0.00661086,0.00314083,0.00174741,0.000999001,True,0.002997,True
K28C,10uM,3,centros_4_8_16,paridad,dwell_paso,4,mm,113,1350,0.00748199,0.00340487,-6.51639e-05,0.00174741,0.000999001,True,0.002997,True
K28C,10uM,3,centros_4_8_16,paridad,dwell_paso,4,pt,113,1350,0.00748199,0.00340487,-6.51639e-05,0.00174741,0.000999001,True,0.002997,True
K28C,10uM,3,centros_4_8_16,paridad,dwell_paso,4,nsb,113,1350,0.00494116,0.000820998,-0.00266987,0.00176131,0.000999001,True,0.002997,True
K28C,10uM,3,centros_4_8_16,paridad,evento,8,plugin,113,1350,0.309988,0.28553,0.260392,0.0141513,0.001998,True,0.002997,True
K28C,10uM,3,centros_4_8_16,paridad,evento,8,mm,113,1350,0.182283,0.156523,0.129518,0.0159989,0.001998,True,0.002997,True
K28C,10uM,3,centros_4_8_16,paridad,evento,8,pt,113,1350,0.0893094,0.0700684,0.0390348,0.0182732,0.003996,True,0.003996,True
K28C,10uM,3,centros_4_8_16,paridad,evento,8,nsb,113,1350,0.0965343,0.0714766,0.0417889,0.0173143,0.001998,True,0.002997,True
K28C,10uM,3,centros_4_8_16,paridad,dwell,8,plugin,113,1350,0.040443,0.0412278,0.0307973,0.00595177,0.0699301,False,0.0699301,False
K28C,10uM,3,centros_4_8_16,paridad,dwell,8,mm,113,1350,0.0142608,0.0150455,0.00461508,0.00595177,0.0699301,False,0.0699301,False
K28C,10uM,3,centros_4_8_16,paridad,dwell,8,pt,113,1350,0.0142608,0.0150455,0.00461508,0.00595177,0.0699301,False,0.0699301,False
K28C,10uM,3,centros_4_8_16,paridad,dwell,8,nsb,113,1350,0.00793127,0.00937318,0.00335289,0.00289314,0.0789211,False,0.0789211,False
K28C,10uM,3,centros_4_8_16,paridad,paso,8,plugin,113,1350,0.0159987,0.0158647,0.00912654,0.00373938,0.048951,True,0.048951,True
K28C,10uM,3,centros_4_8_16,paridad,paso,8,mm,113,1350,0.0138614,0.0137273,0.00698975,0.00374016,0.048951,True,0.048951,True
K28C,10uM,3,centros_4_8_16,paridad,paso,8,pt,113,1350,0.0138614,0.0137273,0.00698975,0.00374016,0.048951,True,0.048951,True
K28C,10uM,3,centros_4_8_16,paridad,paso,8,nsb,113,1350,0.012543,0.012767,0.00595981,0.00373196,0.0549451,False,0.0549451,False
K28C,10uM,3,centros_4_8_16,paridad,dwell_paso,8,plugin,113,1350,0.012533,0.012982,0.0076456,0.00293138,0.0669331,False,0.0669331,False
K28C,10uM,3,centros_4_8_16,paridad,dwell_paso,8,mm,113,1350,0.00505241,0.00550139,0.00016496,0.00293138,0.0669331,False,0.0669331,False
K28C,10uM,3,centros_4_8_16,paridad,dwell_paso,8,pt,113,1350,0.00505241,0.00550139,0.00016496,0.00293138,0.0669331,False,0.0669331,False
K28C,10uM,3,centros_4_8_16,paridad,dwell_paso,8,nsb,113,1350,0.000203986,0.000734561,-0.00468308,0.00300325,0.0689311,False,0.0689311,False
K28C,10uM,3,terciles,orden,evento,4,plugin,113,1350,0.137544,0.0824815,0.0678246,0.00871468,0.000999001,True,0.002997,True
K28C,10uM,3,terciles,orden,evento,4,mm,113,1350,0.073424,0.0178274,0.00317801,0.0087254,0.000999001,True,0.002997,True
K28C,10uM,3,terciles,orden,evento,4,pt,113,1350,0.073424,0.0178274,0.00317801,0.0087254,0.000999001,True,0.002997,True
K28C,10uM,3,terciles,orden,evento,4,nsb,113,1350,0.062494,0.0107824,0.00383501,0.0038734,0.000999001,True,0.002997,True
K28C,10uM,3,terciles,orden,dwell,4,plugin,113,1350,0.0208244,0.00982183,0.00505895,0.00248866,0.000999001,True,0.002997,True
K28C,10uM,3,terciles,orden,dwell,4,mm,113,1350,0.0160154,0.00501284,0.000249971,0.00248866,0.000999001,True,0.002997,True
K28C,10uM,3,terciles,orden,dwell,4,pt,113,1350,0.0160154,0.00501284,0.000249971,0.00248866,0.000999001,True,0.002997,True
K28C,10uM,3,terciles,orden,dwell,4,nsb,113,1350,0.012915,0.00270778,0.000291746,0.00121606,0.000999001,True,0.002997,True
K28C,10uM,3,terciles,orden,paso,4,plugin,113,1350,0.0304725,0.00904877,0.00463388,0.00241651,0.000999001,True,0.002997,True
K28C,10uM,3,terciles,orden,paso,4,mm,113,1350,0.0283352,0.00691145,0.00249655,0.00241651,0.000999001,True,0.002997,True
K28C,10uM,3,terciles,orden,paso,4,pt,113,1350,0.0283352,0.00691145,0.00249655,0.00241651,0.000999001,True,0.002997,True
K28C,10uM,3,terciles,orden,paso,4,nsb,113,1350,0.0266294,0.00515369,0.00161092,0.00184945,0.000999001,True,0.002997,True
K28C,10uM,3,terciles,orden,dwell_paso,4,plugin,113,1350,0.0134854,0.00659636,0.00324133,0.00189086,0.000999001,True,0.002997,True
K28C,10uM,3,terciles,orden,dwell_paso,4,mm,113,1350,0.0102794,0.00339037,3.53431e-05,0.00189086,0.000999001,True,0.002997,True
K28C,10uM,3,terciles,orden,dwell_paso,4,pt,113,1350,0.0102794,0.00339037,3.53431e-05,0.00189086,0.000999001,True,0.002997,True
K28C,10uM,3,terciles,orden,dwell_paso,4,nsb,113,1350,0.00794991,0.00177316,9.97695e-05,0.000958698,0.000999001,True,0.002997,True
K28C,10uM,3,terciles,orden,evento,8,plugin,113,1350,0.403038,0.35851,0.325982,0.0190448,0.000999001,True,0.002997,True
K28C,10uM,3,terciles,orden,evento,8,mm,113,1350,0.160451,0.108717,0.0722045,0.0218834,0.000999001,True,0.002997,True
K28C,10uM,3,terciles,orden,evento,8,pt,113,1350,0.120911,0.0763834,0.043855,0.0190448,0.000999001,True,0.002997,True
K28C,10uM,3,terciles,orden,evento,8,nsb,113,1350,0.0619132,0.0258018,0.0112559,0.00705069,0.000999001,True,0.002997,True
K28C,10uM,3,terciles,orden,dwell,8,plugin,113,1350,0.040443,0.0364898,0.027422,0.00530276,0.010989,True,0.010989,True
K28C,10uM,3,terciles,orden,dwell,8,mm,113,1350,0.0142608,0.0103076,0.0012398,0.00530276,0.010989,True,0.010989,True
K28C,10uM,3,terciles,orden,dwell,8,pt,113,1350,0.0142608,0.0103076,0.0012398,0.00530276,0.010989,True,0.010989,True
K28C,10uM,3,terciles,orden,dwell,8,nsb,113,1350,0.00793127,0.00573521,0.0019254,0.0019241,0.013986,True,0.013986,True
K28C,10uM,3,terciles,orden,paso,8,plugin,113,1350,0.0304725,0.00904877,0.00463388,0.00241651,0.000999001,True,0.002997,True
K28C,10uM,3,terciles,orden,paso,8,mm,113,1350,0.0283352,0.00691145,0.00249655,0.00241651,0.000999001,True,0.002997,True
K28C,10uM,3,terciles,orden,paso,8,pt,113,1350,0.0283352,0.00691145,0.00249655,0.00241651,0.000999001,True,0.002997,True
K28C,10uM,3,terciles,orden,paso,8,nsb,113,1350,0.0266294,0.00515369,0.00161092,0.00184945,0.000999001,True,0.002997,True
K28C,10uM,3,terciles,orden,dwell_paso,8,plugin,113,1350,0.0158092,0.0133814,0.00791165,0.00285882,0.00799201,True,0.00799201,True
K28C,10uM,3,terciles,orden,dwell_paso,8,mm,113,1350,0.00832858,0.00590079,0.000431011,0.00285882,0.00799201,True,0.00799201,True
K28C,10uM,3,terciles,orden,dwell_paso,8,pt,113,1350,0.00832858,0.00590079,0.000431011,0.00285882,0.00799201,True,0.00799201,True
K28C,10uM,3,terciles,orden,dwell_paso,8,nsb,113,1350,0.00472184,0.00290742,0.000554043,0.00112828,0.00799201,True,0.00799201,True
K28C,10uM,3,terciles,paridad,evento,4,plugin,113,1350,0.137544,0.0888178,0.0741209,0.00869245,0.000999001,True,0.002997,True
K28C,10uM,3,terciles,paridad,evento,4,mm,113,1350,0.073424,0.0241637,0.00947423,0.00869737,0.000999001,True,0.002997,True
K28C,10uM,3,terciles,paridad,evento,4,pt,113,1350,0.073424,0.0241637,0.00947423,0.00869737,0.000999001,True,0.002997,True
K28C,10uM,3,terciles,paridad,evento,4,nsb,113,1350,0.062494,0.0165193,0.00691838,0.00494888,0.000999001,True,0.002997,True
K28C,10uM,3,terciles,paridad,dwell,4,plugin,113,1350,0.0208244,0.0153456,0.00905848,0.00338308,0.001998,True,0.002997,True
K28C,10uM,3,terciles,paridad,dwell,4,mm,113,1350,0.0160154,0.0105366,0.00424949,0.00338308,0.001998,True,0.002997,True
K28C,10uM,3,terciles,paridad,dwell,4,pt,113,1350,0.0160154,0.0105366,0.00424949,0.00338308,0.001998,True,0.002997,True
K28C,10uM,3,terciles,paridad,dwell,4,nsb,113,1350,0.012915,0.0075161,0.00253796,0.0024153,0.001998,True,0.002997,True
K28C,10uM,3,terciles,paridad,paso,4,plugin,113,1350,0.0304725,0.0112057,0.00613107,0.00271094,0.000999001,True,0.002997,True
K28C,10uM,3,terciles,paridad,paso,4,mm,113,1350,0.0283352,0.00906837,0.00399374,0.00271094,0.000999001,True,0.002997,True
K28C,10uM,3,terciles,paridad,paso,4,pt,113,1350,0.0283352,0.00906837,0.00399374,0.00271094,0.000999001,True,0.002997,True
K28C,10uM,3,terciles,paridad,paso,4,nsb,113,1350,0.0266294,0.00726451,0.00274971,0.00228304,0.000999001,True,0.002997,True
K28C,10uM,3,terciles,paridad,dwell_paso,4,plugin,113,1350,0.0134854,0.00887226,0.00441703,0.00232686,0.001998,True,0.002997,True
K28C,10uM,3,terciles,paridad,dwell_paso,4,mm,113,1350,0.0102794,0.00566627,0.00121104,0.00232686,0.001998,True,0.002997,True
K28C,10uM,3,terciles,paridad,dwell_paso,4,pt,113,1350,0.0102794,0.00566627,0.00121104,0.00232686,0.001998,True,0.002997,True
K28C,10uM,3,terciles,paridad,dwell_paso,4,nsb,113,1350,0.00794991,0.00349777,0.000680873,0.00138629,0.001998,True,0.002997,True
K28C,10uM,3,terciles,paridad,evento,8,plugin,113,1350,0.403038,0.363692,0.334053,0.0180964,0.000999001,True,0.002997,True
K28C,10uM,3,terciles,paridad,evento,8,mm,113,1350,0.160451,0.115712,0.0813087,0.0207119,0.000999001,True,0.002997,True
K28C,10uM,3,terciles,paridad,evento,8,pt,113,1350,0.120911,0.0815652,0.0519258,0.0180964,0.000999001,True,0.002997,True
K28C,10uM,3,terciles,paridad,evento,8,nsb,113,1350,0.0619132,0.0286667,0.0138344,0.00780496,0.000999001,True,0.002997,True
K28C,10uM,3,terciles,paridad,dwell,8,plugin,113,1350,0.040443,0.0412278,0.0307973,0.00595177,0.0699301,False,0.0699301,False
K28C,10uM,3,terciles,paridad,dwell,8,mm,113,1350,0.0142608,0.0150455,0.00461508,0.00595177,0.0699301,False,0.0699301,False
K28C,10uM,3,terciles,paridad,dwell,8,pt,113,1350,0.0142608,0.0150455,0.00461508,0.00595177,0.0699301,False,0.0699301,False
K28C,10uM,3,terciles,paridad,dwell,8,nsb,113,1350,0.00793127,0.00937318,0.00335289,0.00289314,0.0789211,False,0.0789211,False
K28C,10uM,3,terciles,paridad,paso,8,plugin,113,1350,0.0304725,0.0112057,0.00613107,0.00271094,0.000999001,True,0.002997,True
K28C,10uM,3,terciles,paridad,paso,8,mm,113,1350,0.0283352,0.00906837,0.00399374,0.00271094,0.000999001,True,0.002997,True
K28C,10uM,3,terciles,paridad,paso,8,pt,113,1350,0.0283352,0.00906837,0.00399374,0.00271094,0.000999001,True,0.002997,True
K28C,10uM,3,terciles,paridad,paso,8,nsb,113,1350,0.0266294,0.00726451,0.00274971,0.00228304,0.000999001,True,0.002997,True
K28C,10uM,3,terciles,paridad,dwell_paso,8,plugin,113,1350,0.0158092,0.0147264,0.00863311,0.00317429,0.022977,True,0.022977,True
K28C,10uM,3,terciles,paridad,dwell_paso,8,mm,113,1350,0.00832858,0.00724577,0.00115247,0.00317429,0.022977,True,0.022977,True
K28C,10uM,3,terciles,paridad,dwell_paso,8,pt,113,1350,0.00832858,0.00724577,0.00115247,0.00317429,0.022977,True,0.022977,True
K28C,10uM,3,terciles,paridad,dwell_paso,8,nsb,113,1350,0.00472184,0.00385435,0.00083422,0.0014208,0.023976,True,0.023976,True
K28C,100uM,4,centros_4_8_16,orden,evento,4,plugin,52,423,0.663,0.229105,0.192157,0.0219436,0.000999001,True,0.002997,True
K28C,100uM,4,centros_4_8_16,orden,evento,4,mm,52,423,0.581145,0.133502,0.0921204,0.0243992,0.000999001,True,0.002997,True
K28C,100uM,4,centros_4_8_16,orden,evento,4,pt,52,423,0.512933,0.0724827,0.0254972,0.027276,0.000999001,True,0.002997,True
K28C,100uM,4,centros_4_8_16,orden,evento,4,nsb,52,423,0.515711,0.0706055,0.027434,0.0255297,0.000999001,True,0.002997,True
K28C,100uM,4,centros_4_8_16,orden,dwell,4,plugin,52,423,0.0589658,0.0340252,0.0185627,0.00848124,0.000999001,True,0.002997,True
K28C,100uM,4,centros_4_8_16,orden,dwell,4,mm,52,423,0.043618,0.0186774,0.00321483,0.00848124,0.000999001,True,0.002997,True
K28C,100uM,4,centros_4_8_16,orden,dwell,4,pt,52,423,0.043618,0.0186774,0.00321483,0.00848124,0.000999001,True,0.002997,True
K28C,100uM,4,centros_4_8_16,orden,dwell,4,nsb,52,423,0.0329704,0.0108769,0.00188112,0.00456827,0.000999001,True,0.002997,True
K28C,100uM,4,centros_4_8_16,orden,paso,4,plugin,52,423,0.0782081,0.0205907,0.00919208,0.00569501,0.000999001,True,0.002997,True
K28C,100uM,4,centros_4_8_16,orden,paso,4,mm,52,423,0.0730921,0.0141126,0.0030683,0.00568811,0.000999001,True,0.002997,True
K28C,100uM,4,centros_4_8_16,orden,paso,4,pt,52,423,0.0730921,0.0141126,0.0030683,0.00568811,0.000999001,True,0.002997,True
K28C,100uM,4,centros_4_8_16,orden,paso,4,nsb,52,423,0.0710273,0.0132023,0.00217121,0.00564742,0.000999001,True,0.002997,True
K28C,100uM,4,centros_4_8_16,orden,dwell_paso,4,plugin,52,423,0.221343,0.0240205,0.0113242,0.0063857,0.000999001,True,0.002997,True
K28C,100uM,4,centros_4_8_16,orden,dwell_paso,4,mm,52,423,0.211111,0.0146769,0.00117757,0.00656224,0.000999001,True,0.002997,True
K28C,100uM,4,centros_4_8_16,orden,dwell_paso,4,pt,52,423,0.211111,0.0146769,0.00117757,0.00656224,0.000999001,True,0.002997,True
K28C,100uM,4,centros_4_8_16,orden,dwell_paso,4,nsb,52,423,0.206238,0.0109444,-0.00171272,0.00641503,0.000999001,True,0.002997,True
K28C,100uM,4,centros_4_8_16,orden,evento,8,plugin,52,423,1.0295,0.659312,0.597618,0.0355586,0.000999001,True,0.002997,True
K28C,100uM,4,centros_4_8_16,orden,evento,8,mm,52,423,0.833387,0.414538,0.346248,0.0414651,0.000999001,True,0.002997,True
K28C,100uM,4,centros_4_8_16,orden,evento,8,pt,52,423,0.685025,0.234536,0.152756,0.04869,0.000999001,True,0.002997,True
K28C,100uM,4,centros_4_8_16,orden,evento,8,nsb,52,423,0.577436,0.102175,0.0162642,0.0512204,0.000999001,True,0.002997,True
K28C,100uM,4,centros_4_8_16,orden,dwell,8,plugin,52,423,0.156031,0.123827,0.0915629,0.0189395,0.002997,True,0.00599401,True
K28C,100uM,4,centros_4_8_16,orden,dwell,8,mm,52,423,0.0758808,0.040715,0.00809293,0.0190689,0.001998,True,0.003996,True
K28C,100uM,4,centros_4_8_16,orden,dwell,8,pt,52,423,0.0741755,0.040715,0.00808781,0.0190551,0.002997,True,0.00599401,True
K28C,100uM,4,centros_4_8_16,orden,dwell,8,nsb,52,423,0.0379327,0.0206245,0.00698429,0.00727488,0.00699301,True,0.013986,True
K28C,100uM,4,centros_4_8_16,orden,paso,8,plugin,52,423,0.0782081,0.0205907,0.00919208,0.00569501,0.000999001,True,0.002997,True
K28C,100uM,4,centros_4_8_16,orden,paso,8,mm,52,423,0.0730921,0.0141126,0.0030683,0.00568811,0.000999001,True,0.002997,True
K28C,100uM,4,centros_4_8_16,orden,paso,8,pt,52,423,0.0730921,0.0141126,0.0030683,0.00568811,0.000999001,True,0.002997,True
K28C,100uM,4,centros_4_8_16,orden,paso,8,nsb,52,423,0.0710273,0.0132023,0.00217121,0.00564742,0.000999001,True,0.002997,True
K28C,100uM,4,centros_4_8_16,orden,dwell_paso,8,plugin,52,423,0.24853,0.0437815,0.0270175,0.00962204,0.000999001,True,0.002997,True
K28C,100uM,4,centros_4_8_16,orden,dwell_paso,8,mm,52,423,0.229771,0.0238538,0.0049883,0.0106005,0.000999001,True,0.002997,True
K28C,100uM,4,centros_4_8_16,orden,dwell_paso,8,pt,52,423,0.226361,0.0216125,0.00441532,0.0100149,0.000999001,True,0.002997,True
K28C,100uM,4,centros_4_8_16,orden,dwell_paso,8,nsb,52,423,0.217917,0.0150101,-0.00168183,0.00950874,0.000999001,True,0.002997,True
K28C,100uM,4,centros_4_8_16,paridad,evento,4,plugin,52,423,0.663,0.24459,0.207046,0.0217884,0.000999001,True,0.002997,True
K28C,100uM,4,centros_4_8_16,paridad,evento,4,mm,52,423,0.581145,0.147001,0.105565,0.0238937,0.000999001,True,0.002997,True
K28C,100uM,4,centros_4_8_16,paridad,evento,4,pt,52,423,0.512933,0.0823802,0.0361228,0.0264544,0.000999001,True,0.002997,True
K28C,100uM,4,centros_4_8_16,paridad,evento,4,nsb,52,423,0.515711,0.0826293,0.0400485,0.0246944,0.000999001,True,0.002997,True
K28C,100uM,4,centros_4_8_16,paridad,dwell,4,plugin,52,423,0.0589658,0.0328111,0.0175432,0.00783029,0.000999001,True,0.002997,True
K28C,100uM,4,centros_4_8_16,paridad,dwell,4,mm,52,423,0.043618,0.0174633,0.00219543,0.00783029,0.000999001,True,0.002997,True
K28C,100uM,4,centros_4_8_16,paridad,dwell,4,pt,52,423,0.043618,0.0174633,0.00219543,0.00783029,0.000999001,True,0.002997,True
K28C,100uM,4,centros_4_8_16,paridad,dwell,4,nsb,52,423,0.0329704,0.00964889,0.00130544,0.00404823,0.000999001,True,0.002997,True
K28C,100uM,4,centros_4_8_16,paridad,paso,4,plugin,52,423,0.0782081,0.0343802,0.0190048,0.00843994,0.000999001,True,0.002997,True
K28C,100uM,4,centros_4_8_16,paridad,paso,4,mm,52,423,0.0730921,0.0288649,0.0131249,0.00853646,0.000999001,True,0.002997,True
K28C,100uM,4,centros_4_8_16,paridad,paso,4,pt,52,423,0.0730921,0.0288649,0.0131249,0.00853646,0.000999001,True,0.002997,True
K28C,100uM,4,centros_4_8_16,paridad,paso,4,nsb,52,423,0.0710273,0.0274181,0.0120145,0.00842195,0.000999001,True,0.002997,True
K28C,100uM,4,centros_4_8_16,paridad,dwell_paso,4,plugin,52,423,0.221343,0.0279605,0.0132254,0.00753943,0.000999001,True,0.002997,True
K28C,100uM,4,centros_4_8_16,paridad,dwell_paso,4,mm,52,423,0.211111,0.0181181,0.00308051,0.00771728,0.000999001,True,0.002997,True
K28C,100uM,4,centros_4_8_16,paridad,dwell_paso,4,pt,52,423,0.211111,0.0181181,0.00308051,0.00771728,0.000999001,True,0.002997,True
K28C,100uM,4,centros_4_8_16,paridad,dwell_paso,4,nsb,52,423,0.206238,0.0146321,0.000183259,0.00752448,0.000999001,True,0.002997,True
K28C,100uM,4,centros_4_8_16,paridad,evento,8,plugin,52,423,1.0295,0.678945,0.621681,0.0340876,0.000999001,True,0.002997,True
K28C,100uM,4,centros_4_8_16,paridad,evento,8,mm,52,423,0.833387,0.436653,0.371054,0.0395042,0.000999001,True,0.002997,True
K28C,100uM,4,centros_4_8_16,paridad,evento,8,pt,52,423,0.685025,0.25624,0.178465,0.045894,0.000999001,True,0.002997,True
K28C,100uM,4,centros_4_8_16,paridad,evento,8,nsb,52,423,0.577436,0.126047,0.0433601,0.0483276,0.000999001,True,0.002997,True
K28C,100uM,4,centros_4_8_16,paridad,dwell,8,plugin,52,423,0.156031,0.12723,0.0963665,0.0173689,0.001998,True,0.003996,True
K28C,100uM,4,centros_4_8_16,paridad,dwell,8,mm,52,423,0.0758808,0.0439861,0.0129272,0.0175158,0.000999001,True,0.002997,True
K28C,100uM,4,centros_4_8_16,paridad,dwell,8,pt,52,423,0.0741755,0.0439861,0.0129238,0.0175063,0.001998,True,0.003996,True
K28C,100uM,4,centros_4_8_16,paridad,dwell,8,nsb,52,423,0.0379327,0.0212645,0.0081866,0.00682766,0.003996,True,0.00799201,True
K28C,100uM,4,centros_4_8_16,paridad,paso,8,plugin,52,423,0.0782081,0.0343802,0.0190048,0.00843994,0.000999001,True,0.002997,True
K28C,100uM,4,centros_4_8_16,paridad,paso,8,mm,52,423,0.0730921,0.0288649,0.0131249,0.00853646,0.000999001,True,0.002997,True
K28C,100uM,4,centros_4_8_16,paridad,paso,8,pt,52,423,0.0730921,0.0288649,0.0131249,0.00853646,0.000999001,True,0.002997,True
K28C,100uM,4,centros_4_8_16,paridad,paso,8,nsb,52,423,0.0710273,0.0274181,0.0120145,0.00842195,0.000999001,True,0.002997,True
K28C,100uM,4,centros_4_8_16,paridad,dwell_paso,8,plugin,52,423,0.24853,0.0477992,0.0285968,0.0104267,0.000999001,True,0.002997,True
K28C,100uM,4,centros_4_8_16,paridad,dwell_paso,8,mm,52,423,0.229771,0.0273354,0.00646695,0.0113249,0.000999001,True,0.002997,True
K28C,100uM,4,centros_4_8_16,paridad,dwell_paso,8,pt,52,423,0.226361,0.0253433,0.00594,0.0107881,0.000999001,True,0.002997,True
K28C,100uM,4,centros_4_8_16,paridad,dwell_paso,8,nsb,52,423,0.217917,0.0190544,-5.12037e-05,0.0102545,0.000999001,True,0.002997,True
K28C,100uM,4,terciles,orden,evento,4,plugin,52,423,0.616083,0.286527,0.238362,0.0279701,0.000999001,True,0.002997,True
K28C,100uM,4,terciles,orden,evento,4,mm,52,423,0.476247,0.119262,0.0655741,0.0311957,0.000999001,True,0.002997,True
K28C,100uM,4,terciles,orden,evento,4,pt,52,423,0.411445,0.0818896,0.033724,0.0279701,0.000999001,True,0.002997,True
K28C,100uM,4,terciles,orden,evento,4,nsb,52,423,0.398195,0.0458063,-0.00383404,0.0287978,0.000999001,True,0.002997,True
K28C,100uM,4,terciles,orden,dwell,4,plugin,52,423,0.0589658,0.0340252,0.0185627,0.00848124,0.000999001,True,0.002997,True
K28C,100uM,4,terciles,orden,dwell,4,mm,52,423,0.043618,0.0186774,0.00321483,0.00848124,0.000999001,True,0.002997,True
K28C,100uM,4,terciles,orden,dwell,4,pt,52,423,0.043618,0.0186774,0.00321483,0.00848124,0.000999001,True,0.002997,True
K28C,100uM,4,terciles,orden,dwell,4,nsb,52,423,0.0329704,0.0108769,0.00188112,0.00456827,0.000999001,True,0.002997,True
K28C,100uM,4,terciles,orden,paso,4,plugin,52,423,0.0565067,0.018222,0.00774914,0.00524554,0.000999001,True,0.002997,True
K28C,100uM,4,terciles,orden,paso,4,mm,52,423,0.0496854,0.0114008,0.000927882,0.00524554,0.000999001,True,0.002997,True
K28C,100uM,4,terciles,orden,paso,4,pt,52,423,0.0496854,0.0114008,0.000927882,0.00524554,0.000999001,True,0.002997,True
K28C,100uM,4,terciles,orden,paso,4,nsb,52,423,0.0438569,0.00713521,0.000808009,0.0030342,0.000999001,True,0.002997,True
K28C,100uM,4,terciles,orden,dwell_paso,4,plugin,52,423,0.164767,0.0228149,0.0108529,0.00627163,0.000999001,True,0.002997,True
K28C,100uM,4,terciles,orden,dwell_paso,4,mm,52,423,0.154535,0.012583,0.000621024,0.00627163,0.000999001,True,0.002997,True
K28C,100uM,4,terciles,orden,dwell_paso,4,pt,52,423,0.154535,0.012583,0.000621024,0.00627163,0.000999001,True,0.002997,True
K28C,100uM,4,terciles,orden,dwell_paso,4,nsb,52,423,0.146714,0.00706257,0.0005729,0.00329512,0.000999001,True,0.002997,True
K28C,100uM,4,terciles,orden,evento,8,plugin,52,423,1.19826,0.998996,0.931777,0.0397142,0.000999001,True,0.002997,True
K28C,100uM,4,terciles,orden,evento,8,mm,52,423,0.8572,0.620647,0.536156,0.0501123,0.000999001,True,0.002997,True
K28C,100uM,4,terciles,orden,evento,8,pt,52,423,0.52978,0.225113,0.0976861,0.0759339,0.000999001,True,0.002997,True
K28C,100uM,4,terciles,orden,evento,8,nsb,52,423,0.390075,0.0927362,-0.00742456,0.0581451,0.000999001,True,0.002997,True
K28C,100uM,4,terciles,orden,dwell,8,plugin,52,423,0.156031,0.123827,0.0915629,0.0189395,0.002997,True,0.00599401,True
K28C,100uM,4,terciles,orden,dwell,8,mm,52,423,0.0758808,0.040715,0.00809293,0.0190689,0.001998,True,0.003996,True
K28C,100uM,4,terciles,orden,dwell,8,pt,52,423,0.0741755,0.040715,0.00808781,0.0190551,0.002997,True,0.00599401,True
K28C,100uM,4,terciles,orden,dwell,8,nsb,52,423,0.0379327,0.0206245,0.00698429,0.00727488,0.00699301,True,0.013986,True
K28C,100uM,4,terciles,orden,paso,8,plugin,52,423,0.0565067,0.018222,0.00774914,0.00524554,0.000999001,True,0.002997,True
K28C,100uM,4,terciles,orden,paso,8,mm,52,423,0.0496854,0.0114008,0.000927882,0.00524554,0.000999001,True,0.002997,True
K28C,100uM,4,terciles,orden,paso,8,pt,52,423,0.0496854,0.0114008,0.000927882,0.00524554,0.000999001,True,0.002997,True
K28C,100uM,4,terciles,orden,paso,8,nsb,52,423,0.0438569,0.00713521,0.000808009,0.0030342,0.000999001,True,0.002997,True
K28C,100uM,4,terciles,orden,dwell_paso,8,plugin,52,423,0.180427,0.041923,0.0252516,0.00939611,0.000999001,True,0.002997,True
K28C,100uM,4,terciles,orden,dwell_paso,8,mm,52,423,0.156552,0.0180486,0.00137726,0.00939611,0.000999001,True,0.002997,True
K28C,100uM,4,terciles,orden,dwell_paso,8,pt,52,423,0.156552,0.0180486,0.00137726,0.00939611,0.000999001,True,0.002997,True
K28C,100uM,4,terciles,orden,dwell_paso,8,nsb,52,423,0.142082,0.00908637,0.00183463,0.003768,0.000999001,True,0.002997,True
K28C,100uM,4,terciles,paridad,evento,4,plugin,52,423,0.616083,0.308088,0.257632,0.0292503,0.000999001,True,0.002997,True
K28C,100uM,4,terciles,paridad,evento,4,mm,52,423,0.476247,0.14277,0.0858015,0.0325663,0.000999001,True,0.002997,True
K28C,100uM,4,terciles,paridad,evento,4,pt,52,423,0.411445,0.10345,0.0529947,0.0292503,0.000999001,True,0.002997,True
K28C,100uM,4,terciles,paridad,evento,4,nsb,52,423,0.398195,0.0671854,0.0159118,0.0302728,0.000999001,True,0.002997,True
K28C,100uM,4,terciles,paridad,dwell,4,plugin,52,423,0.0589658,0.0328111,0.0175432,0.00783029,0.000999001,True,0.002997,True
K28C,100uM,4,terciles,paridad,dwell,4,mm,52,423,0.043618,0.0174633,0.00219543,0.00783029,0.000999001,True,0.002997,True
K28C,100uM,4,terciles,paridad,dwell,4,pt,52,423,0.043618,0.0174633,0.00219543,0.00783029,0.000999001,True,0.002997,True
K28C,100uM,4,terciles,paridad,dwell,4,nsb,52,423,0.0329704,0.00964889,0.00130544,0.00404823,0.000999001,True,0.002997,True
K28C,100uM,4,terciles,paridad,paso,4,plugin,52,423,0.0565067,0.0325724,0.0177335,0.00829854,0.002997,True,0.002997,True
K28C,100uM,4,terciles,paridad,paso,4,mm,52,423,0.0496854,0.0257512,0.0109122,0.00829854,0.002997,True,0.002997,True
K28C,100uM,4,terciles,paridad,paso,4,pt,52,423,0.0496854,0.0257512,0.0109122,0.00829854,0.002997,True,0.002997,True
K28C,100uM,4,terciles,paridad,paso,4,nsb,52,423,0.0438569,0.0200541,0.00741294,0.00674092,0.002997,True,0.002997,True
K28C,100uM,4,terciles,paridad,dwell_paso,4,plugin,52,423,0.164767,0.027851,0.0134909,0.00729598,0.000999001,True,0.002997,True
K28C,100uM,4,terciles,paridad,dwell_paso,4,mm,52,423,0.154535,0.0176192,0.00325898,0.00729598,0.000999001,True,0.002997,True
K28C,100uM,4,terciles,paridad,dwell_paso,4,pt,52,423,0.154535,0.0176192,0.00325898,0.00729598,0.000999001,True,0.002997,True
K28C,100uM,4,terciles,paridad,dwell_paso,4,nsb,52,423,0.146714,0.0110713,0.00194275,0.0044166,0.000999001,True,0.002997,True
K28C,100uM,4,terciles,paridad,evento,8,plugin,52,423,1.19826,1.00894,0.948802,0.0373536,0.000999001,True,0.002997,True
K28C,100uM,4,terciles,paridad,evento,8,mm,52,423,0.8572,0.633153,0.556328,0.0468929,0.000999001,True,0.002997,True
K28C,100uM,4,terciles,paridad,evento,8,pt,52,423,0.52978,0.246413,0.125723,0.0711656,0.000999001,True,0.002997,True
K28C,100uM,4,terciles,paridad,evento,8,nsb,52,423,0.390075,0.10747,0.0121911,0.0562941,0.000999001,True,0.002997,True
K28C,100uM,4,terciles,paridad,dwell,8,plugin,52,423,0.156031,0.12723,0.0963665,0.0173689,0.001998,True,0.003996,True
K28C,100uM,4,terciles,paridad,dwell,8,mm,52,423,0.0758808,0.0439861,0.0129272,0.0175158,0.000999001,True,0.002997,True
K28C,100uM,4,terciles,paridad,dwell,8,pt,52,423,0.0741755,0.0439861,0.0129238,0.0175063,0.001998,True,0.003996,True
K28C,100uM,4,terciles,paridad,dwell,8,nsb,52,423,0.0379327,0.0212645,0.0081866,0.00682766,0.003996,True,0.00799201,True
K28C,100uM,4,terciles,paridad,paso,8,plugin,52,423,0.0565067,0.0325724,0.0177335,0.00829854,0.002997,True,0.002997,True
K28C,100uM,4,terciles,paridad,paso,8,mm,52,423,0.0496854,0.0257512,0.0109122,0.00829854,0.002997,True,0.002997,True
K28C,100uM,4,terciles,paridad,paso,8,pt,52,423,0.0496854,0.0257512,0.0109122,0.00829854,0.002997,True,0.002997,True
K28C,100uM,4,terciles,paridad,paso,8,nsb,52,423,0.0438569,0.0200541,0.00741294,0.00674092,0.002997,True,0.002997,True
K28C,100uM,4,terciles,paridad,dwell_paso,8,plugin,52,423,0.180427,0.0453278,0.0274228,0.00986406,0.000999001,True,0.002997,True
K28C,100uM,4,terciles,paridad,dwell_paso,8,mm,52,423,0.156552,0.0214534,0.00354844,0.00986406,0.000999001,True,0.002997,True
K28C,100uM,4,terciles,paridad,dwell_paso,8,pt,52,423,0.156552,0.0214534,0.00354844,0.00986406,0.000999001,True,0.002997,True
K28C,100uM,4,terciles,paridad,dwell_paso,8,nsb,52,423,0.142082,0.0112221,0.00268831,0.00439098,0.000999001,True,0.002997,True
K28C,1mM,5,centros_4_8_16,orden,evento,4,plugin,71,909,0.527677,0.124252,0.105324,0.0117273,0.000999001,True,0.002997,True
K28C,1mM,5,centros_4_8_16,orden,evento,4,mm,71,909,0.471334,0.0660446,0.0451379,0.0127397,0.000999001,True,0.002997,True
K28C,1mM,5,centros_4_8_16,orden,evento,4,pt,71,909,0.432449,0.0312134,0.0104933,0.0120616,0.000999001,True,0.002997,True
K28C,1mM,5,centros_4_8_16,orden,evento,4,nsb,71,909,0.439677,0.0411039,0.0196638,0.0129824,0.000999001,True,0.002997,True
K28C,1mM,5,centros_4_8_16,orden,dwell,4,plugin,71,909,0.044551,0.0265026,0.0164161,0.00567354,0.000999001,True,0.002997,True
K28C,1mM,5,centros_4_8_16,orden,dwell,4,mm,71,909,0.0374089,0.0193605,0.00927408,0.00567354,0.000999001,True,0.002997,True
K28C,1mM,5,centros_4_8_16,orden,dwell,4,pt,71,909,0.0374089,0.0193605,0.00927408,0.00567354,0.000999001,True,0.002997,True
K28C,1mM,5,centros_4_8_16,orden,dwell,4,nsb,71,909,0.0326694,0.0147535,0.00600027,0.00454015,0.000999001,True,0.002997,True
K28C,1mM,5,centros_4_8_16,orden,paso,4,plugin,71,909,0.0864737,0.0142782,0.00720129,0.00373273,0.000999001,True,0.002997,True
K28C,1mM,5,centros_4_8_16,orden,paso,4,mm,71,909,0.0840931,0.011141,0.00422305,0.00378363,0.000999001,True,0.002997,True
K28C,1mM,5,centros_4_8_16,orden,paso,4,pt,71,909,0.0840931,0.011141,0.00422305,0.00378363,0.000999001,True,0.002997,True
K28C,1mM,5,centros_4_8_16,orden,paso,4,nsb,71,909,0.0832149,0.0108373,0.00388411,0.00373663,0.000999001,True,0.002997,True
K28C,1mM,5,centros_4_8_16,orden,dwell_paso,4,plugin,71,909,0.232158,0.0118586,0.00569394,0.00302421,0.000999001,True,0.002997,True
K28C,1mM,5,centros_4_8_16,orden,dwell_paso,4,mm,71,909,0.227397,0.00709721,0.000932572,0.00302421,0.000999001,True,0.002997,True
K28C,1mM,5,centros_4_8_16,orden,dwell_paso,4,pt,71,909,0.227397,0.00709721,0.000932572,0.00302421,0.000999001,True,0.002997,True
K28C,1mM,5,centros_4_8_16,orden,dwell_paso,4,nsb,71,909,0.224388,0.00563174,-0.000599312,0.00303063,0.000999001,True,0.002997,True
K28C,1mM,5,centros_4_8_16,orden,evento,8,plugin,71,909,0.779856,0.37454,0.340983,0.0192754,0.000999001,True,0.002997,True
K28C,1mM,5,centros_4_8_16,orden,evento,8,mm,71,909,0.648125,0.212788,0.175489,0.0216298,0.000999001,True,0.002997,True
K28C,1mM,5,centros_4_8_16,orden,evento,8,pt,71,909,0.557659,0.119033,0.0776479,0.0239946,0.000999001,True,0.002997,True
K28C,1mM,5,centros_4_8_16,orden,evento,8,nsb,71,909,0.53641,0.0845812,0.044349,0.0236572,0.000999001,True,0.002997,True
K28C,1mM,5,centros_4_8_16,orden,dwell,8,plugin,71,909,0.104613,0.0668413,0.0508533,0.00953094,0.000999001,True,0.002997,True
K28C,1mM,5,centros_4_8_16,orden,dwell,8,mm,71,909,0.0657288,0.0279568,0.0119688,0.00953094,0.000999001,True,0.002997,True
K28C,1mM,5,centros_4_8_16,orden,dwell,8,pt,71,909,0.0657288,0.0279568,0.0119688,0.00953094,0.000999001,True,0.002997,True
K28C,1mM,5,centros_4_8_16,orden,dwell,8,nsb,71,909,0.0545471,0.0190178,0.00777746,0.00587584,0.000999001,True,0.002997,True
K28C,1mM,5,centros_4_8_16,orden,paso,8,plugin,71,909,0.0864737,0.0142782,0.00720129,0.00373273,0.000999001,True,0.002997,True
K28C,1mM,5,centros_4_8_16,orden,paso,8,mm,71,909,0.0840931,0.011141,0.00422305,0.00378363,0.000999001,True,0.002997,True
K28C,1mM,5,centros_4_8_16,orden,paso,8,pt,71,909,0.0840931,0.011141,0.00422305,0.00378363,0.000999001,True,0.002997,True
K28C,1mM,5,centros_4_8_16,orden,paso,8,nsb,71,909,0.0832149,0.0108373,0.00388411,0.00373663,0.000999001,True,0.002997,True
K28C,1mM,5,centros_4_8_16,orden,dwell_paso,8,plugin,71,909,0.243368,0.0222843,0.0129864,0.00485142,0.000999001,True,0.002997,True
K28C,1mM,5,centros_4_8_16,orden,dwell_paso,8,mm,71,909,0.232258,0.0113357,0.00196223,0.00496557,0.000999001,True,0.002997,True
K28C,1mM,5,centros_4_8_16,orden,dwell_paso,8,pt,71,909,0.232258,0.0113357,0.00195905,0.00495673,0.000999001,True,0.002997,True
K28C,1mM,5,centros_4_8_16,orden,dwell_paso,8,nsb,71,909,0.227783,0.00955363,0.000259291,0.00488547,0.000999001,True,0.002997,True
K28C,1mM,5,centros_4_8_16,paridad,evento,4,plugin,71,909,0.527677,0.139109,0.117136,0.0128156,0.000999001,True,0.002997,True
K28C,1mM,5,centros_4_8_16,paridad,evento,4,mm,71,909,0.471334,0.081772,0.0579744,0.0138573,0.000999001,True,0.002997,True
K28C,1mM,5,centros_4_8_16,paridad,evento,4,pt,71,909,0.432449,0.0466011,0.0227775,0.0134998,0.000999001,True,0.002997,True
K28C,1mM,5,centros_4_8_16,paridad,evento,4,nsb,71,909,0.439677,0.0569931,0.0327115,0.0140814,0.000999001,True,0.002997,True
K28C,1mM,5,centros_4_8_16,paridad,dwell,4,plugin,71,909,0.044551,0.0232314,0.0144249,0.00485232,0.000999001,True,0.002997,True
K28C,1mM,5,centros_4_8_16,paridad,dwell,4,mm,71,909,0.0374089,0.0160893,0.00728283,0.00485232,0.000999001,True,0.002997,True
K28C,1mM,5,centros_4_8_16,paridad,dwell,4,pt,71,909,0.0374089,0.0160893,0.00728283,0.00485232,0.000999001,True,0.002997,True
K28C,1mM,5,centros_4_8_16,paridad,dwell,4,nsb,71,909,0.0326694,0.0115224,0.00439863,0.00364081,0.000999001,True,0.002997,True
K28C,1mM,5,centros_4_8_16,paridad,paso,4,plugin,71,909,0.0864737,0.023489,0.0139681,0.00544295,0.000999001,True,0.002997,True
K28C,1mM,5,centros_4_8_16,paridad,paso,4,mm,71,909,0.0840931,0.0207008,0.0111883,0.00551859,0.000999001,True,0.002997,True
K28C,1mM,5,centros_4_8_16,paridad,paso,4,pt,71,909,0.0840931,0.0207008,0.0111883,0.00551859,0.000999001,True,0.002997,True
K28C,1mM,5,centros_4_8_16,paridad,paso,4,nsb,71,909,0.0832149,0.0201978,0.0107585,0.00545965,0.000999001,True,0.002997,True
K28C,1mM,5,centros_4_8_16,paridad,dwell_paso,4,plugin,71,909,0.232158,0.0149192,0.00798873,0.00377367,0.000999001,True,0.002997,True
K28C,1mM,5,centros_4_8_16,paridad,dwell_paso,4,mm,71,909,0.227397,0.0101578,0.00322736,0.00377367,0.000999001,True,0.002997,True
K28C,1mM,5,centros_4_8_16,paridad,dwell_paso,4,pt,71,909,0.227397,0.0101578,0.00322736,0.00377367,0.000999001,True,0.002997,True
K28C,1mM,5,centros_4_8_16,paridad,dwell_paso,4,nsb,71,909,0.224388,0.00866404,0.00170147,0.00377761,0.000999001,True,0.002997,True
K28C,1mM,5,centros_4_8_16,paridad,evento,8,plugin,71,909,0.779856,0.378627,0.348571,0.0186847,0.000999001,True,0.002997,True
K28C,1mM,5,centros_4_8_16,paridad,evento,8,mm,71,909,0.648125,0.219476,0.18476,0.0210689,0.000999001,True,0.002997,True
K28C,1mM,5,centros_4_8_16,paridad,evento,8,pt,71,909,0.557659,0.127177,0.0876644,0.0234367,0.000999001,True,0.002997,True
K28C,1mM,5,centros_4_8_16,paridad,evento,8,nsb,71,909,0.53641,0.0939536,0.0556523,0.0231684,0.000999001,True,0.002997,True
K28C,1mM,5,centros_4_8_16,paridad,dwell,8,plugin,71,909,0.104613,0.0649496,0.0490093,0.00871105,0.000999001,True,0.002997,True
K28C,1mM,5,centros_4_8_16,paridad,dwell,8,mm,71,909,0.0657288,0.026065,0.0101248,0.00871105,0.000999001,True,0.002997,True
K28C,1mM,5,centros_4_8_16,paridad,dwell,8,pt,71,909,0.0657288,0.026065,0.0101248,0.00871105,0.000999001,True,0.002997,True
K28C,1mM,5,centros_4_8_16,paridad,dwell,8,nsb,71,909,0.0545471,0.0166017,0.00647945,0.00496699,0.000999001,True,0.002997,True
K28C,1mM,5,centros_4_8_16,paridad,paso,8,plugin,71,909,0.0864737,0.023489,0.0139681,0.00544295,0.000999001,True,0.002997,True
K28C,1mM,5,centros_4_8_16,paridad,paso,8,mm,71,909,0.0840931,0.0207008,0.0111883,0.00551859,0.000999001,True,0.002997,True
K28C,1mM,5,centros_4_8_16,paridad,paso,8,pt,71,909,0.0840931,0.0207008,0.0111883,0.00551859,0.000999001,True,0.002997,True
K28C,1mM,5,centros_4_8_16,paridad,paso,8,nsb,71,909,0.0832149,0.0201978,0.0107585,0.00545965,0.000999001,True,0.002997,True
K28C,1mM,5,centros_4_8_16,paridad,dwell_paso,8,plugin,71,909,0.243368,0.0249179,0.0154763,0.00539567,0.000999001,True,0.002997,True
K28C,1mM,5,centros_4_8_16,paridad,dwell_paso,8,mm,71,909,0.232258,0.0143449,0.00448155,0.00552246,0.000999001,True,0.002997,True
K28C,1mM,5,centros_4_8_16,paridad,dwell_paso,8,pt,71,909,0.232258,0.0142962,0.00447758,0.00551493,0.000999001,True,0.002997,True
K28C,1mM,5,centros_4_8_16,paridad,dwell_paso,8,nsb,71,909,0.227783,0.0119106,0.00256231,0.00540295,0.000999001,True,0.002997,True
K28C,1mM,5,terciles,orden,evento,4,plugin,71,909,0.461173,0.138576,0.115913,0.0134337,0.000999001,True,0.002997,True
K28C,1mM,5,terciles,orden,evento,4,mm,71,909,0.388959,0.0533401,0.0296536,0.0140673,0.000999001,True,0.002997,True
K28C,1mM,5,terciles,orden,evento,4,pt,71,909,0.365946,0.0433483,0.0206856,0.0134337,0.000999001,True,0.002997,True
K28C,1mM,5,terciles,orden,evento,4,nsb,71,909,0.36337,0.0325835,0.0094026,0.0137906,0.000999001,True,0.002997,True
K28C,1mM,5,terciles,orden,dwell,4,plugin,71,909,0.044551,0.0265026,0.0164161,0.00567354,0.000999001,True,0.002997,True
K28C,1mM,5,terciles,orden,dwell,4,mm,71,909,0.0374089,0.0193605,0.00927408,0.00567354,0.000999001,True,0.002997,True
K28C,1mM,5,terciles,orden,dwell,4,pt,71,909,0.0374089,0.0193605,0.00927408,0.00567354,0.000999001,True,0.002997,True
K28C,1mM,5,terciles,orden,dwell,4,nsb,71,909,0.0326694,0.0147535,0.00600027,0.00454015,0.000999001,True,0.002997,True
K28C,1mM,5,terciles,orden,paso,4,plugin,71,909,0.06153,0.0124408,0.00606239,0.00335405,0.000999001,True,0.002997,True
K28C,1mM,5,terciles,orden,paso,4,mm,71,909,0.0583557,0.00926655,0.00288815,0.00335405,0.000999001,True,0.002997,True
K28C,1mM,5,terciles,orden,paso,4,pt,71,909,0.0583557,0.00926655,0.00288815,0.00335405,0.000999001,True,0.002997,True
K28C,1mM,5,terciles,orden,paso,4,nsb,71,909,0.0555324,0.00676044,0.00185501,0.00241074,0.000999001,True,0.002997,True
K28C,1mM,5,terciles,orden,dwell_paso,4,plugin,71,909,0.20058,0.0131111,0.00664818,0.00349075,0.000999001,True,0.002997,True
K28C,1mM,5,terciles,orden,dwell_paso,4,mm,71,909,0.195819,0.00834969,0.00188681,0.00349075,0.000999001,True,0.002997,True
K28C,1mM,5,terciles,orden,dwell_paso,4,pt,71,909,0.195819,0.00834969,0.00188681,0.00349075,0.000999001,True,0.002997,True
K28C,1mM,5,terciles,orden,dwell_paso,4,nsb,71,909,0.192328,0.00517107,0.00112048,0.00208709,0.000999001,True,0.002997,True
K28C,1mM,5,terciles,orden,evento,8,plugin,71,909,0.805765,0.500862,0.462286,0.023433,0.000999001,True,0.002997,True
K28C,1mM,5,terciles,orden,evento,8,mm,71,909,0.584362,0.23546,0.1904,0.0275195,0.000999001,True,0.002997,True
K28C,1mM,5,terciles,orden,evento,8,pt,71,909,0.458185,0.082173,0.043388,0.023627,0.000999001,True,0.002997,True
K28C,1mM,5,terciles,orden,evento,8,nsb,71,909,0.411511,0.0461625,4.12174e-05,0.0272453,0.000999001,True,0.002997,True
K28C,1mM,5,terciles,orden,dwell,8,plugin,71,909,0.104613,0.0668413,0.0508533,0.00953094,0.000999001,True,0.002997,True
K28C,1mM,5,terciles,orden,dwell,8,mm,71,909,0.0657288,0.0279568,0.0119688,0.00953094,0.000999001,True,0.002997,True
K28C,1mM,5,terciles,orden,dwell,8,pt,71,909,0.0657288,0.0279568,0.0119688,0.00953094,0.000999001,True,0.002997,True
K28C,1mM,5,terciles,orden,dwell,8,nsb,71,909,0.0545471,0.0190178,0.00777746,0.00587584,0.000999001,True,0.002997,True
K28C,1mM,5,terciles,orden,paso,8,plugin,71,909,0.06153,0.0124408,0.00606239,0.00335405,0.000999001,True,0.002997,True
K28C,1mM,5,terciles,orden,paso,8,mm,71,909,0.0583557,0.00926655,0.00288815,0.00335405,0.000999001,True,0.002997,True
K28C,1mM,5,terciles,orden,paso,8,pt,71,909,0.0583557,0.00926655,0.00288815,0.00335405,0.000999001,True,0.002997,True
K28C,1mM,5,terciles,orden,paso,8,nsb,71,909,0.0555324,0.00676044,0.00185501,0.00241074,0.000999001,True,0.002997,True
K28C,1mM,5,terciles,orden,dwell_paso,8,plugin,71,909,0.208011,0.0230464,0.0134933,0.00496271,0.000999001,True,0.002997,True
K28C,1mM,5,terciles,orden,dwell_paso,8,mm,71,909,0.196901,0.0119366,0.00238341,0.00496271,0.000999001,True,0.002997,True
K28C,1mM,5,terciles,orden,dwell_paso,8,pt,71,909,0.196901,0.0119366,0.00238341,0.00496271,0.000999001,True,0.002997,True
K28C,1mM,5,terciles,orden,dwell_paso,8,nsb,71,909,0.191624,0.0068077,0.0016211,0.00243369,0.000999001,True,0.002997,True
K28C,1mM,5,terciles,paridad,evento,4,plugin,71,909,0.461173,0.150713,0.127475,0.0142751,0.000999001,True,0.002997,True
K28C,1mM,5,terciles,paridad,evento,4,mm,71,909,0.388959,0.0657782,0.0412147,0.0150051,0.000999001,True,0.002997,True
K28C,1mM,5,terciles,paridad,evento,4,pt,71,909,0.365946,0.0554852,0.0322474,0.0142751,0.000999001,True,0.002997,True
K28C,1mM,5,terciles,paridad,evento,4,nsb,71,909,0.36337,0.0466754,0.0222262,0.0145711,0.000999001,True,0.002997,True
K28C,1mM,5,terciles,paridad,dwell,4,plugin,71,909,0.044551,0.0232314,0.0144249,0.00485232,0.000999001,True,0.002997,True
K28C,1mM,5,terciles,paridad,dwell,4,mm,71,909,0.0374089,0.0160893,0.00728283,0.00485232,0.000999001,True,0.002997,True
K28C,1mM,5,terciles,paridad,dwell,4,pt,71,909,0.0374089,0.0160893,0.00728283,0.00485232,0.000999001,True,0.002997,True
K28C,1mM,5,terciles,paridad,dwell,4,nsb,71,909,0.0326694,0.0115224,0.00439863,0.00364081,0.000999001,True,0.002997,True
K28C,1mM,5,terciles,paridad,paso,4,plugin,71,909,0.06153,0.0164569,0.00880519,0.00413045,0.000999001,True,0.002997,True
K28C,1mM,5,terciles,paridad,paso,4,mm,71,909,0.0583557,0.0132827,0.00563095,0.00413045,0.000999001,True,0.002997,True
K28C,1mM,5,terciles,paridad,paso,4,pt,71,909,0.0583557,0.0132827,0.00563095,0.00413045,0.000999001,True,0.002997,True
K28C,1mM,5,terciles,paridad,paso,4,nsb,71,909,0.0555324,0.010646,0.00389318,0.00342269,0.000999001,True,0.002997,True
K28C,1mM,5,terciles,paridad,dwell_paso,4,plugin,71,909,0.20058,0.0176129,0.00973027,0.00430062,0.000999001,True,0.002997,True
K28C,1mM,5,terciles,paridad,dwell_paso,4,mm,71,909,0.195819,0.0128515,0.0049689,0.00430062,0.000999001,True,0.002997,True
K28C,1mM,5,terciles,paridad,dwell_paso,4,pt,71,909,0.195819,0.0128515,0.0049689,0.00430062,0.000999001,True,0.002997,True
K28C,1mM,5,terciles,paridad,dwell_paso,4,nsb,71,909,0.192328,0.00936949,0.00304999,0.00317203,0.000999001,True,0.002997,True
K28C,1mM,5,terciles,paridad,evento,8,plugin,71,909,0.805765,0.512411,0.473818,0.0236359,0.000999001,True,0.002997,True
K28C,1mM,5,terciles,paridad,evento,8,mm,71,909,0.584362,0.250584,0.204888,0.0278158,0.000999001,True,0.002997,True
K28C,1mM,5,terciles,paridad,evento,8,pt,71,909,0.458185,0.0954888,0.0554596,0.024793,0.000999001,True,0.002997,True
K28C,1mM,5,terciles,paridad,evento,8,nsb,71,909,0.411511,0.0600769,0.0139194,0.0278264,0.000999001,True,0.002997,True
K28C,1mM,5,terciles,paridad,dwell,8,plugin,71,909,0.104613,0.0649496,0.0490093,0.00871105,0.000999001,True,0.002997,True
K28C,1mM,5,terciles,paridad,dwell,8,mm,71,909,0.0657288,0.026065,0.0101248,0.00871105,0.000999001,True,0.002997,True
K28C,1mM,5,terciles,paridad,dwell,8,pt,71,909,0.0657288,0.026065,0.0101248,0.00871105,0.000999001,True,0.002997,True
K28C,1mM,5,terciles,paridad,dwell,8,nsb,71,909,0.0545471,0.0166017,0.00647945,0.00496699,0.000999001,True,0.002997,True
K28C,1mM,5,terciles,paridad,paso,8,plugin,71,909,0.06153,0.0164569,0.00880519,0.00413045,0.000999001,True,0.002997,True
K28C,1mM,5,terciles,paridad,paso,8,mm,71,909,0.0583557,0.0132827,0.00563095,0.00413045,0.000999001,True,0.002997,True
K28C,1mM,5,terciles,paridad,paso,8,pt,71,909,0.0583557,0.0132827,0.00563095,0.00413045,0.000999001,True,0.002997,True
K28C,1mM,5,terciles,paridad,paso,8,nsb,71,909,0.0555324,0.010646,0.00389318,0.00342269,0.000999001,True,0.002997,True
K28C,1mM,5,terciles,paridad,dwell_paso,8,plugin,71,909,0.208011,0.0272604,0.0171404,0.00571155,0.000999001,True,0.002997,True
K28C,1mM,5,terciles,paridad,dwell_paso,8,mm,71,909,0.196901,0.0161505,0.00603055,0.00571155,0.000999001,True,0.002997,True
K28C,1mM,5,terciles,paridad,dwell_paso,8,pt,71,909,0.196901,0.0161505,0.00603055,0.00571155,0.000999001,True,0.002997,True
K28C,1mM,5,terciles,paridad,dwell_paso,8,nsb,71,909,0.191624,0.0102619,0.00344355,0.00355509,0.000999001,True,0.002997,True
T324C,10uM,6,centros_4_8_16,orden,evento,4,plugin,305,2513,0.13803,0.0577713,0.0485301,0.00547064,0.000999001,True,0.002997,True
T324C,10uM,6,centros_4_8_16,orden,evento,4,mm,305,2513,0.103584,0.0232126,0.0139686,0.00554084,0.000999001,True,0.002997,True
T324C,10uM,6,centros_4_8_16,orden,evento,4,pt,305,2513,0.103584,0.0230837,0.0139289,0.00551068,0.000999001,True,0.002997,True
T324C,10uM,6,centros_4_8_16,orden,evento,4,nsb,305,2513,0.0968496,0.0181903,0.00910237,0.00548126,0.000999001,True,0.002997,True
T324C,10uM,6,centros_4_8_16,orden,dwell,4,plugin,305,2513,0.0090813,0.00760259,0.00457974,0.00173562,0.014985,True,0.02997,True
T324C,10uM,6,centros_4_8_16,orden,dwell,4,mm,305,2513,0.00649789,0.00501917,0.00199632,0.00173562,0.014985,True,0.02997,True
T324C,10uM,6,centros_4_8_16,orden,dwell,4,pt,305,2513,0.00649789,0.00501917,0.00199632,0.00173562,0.014985,True,0.02997,True
T324C,10uM,6,centros_4_8_16,orden,dwell,4,nsb,305,2513,0.00490261,0.00345246,0.00114434,0.00122578,0.014985,True,0.02997,True
T324C,10uM,6,centros_4_8_16,orden,paso,4,plugin,305,2513,0.0421788,0.0140054,0.00948584,0.00261812,0.000999001,True,0.002997,True
T324C,10uM,6,centros_4_8_16,orden,paso,4,mm,305,2513,0.0410306,0.0128572,0.00833765,0.00261812,0.000999001,True,0.002997,True
T324C,10uM,6,centros_4_8_16,orden,paso,4,pt,305,2513,0.0410306,0.0128572,0.00833765,0.00261812,0.000999001,True,0.002997,True
T324C,10uM,6,centros_4_8_16,orden,paso,4,nsb,305,2513,0.0404805,0.0123269,0.00783946,0.00260453,0.000999001,True,0.002997,True
T324C,10uM,6,centros_4_8_16,orden,dwell_paso,4,plugin,305,2513,0.0285576,0.0042877,0.00213464,0.00114036,0.000999001,True,0.002997,True
T324C,10uM,6,centros_4_8_16,orden,dwell_paso,4,mm,305,2513,0.0268353,0.00256542,0.000412362,0.00114036,0.000999001,True,0.002997,True
T324C,10uM,6,centros_4_8_16,orden,dwell_paso,4,pt,305,2513,0.0268353,0.00256542,0.000412362,0.00114036,0.000999001,True,0.002997,True
T324C,10uM,6,centros_4_8_16,orden,dwell_paso,4,nsb,305,2513,0.0256568,0.0015434,-0.000636541,0.00114302,0.000999001,True,0.002997,True
T324C,10uM,6,centros_4_8_16,orden,evento,8,plugin,305,2513,0.274137,0.200557,0.18254,0.0102952,0.000999001,True,0.002997,True
T324C,10uM,6,centros_4_8_16,orden,evento,8,mm,305,2513,0.143818,0.0682248,0.0490545,0.0113023,0.000999001,True,0.002997,True
T324C,10uM,6,centros_4_8_16,orden,evento,8,pt,305,2513,0.122576,0.0489969,0.0309792,0.0102952,0.000999001,True,0.002997,True
T324C,10uM,6,centros_4_8_16,orden,evento,8,nsb,305,2513,0.107285,0.0363223,0.0185387,0.0103268,0.000999001,True,0.002997,True
T324C,10uM,6,centros_4_8_16,orden,dwell,8,plugin,305,2513,0.0230656,0.0237967,0.0178552,0.00334112,0.0739261,False,0.147852,False
T324C,10uM,6,centros_4_8_16,orden,dwell,8,mm,305,2513,0.00900031,0.00973147,0.00378995,0.00334112,0.0739261,False,0.147852,False
T324C,10uM,6,centros_4_8_16,orden,dwell,8,pt,305,2513,0.00900031,0.00973147,0.00378995,0.00334112,0.0739261,False,0.147852,False
T324C,10uM,6,centros_4_8_16,orden,dwell,8,nsb,305,2513,0.00580117,0.00654023,0.0024974,0.00193644,0.0759241,False,0.151848,False
T324C,10uM,6,centros_4_8_16,orden,paso,8,plugin,305,2513,0.0421788,0.0140054,0.00948584,0.00261812,0.000999001,True,0.002997,True
T324C,10uM,6,centros_4_8_16,orden,paso,8,mm,305,2513,0.0410306,0.0128572,0.00833765,0.00261812,0.000999001,True,0.002997,True
T324C,10uM,6,centros_4_8_16,orden,paso,8,pt,305,2513,0.0410306,0.0128572,0.00833765,0.00261812,0.000999001,True,0.002997,True
T324C,10uM,6,centros_4_8_16,orden,paso,8,nsb,305,2513,0.0404805,0.0123269,0.00783946,0.00260453,0.000999001,True,0.002997,True
T324C,10uM,6,centros_4_8_16,orden,dwell_paso,8,plugin,305,2513,0.0360819,0.00765403,0.00468273,0.00166741,0.000999001,True,0.002997,True
T324C,10uM,6,centros_4_8_16,orden,dwell_paso,8,mm,305,2513,0.0320633,0.00363538,0.00066408,0.00166741,0.000999001,True,0.002997,True
T324C,10uM,6,centros_4_8_16,orden,dwell_paso,8,pt,305,2513,0.0320633,0.00363538,0.00066408,0.00166741,0.000999001,True,0.002997,True
T324C,10uM,6,centros_4_8_16,orden,dwell_paso,8,nsb,305,2513,0.0300526,0.00163618,-0.0013391,0.001686,0.000999001,True,0.002997,True
T324C,10uM,6,centros_4_8_16,paridad,evento,4,plugin,305,2513,0.13803,0.0679533,0.0584329,0.00562336,0.000999001,True,0.002997,True
T324C,10uM,6,centros_4_8_16,paridad,evento,4,mm,305,2513,0.103584,0.0334629,0.023873,0.00568367,0.000999001,True,0.002997,True
T324C,10uM,6,centros_4_8_16,paridad,evento,4,pt,305,2513,0.103584,0.0333113,0.023834,0.00565727,0.000999001,True,0.002997,True
T324C,10uM,6,centros_4_8_16,paridad,evento,4,nsb,305,2513,0.0968496,0.0283563,0.0187643,0.0055823,0.000999001,True,0.002997,True
T324C,10uM,6,centros_4_8_16,paridad,dwell,4,plugin,305,2513,0.0090813,0.00778913,0.00493592,0.00160852,0.00899101,True,0.017982,True
T324C,10uM,6,centros_4_8_16,paridad,dwell,4,mm,305,2513,0.00649789,0.00520571,0.0023525,0.00160852,0.00899101,True,0.017982,True
T324C,10uM,6,centros_4_8_16,paridad,dwell,4,pt,305,2513,0.00649789,0.00520571,0.0023525,0.00160852,0.00899101,True,0.017982,True
T324C,10uM,6,centros_4_8_16,paridad,dwell,4,nsb,305,2513,0.00490261,0.00360184,0.00135379,0.00116125,0.00899101,True,0.017982,True
T324C,10uM,6,centros_4_8_16,paridad,paso,4,plugin,305,2513,0.0421788,0.0214469,0.0154583,0.00327183,0.000999001,True,0.002997,True
T324C,10uM,6,centros_4_8_16,paridad,paso,4,mm,305,2513,0.0410306,0.0202988,0.0143102,0.00327183,0.000999001,True,0.002997,True
T324C,10uM,6,centros_4_8_16,paridad,paso,4,pt,305,2513,0.0410306,0.0202988,0.0143102,0.00327183,0.000999001,True,0.002997,True
T324C,10uM,6,centros_4_8_16,paridad,paso,4,nsb,305,2513,0.0404805,0.0197529,0.0138264,0.00326327,0.000999001,True,0.002997,True
T324C,10uM,6,centros_4_8_16,paridad,dwell_paso,4,plugin,305,2513,0.0285576,0.00559897,0.00296642,0.00141391,0.000999001,True,0.002997,True
T324C,10uM,6,centros_4_8_16,paridad,dwell_paso,4,mm,305,2513,0.0268353,0.00387669,0.00124414,0.00141391,0.000999001,True,0.002997,True
T324C,10uM,6,centros_4_8_16,paridad,dwell_paso,4,pt,305,2513,0.0268353,0.00387669,0.00124414,0.00141391,0.000999001,True,0.002997,True
T324C,10uM,6,centros_4_8_16,paridad,dwell_paso,4,nsb,305,2513,0.0256568,0.00284397,0.000176036,0.00141544,0.000999001,True,0.002997,True
T324C,10uM,6,centros_4_8_16,paridad,evento,8,plugin,305,2513,0.274137,0.208353,0.192397,0.00970707,0.000999001,True,0.002997,True
T324C,10uM,6,centros_4_8_16,paridad,evento,8,mm,305,2513,0.143818,0.0762972,0.0593723,0.0105365,0.000999001,True,0.002997,True
T324C,10uM,6,centros_4_8_16,paridad,evento,8,pt,305,2513,0.122576,0.0567921,0.040836,0.00970707,0.000999001,True,0.002997,True
T324C,10uM,6,centros_4_8_16,paridad,evento,8,nsb,305,2513,0.107285,0.0440119,0.028021,0.00974602,0.000999001,True,0.002997,True
T324C,10uM,6,centros_4_8_16,paridad,dwell,8,plugin,305,2513,0.0230656,0.0222355,0.0171139,0.00295696,0.025974,True,0.0519481,False
T324C,10uM,6,centros_4_8_16,paridad,dwell,8,mm,305,2513,0.00900031,0.00817026,0.00304867,0.00295696,0.025974,True,0.0519481,False
T324C,10uM,6,centros_4_8_16,paridad,dwell,8,pt,305,2513,0.00900031,0.00817026,0.00304867,0.00295696,0.025974,True,0.0519481,False
T324C,10uM,6,centros_4_8_16,paridad,dwell,8,nsb,305,2513,0.00580117,0.00508185,0.00202055,0.00150774,0.024975,True,0.04995,True
T324C,10uM,6,centros_4_8_16,paridad,paso,8,plugin,305,2513,0.0421788,0.0214469,0.0154583,0.00327183,0.000999001,True,0.002997,True
T324C,10uM,6,centros_4_8_16,paridad,paso,8,mm,305,2513,0.0410306,0.0202988,0.0143102,0.00327183,0.000999001,True,0.002997,True
T324C,10uM,6,centros_4_8_16,paridad,paso,8,pt,305,2513,0.0410306,0.0202988,0.0143102,0.00327183,0.000999001,True,0.002997,True
T324C,10uM,6,centros_4_8_16,paridad,paso,8,nsb,305,2513,0.0404805,0.0197529,0.0138264,0.00326327,0.000999001,True,0.002997,True
T324C,10uM,6,centros_4_8_16,paridad,dwell_paso,8,plugin,305,2513,0.0360819,0.00980546,0.00612032,0.00197843,0.000999001,True,0.002997,True
T324C,10uM,6,centros_4_8_16,paridad,dwell_paso,8,mm,305,2513,0.0320633,0.00578682,0.00210167,0.00197843,0.000999001,True,0.002997,True
T324C,10uM,6,centros_4_8_16,paridad,dwell_paso,8,pt,305,2513,0.0320633,0.00578682,0.00210167,0.00197843,0.000999001,True,0.002997,True
T324C,10uM,6,centros_4_8_16,paridad,dwell_paso,8,nsb,305,2513,0.0300526,0.00377103,0.000105022,0.0019921,0.000999001,True,0.002997,True
T324C,10uM,6,terciles,orden,evento,4,plugin,305,2513,0.140675,0.0543209,0.0459091,0.00506851,0.000999001,True,0.002997,True
T324C,10uM,6,terciles,orden,evento,4,mm,305,2513,0.105942,0.0195883,0.0111774,0.00506874,0.000999001,True,0.002997,True
T324C,10uM,6,terciles,orden,evento,4,pt,305,2513,0.105942,0.0195883,0.0111774,0.00506874,0.000999001,True,0.002997,True
T324C,10uM,6,terciles,orden,evento,4,nsb,305,2513,0.102787,0.0176012,0.00948061,0.00501125,0.000999001,True,0.002997,True
T324C,10uM,6,terciles,orden,dwell,4,plugin,305,2513,0.0090813,0.00760259,0.00457974,0.00173562,0.014985,True,0.02997,True
T324C,10uM,6,terciles,orden,dwell,4,mm,305,2513,0.00649789,0.00501917,0.00199632,0.00173562,0.014985,True,0.02997,True
T324C,10uM,6,terciles,orden,dwell,4,pt,305,2513,0.00649789,0.00501917,0.00199632,0.00173562,0.014985,True,0.02997,True
T324C,10uM,6,terciles,orden,dwell,4,nsb,305,2513,0.00490261,0.00345246,0.00114434,0.00122578,0.014985,True,0.02997,True
T324C,10uM,6,terciles,orden,paso,4,plugin,305,2513,0.0371818,0.0105206,0.00676631,0.00219333,0.000999001,True,0.002997,True
T324C,10uM,6,terciles,orden,paso,4,mm,305,2513,0.0360336,0.00937246,0.00561813,0.00219333,0.000999001,True,0.002997,True
T324C,10uM,6,terciles,orden,paso,4,pt,305,2513,0.0360336,0.00937246,0.00561813,0.00219333,0.000999001,True,0.002997,True
T324C,10uM,6,terciles,orden,paso,4,nsb,305,2513,0.035055,0.00841819,0.00468398,0.00215002,0.000999001,True,0.002997,True
T324C,10uM,6,terciles,orden,dwell_paso,4,plugin,305,2513,0.0222591,0.00450683,0.00227632,0.00120843,0.000999001,True,0.002997,True
T324C,10uM,6,terciles,orden,dwell_paso,4,mm,305,2513,0.0205368,0.00278455,0.000554044,0.00120843,0.000999001,True,0.002997,True
T324C,10uM,6,terciles,orden,dwell_paso,4,pt,305,2513,0.0205368,0.00278455,0.000554044,0.00120843,0.000999001,True,0.002997,True
T324C,10uM,6,terciles,orden,dwell_paso,4,nsb,305,2513,0.0192426,0.00171351,0.000276964,0.000735254,0.000999001,True,0.002997,True
T324C,10uM,6,terciles,orden,evento,8,plugin,305,2513,0.279345,0.195841,0.178894,0.0103514,0.000999001,True,0.002997,True
T324C,10uM,6,terciles,orden,evento,8,mm,305,2513,0.135822,0.0504916,0.0321309,0.011051,0.000999001,True,0.002997,True
T324C,10uM,6,terciles,orden,evento,8,pt,305,2513,0.127784,0.044281,0.0273332,0.0103514,0.000999001,True,0.002997,True
T324C,10uM,6,terciles,orden,evento,8,nsb,305,2513,0.11554,0.0316793,0.0157569,0.00959657,0.000999001,True,0.002997,True
T324C,10uM,6,terciles,orden,dwell,8,plugin,305,2513,0.0230656,0.0237967,0.0178552,0.00334112,0.0739261,False,0.147852,False
T324C,10uM,6,terciles,orden,dwell,8,mm,305,2513,0.00900031,0.00973147,0.00378995,0.00334112,0.0739261,False,0.147852,False
T324C,10uM,6,terciles,orden,dwell,8,pt,305,2513,0.00900031,0.00973147,0.00378995,0.00334112,0.0739261,False,0.147852,False
T324C,10uM,6,terciles,orden,dwell,8,nsb,305,2513,0.00580117,0.00654023,0.0024974,0.00193644,0.0759241,False,0.151848,False
T324C,10uM,6,terciles,orden,paso,8,plugin,305,2513,0.0371818,0.0105206,0.00676631,0.00219333,0.000999001,True,0.002997,True
T324C,10uM,6,terciles,orden,paso,8,mm,305,2513,0.0360336,0.00937246,0.00561813,0.00219333,0.000999001,True,0.002997,True
T324C,10uM,6,terciles,orden,paso,8,pt,305,2513,0.0360336,0.00937246,0.00561813,0.00219333,0.000999001,True,0.002997,True
T324C,10uM,6,terciles,orden,paso,8,nsb,305,2513,0.035055,0.00841819,0.00468398,0.00215002,0.000999001,True,0.002997,True
T324C,10uM,6,terciles,orden,dwell_paso,8,plugin,305,2513,0.0247648,0.00756319,0.00455721,0.00163414,0.000999001,True,0.002997,True
T324C,10uM,6,terciles,orden,dwell_paso,8,mm,305,2513,0.0207462,0.00354454,0.000538566,0.00163414,0.000999001,True,0.002997,True
T324C,10uM,6,terciles,orden,dwell_paso,8,pt,305,2513,0.0207462,0.00354454,0.000538566,0.00163414,0.000999001,True,0.002997,True
T324C,10uM,6,terciles,orden,dwell_paso,8,nsb,305,2513,0.0187093,0.00185828,0.0003929,0.000725485,0.000999001,True,0.002997,True
T324C,10uM,6,terciles,paridad,evento,4,plugin,305,2513,0.140675,0.0655487,0.0559176,0.00569981,0.000999001,True,0.002997,True
T324C,10uM,6,terciles,paridad,evento,4,mm,305,2513,0.105942,0.0308161,0.0211858,0.00570063,0.000999001,True,0.002997,True
T324C,10uM,6,terciles,paridad,evento,4,pt,305,2513,0.105942,0.0308161,0.0211858,0.00570063,0.000999001,True,0.002997,True
T324C,10uM,6,terciles,paridad,evento,4,nsb,305,2513,0.102787,0.0289093,0.0193164,0.00562749,0.000999001,True,0.002997,True
T324C,10uM,6,terciles,paridad,dwell,4,plugin,305,2513,0.0090813,0.00778913,0.00493592,0.00160852,0.00899101,True,0.017982,True
T324C,10uM,6,terciles,paridad,dwell,4,mm,305,2513,0.00649789,0.00520571,0.0023525,0.00160852,0.00899101,True,0.017982,True
T324C,10uM,6,terciles,paridad,dwell,4,pt,305,2513,0.00649789,0.00520571,0.0023525,0.00160852,0.00899101,True,0.017982,True
T324C,10uM,6,terciles,paridad,dwell,4,nsb,305,2513,0.00490261,0.00360184,0.00135379,0.00116125,0.00899101,True,0.017982,True
T324C,10uM,6,terciles,paridad,paso,4,plugin,305,2513,0.0371818,0.017417,0.012117,0.00291898,0.000999001,True,0.002997,True
T324C,10uM,6,terciles,paridad,paso,4,mm,305,2513,0.0360336,0.0162688,0.0109688,0.00291898,0.000999001,True,0.002997,True
T324C,10uM,6,terciles,paridad,paso,4,pt,305,2513,0.0360336,0.0162688,0.0109688,0.00291898,0.000999001,True,0.002997,True
T324C,10uM,6,terciles,paridad,paso,4,nsb,305,2513,0.035055,0.0153036,0.0100021,0.00291329,0.000999001,True,0.002997,True
T324C,10uM,6,terciles,paridad,dwell_paso,4,plugin,305,2513,0.0222591,0.00678074,0.0036345,0.0016184,0.000999001,True,0.002997,True
T324C,10uM,6,terciles,paridad,dwell_paso,4,mm,305,2513,0.0205368,0.00505846,0.00191222,0.0016184,0.000999001,True,0.002997,True
T324C,10uM,6,terciles,paridad,dwell_paso,4,pt,305,2513,0.0205368,0.00505846,0.00191222,0.0016184,0.000999001,True,0.002997,True
T324C,10uM,6,terciles,paridad,dwell_paso,4,nsb,305,2513,0.0192426,0.00379132,0.00115771,0.00125139,0.000999001,True,0.002997,True
T324C,10uM,6,terciles,paridad,evento,8,plugin,305,2513,0.279345,0.210169,0.192248,0.0104983,0.000999001,True,0.002997,True
T324C,10uM,6,terciles,paridad,evento,8,mm,305,2513,0.135822,0.0650076,0.045865,0.0111425,0.000999001,True,0.002997,True
T324C,10uM,6,terciles,paridad,evento,8,pt,305,2513,0.127784,0.0586084,0.0406876,0.0104983,0.000999001,True,0.002997,True
T324C,10uM,6,terciles,paridad,evento,8,nsb,305,2513,0.11554,0.0460132,0.0290893,0.00989657,0.000999001,True,0.002997,True
T324C,10uM,6,terciles,paridad,dwell,8,plugin,305,2513,0.0230656,0.0222355,0.0171139,0.00295696,0.025974,True,0.0519481,False
T324C,10uM,6,terciles,paridad,dwell,8,mm,305,2513,0.00900031,0.00817026,0.00304867,0.00295696,0.025974,True,0.0519481,False
T324C,10uM,6,terciles,paridad,dwell,8,pt,305,2513,0.00900031,0.00817026,0.00304867,0.00295696,0.025974,True,0.0519481,False
T324C,10uM,6,terciles,paridad,dwell,8,nsb,305,2513,0.00580117,0.00508185,0.00202055,0.00150774,0.024975,True,0.04995,True
T324C,10uM,6,terciles,paridad,paso,8,plugin,305,2513,0.0371818,0.017417,0.012117,0.00291898,0.000999001,True,0.002997,True
T324C,10uM,6,terciles,paridad,paso,8,mm,305,2513,0.0360336,0.0162688,0.0109688,0.00291898,0.000999001,True,0.002997,True
T324C,10uM,6,terciles,paridad,paso,8,pt,305,2513,0.0360336,0.0162688,0.0109688,0.00291898,0.000999001,True,0.002997,True
T324C,10uM,6,terciles,paridad,paso,8,nsb,305,2513,0.035055,0.0153036,0.0100021,0.00291329,0.000999001,True,0.002997,True
T324C,10uM,6,terciles,paridad,dwell_paso,8,plugin,305,2513,0.0247648,0.00980472,0.00617518,0.00204595,0.000999001,True,0.002997,True
T324C,10uM,6,terciles,paridad,dwell_paso,8,mm,305,2513,0.0207462,0.00578607,0.00215653,0.00204595,0.000999001,True,0.002997,True
T324C,10uM,6,terciles,paridad,dwell_paso,8,pt,305,2513,0.0207462,0.00578607,0.00215653,0.00204595,0.000999001,True,0.002997,True
T324C,10uM,6,terciles,paridad,dwell_paso,8,nsb,305,2513,0.0187093,0.00357963,0.00120295,0.00128449,0.000999001,True,0.002997,True
T324C,100uM,7,centros_4_8_16,orden,evento,4,plugin,111,803,0.243566,0.172714,0.144958,0.0157061,0.000999001,True,0.002997,True
T324C,100uM,7,centros_4_8_16,orden,evento,4,mm,111,803,0.158226,0.0899513,0.0604353,0.0168799,0.000999001,True,0.002997,True
T324C,100uM,7,centros_4_8_16,orden,evento,4,pt,111,803,0.135769,0.0649161,0.0371707,0.0157177,0.000999001,True,0.002997,True
T324C,100uM,7,centros_4_8_16,orden,evento,4,nsb,111,803,0.128246,0.0644219,0.0352743,0.0161468,0.000999001,True,0.002997,True
T324C,100uM,7,centros_4_8_16,orden,dwell,4,plugin,111,803,0.0173834,0.0242677,0.0142653,0.00535756,0.258741,False,0.258741,False
T324C,100uM,7,centros_4_8_16,orden,dwell,4,mm,111,803,0.00929854,0.0161829,0.00618048,0.00535756,0.258741,False,0.258741,False
T324C,100uM,7,centros_4_8_16,orden,dwell,4,pt,111,803,0.00929854,0.0161829,0.00618048,0.00535756,0.258741,False,0.258741,False
T324C,100uM,7,centros_4_8_16,orden,dwell,4,nsb,111,803,0.00519203,0.0113265,0.00358723,0.00377993,0.25974,False,0.25974,False
T324C,100uM,7,centros_4_8_16,orden,paso,4,plugin,111,803,0.0629304,0.0393329,0.0258613,0.00733235,0.000999001,True,0.002997,True
T324C,100uM,7,centros_4_8_16,orden,paso,4,mm,111,803,0.0593371,0.0357397,0.0222681,0.00733235,0.000999001,True,0.002997,True
T324C,100uM,7,centros_4_8_16,orden,paso,4,pt,111,803,0.0593371,0.0357397,0.0222681,0.00733235,0.000999001,True,0.002997,True
T324C,100uM,7,centros_4_8_16,orden,paso,4,nsb,111,803,0.0582911,0.0348621,0.0215028,0.0072728,0.000999001,True,0.002997,True
T324C,100uM,7,centros_4_8_16,orden,dwell_paso,4,plugin,111,803,0.0376002,0.013855,0.00711881,0.0037176,0.000999001,True,0.002997,True
T324C,100uM,7,centros_4_8_16,orden,dwell_paso,4,mm,111,803,0.0322103,0.00846512,0.00172891,0.0037176,0.000999001,True,0.002997,True
T324C,100uM,7,centros_4_8_16,orden,dwell_paso,4,pt,111,803,0.0322103,0.00846512,0.00172891,0.0037176,0.000999001,True,0.002997,True
T324C,100uM,7,centros_4_8_16,orden,dwell_paso,4,nsb,111,803,0.0299163,0.00649768,-0.000221791,0.00371541,0.000999001,True,0.002997,True
T324C,100uM,7,centros_4_8_16,orden,evento,8,plugin,111,803,0.621035,0.529574,0.486252,0.0249335,0.000999001,True,0.002997,True
T324C,100uM,7,centros_4_8_16,orden,evento,8,mm,111,803,0.388371,0.291472,0.242347,0.0285248,0.000999001,True,0.002997,True
T324C,100uM,7,centros_4_8_16,orden,evento,8,pt,111,803,0.241047,0.150351,0.093925,0.0322171,0.000999001,True,0.002997,True
T324C,100uM,7,centros_4_8_16,orden,evento,8,nsb,111,803,0.189872,0.0862107,0.0332008,0.0309777,0.000999001,True,0.002997,True
T324C,100uM,7,centros_4_8_16,orden,dwell,8,plugin,111,803,0.0653404,0.0744748,0.0564244,0.0102581,0.183816,False,0.183816,False
T324C,100uM,7,centros_4_8_16,orden,dwell,8,mm,111,803,0.0213229,0.0304573,0.0124069,0.0102581,0.183816,False,0.183816,False
T324C,100uM,7,centros_4_8_16,orden,dwell,8,pt,111,803,0.0213229,0.0304573,0.0124069,0.0102581,0.183816,False,0.183816,False
T324C,100uM,7,centros_4_8_16,orden,dwell,8,nsb,111,803,0.0112041,0.0192846,0.00769997,0.00563256,0.206793,False,0.206793,False
T324C,100uM,7,centros_4_8_16,orden,paso,8,plugin,111,803,0.0629304,0.0393329,0.0258613,0.00733235,0.000999001,True,0.002997,True
T324C,100uM,7,centros_4_8_16,orden,paso,8,mm,111,803,0.0593371,0.0357397,0.0222681,0.00733235,0.000999001,True,0.002997,True
T324C,100uM,7,centros_4_8_16,orden,paso,8,pt,111,803,0.0593371,0.0357397,0.0222681,0.00733235,0.000999001,True,0.002997,True
T324C,100uM,7,centros_4_8_16,orden,paso,8,nsb,111,803,0.0582911,0.0348621,0.0215028,0.0072728,0.000999001,True,0.002997,True
T324C,100uM,7,centros_4_8_16,orden,dwell_paso,8,plugin,111,803,0.0429966,0.023657,0.0144281,0.00508978,0.000999001,True,0.002997,True
T324C,100uM,7,centros_4_8_16,orden,dwell_paso,8,mm,111,803,0.0304202,0.0110805,0.00185261,0.00509255,0.000999001,True,0.002997,True
T324C,100uM,7,centros_4_8_16,orden,dwell_paso,8,pt,111,803,0.0304202,0.0110805,0.00185261,0.00509255,0.000999001,True,0.002997,True
T324C,100uM,7,centros_4_8_16,orden,dwell_paso,8,nsb,111,803,0.0267015,0.0078497,-0.00148887,0.00513684,0.000999001,True,0.002997,True
T324C,100uM,7,centros_4_8_16,paridad,evento,4,plugin,111,803,0.243566,0.180592,0.153911,0.0154405,0.000999001,True,0.002997,True
T324C,100uM,7,centros_4_8_16,paridad,evento,4,mm,111,803,0.158226,0.0970887,0.0692521,0.0163375,0.000999001,True,0.002997,True
T324C,100uM,7,centros_4_8_16,paridad,evento,4,pt,111,803,0.135769,0.0727943,0.046116,0.0154447,0.000999001,True,0.002997,True
T324C,100uM,7,centros_4_8_16,paridad,evento,4,nsb,111,803,0.128246,0.0706712,0.0437341,0.0156615,0.000999001,True,0.002997,True
T324C,100uM,7,centros_4_8_16,paridad,dwell,4,plugin,111,803,0.0173834,0.0230624,0.0141712,0.00494904,0.238761,False,0.238761,False
T324C,100uM,7,centros_4_8_16,paridad,dwell,4,mm,111,803,0.00929854,0.0149775,0.00608632,0.00494904,0.238761,False,0.238761,False
T324C,100uM,7,centros_4_8_16,paridad,dwell,4,pt,111,803,0.00929854,0.0149775,0.00608632,0.00494904,0.238761,False,0.238761,False
T324C,100uM,7,centros_4_8_16,paridad,dwell,4,nsb,111,803,0.00519203,0.00997478,0.00343862,0.00335661,0.236763,False,0.236763,False
T324C,100uM,7,centros_4_8_16,paridad,paso,4,plugin,111,803,0.0629304,0.0486095,0.0343695,0.00798897,0.002997,True,0.002997,True
T324C,100uM,7,centros_4_8_16,paridad,paso,4,mm,111,803,0.0593371,0.0450162,0.0307762,0.00798897,0.002997,True,0.002997,True
T324C,100uM,7,centros_4_8_16,paridad,paso,4,pt,111,803,0.0593371,0.0450162,0.0307762,0.00798897,0.002997,True,0.002997,True
T324C,100uM,7,centros_4_8_16,paridad,paso,4,nsb,111,803,0.0582911,0.0441272,0.0299282,0.00792178,0.002997,True,0.002997,True
T324C,100uM,7,centros_4_8_16,paridad,dwell_paso,4,plugin,111,803,0.0376002,0.0147896,0.00757675,0.00391523,0.000999001,True,0.002997,True
T324C,100uM,7,centros_4_8_16,paridad,dwell_paso,4,mm,111,803,0.0322103,0.00939974,0.00218685,0.00391523,0.000999001,True,0.002997,True
T324C,100uM,7,centros_4_8_16,paridad,dwell_paso,4,pt,111,803,0.0322103,0.00939974,0.00218685,0.00391523,0.000999001,True,0.002997,True
T324C,100uM,7,centros_4_8_16,paridad,dwell_paso,4,nsb,111,803,0.0299163,0.00745783,0.000216326,0.00390909,0.000999001,True,0.002997,True
T324C,100uM,7,centros_4_8_16,paridad,evento,8,plugin,111,803,0.621035,0.544215,0.500831,0.0248144,0.000999001,True,0.002997,True
T324C,100uM,7,centros_4_8_16,paridad,evento,8,mm,111,803,0.388371,0.30648,0.257993,0.028247,0.000999001,True,0.002997,True
T324C,100uM,7,centros_4_8_16,paridad,evento,8,pt,111,803,0.241047,0.161797,0.109194,0.0316972,0.000999001,True,0.002997,True
T324C,100uM,7,centros_4_8_16,paridad,evento,8,nsb,111,803,0.189872,0.102898,0.0501223,0.0305386,0.000999001,True,0.002997,True
T324C,100uM,7,centros_4_8_16,paridad,dwell,8,plugin,111,803,0.0653404,0.0769706,0.0586024,0.0101906,0.22977,False,0.22977,False
T324C,100uM,7,centros_4_8_16,paridad,dwell,8,mm,111,803,0.0213229,0.0329532,0.0145849,0.0101906,0.22977,False,0.22977,False
T324C,100uM,7,centros_4_8_16,paridad,dwell,8,pt,111,803,0.0213229,0.0329532,0.0145849,0.0101906,0.22977,False,0.22977,False
T324C,100uM,7,centros_4_8_16,paridad,dwell,8,nsb,111,803,0.0112041,0.0217132,0.00899212,0.00620126,0.265734,False,0.265734,False
T324C,100uM,7,centros_4_8_16,paridad,paso,8,plugin,111,803,0.0629304,0.0486095,0.0343695,0.00798897,0.002997,True,0.002997,True
T324C,100uM,7,centros_4_8_16,paridad,paso,8,mm,111,803,0.0593371,0.0450162,0.0307762,0.00798897,0.002997,True,0.002997,True
T324C,100uM,7,centros_4_8_16,paridad,paso,8,pt,111,803,0.0593371,0.0450162,0.0307762,0.00798897,0.002997,True,0.002997,True
T324C,100uM,7,centros_4_8_16,paridad,paso,8,nsb,111,803,0.0582911,0.0441272,0.0299282,0.00792178,0.002997,True,0.002997,True
T324C,100uM,7,centros_4_8_16,paridad,dwell_paso,8,plugin,111,803,0.0429966,0.0240574,0.0146279,0.00516391,0.000999001,True,0.002997,True
T324C,100uM,7,centros_4_8_16,paridad,dwell_paso,8,mm,111,803,0.0304202,0.011481,0.0020542,0.00517001,0.000999001,True,0.002997,True
T324C,100uM,7,centros_4_8_16,paridad,dwell_paso,8,pt,111,803,0.0304202,0.011481,0.0020542,0.00517001,0.000999001,True,0.002997,True
T324C,100uM,7,centros_4_8_16,paridad,dwell_paso,8,nsb,111,803,0.0267015,0.00847714,-0.00131465,0.00519059,0.000999001,True,0.002997,True
T324C,100uM,7,terciles,orden,evento,4,plugin,111,803,0.217249,0.179998,0.149501,0.0173369,0.000999001,True,0.002997,True
T324C,100uM,7,terciles,orden,evento,4,mm,111,803,0.108553,0.0742321,0.0430318,0.0180019,0.000999001,True,0.002997,True
T324C,100uM,7,terciles,orden,evento,4,pt,111,803,0.108553,0.0719545,0.0416421,0.0173874,0.000999001,True,0.002997,True
T324C,100uM,7,terciles,orden,evento,4,nsb,111,803,0.104539,0.0604153,0.0316784,0.0163242,0.000999001,True,0.002997,True
T324C,100uM,7,terciles,orden,dwell,4,plugin,111,803,0.0173834,0.0242677,0.0142653,0.00535756,0.258741,False,0.258741,False
T324C,100uM,7,terciles,orden,dwell,4,mm,111,803,0.00929854,0.0161829,0.00618048,0.00535756,0.258741,False,0.258741,False
T324C,100uM,7,terciles,orden,dwell,4,pt,111,803,0.00929854,0.0161829,0.00618048,0.00535756,0.258741,False,0.258741,False
T324C,100uM,7,terciles,orden,dwell,4,nsb,111,803,0.00519203,0.0113265,0.00358723,0.00377993,0.25974,False,0.25974,False
T324C,100uM,7,terciles,orden,paso,4,plugin,111,803,0.0708699,0.0390092,0.0251462,0.00723543,0.000999001,True,0.002997,True
T324C,100uM,7,terciles,orden,paso,4,mm,111,803,0.0672766,0.035416,0.021553,0.00723543,0.000999001,True,0.002997,True
T324C,100uM,7,terciles,orden,paso,4,pt,111,803,0.0672766,0.035416,0.021553,0.00723543,0.000999001,True,0.002997,True
T324C,100uM,7,terciles,orden,paso,4,nsb,111,803,0.0640421,0.0322036,0.0185233,0.00715159,0.000999001,True,0.002997,True
T324C,100uM,7,terciles,orden,dwell_paso,4,plugin,111,803,0.0296104,0.0143485,0.00693161,0.00389434,0.000999001,True,0.002997,True
T324C,100uM,7,terciles,orden,dwell_paso,4,mm,111,803,0.0242205,0.00895862,0.00154171,0.00389434,0.000999001,True,0.002997,True
T324C,100uM,7,terciles,orden,dwell_paso,4,pt,111,803,0.0242205,0.00895862,0.00154171,0.00389434,0.000999001,True,0.002997,True
T324C,100uM,7,terciles,orden,dwell_paso,4,nsb,111,803,0.0201962,0.00554128,0.000924309,0.00232223,0.000999001,True,0.002997,True
T324C,100uM,7,terciles,orden,evento,8,plugin,111,803,0.704871,0.631369,0.583894,0.028039,0.000999001,True,0.002997,True
T324C,100uM,7,terciles,orden,evento,8,mm,111,803,0.399443,0.314705,0.256187,0.0340883,0.000999001,True,0.002997,True
T324C,100uM,7,terciles,orden,evento,8,pt,111,803,0.23056,0.157059,0.109584,0.028039,0.000999001,True,0.002997,True
T324C,100uM,7,terciles,orden,evento,8,nsb,111,803,0.177935,0.0930818,0.0412779,0.0301079,0.000999001,True,0.002997,True
T324C,100uM,7,terciles,orden,dwell,8,plugin,111,803,0.0653404,0.0744748,0.0564244,0.0102581,0.183816,False,0.183816,False
T324C,100uM,7,terciles,orden,dwell,8,mm,111,803,0.0213229,0.0304573,0.0124069,0.0102581,0.183816,False,0.183816,False
T324C,100uM,7,terciles,orden,dwell,8,pt,111,803,0.0213229,0.0304573,0.0124069,0.0102581,0.183816,False,0.183816,False
T324C,100uM,7,terciles,orden,dwell,8,nsb,111,803,0.0112041,0.0192846,0.00769997,0.00563256,0.206793,False,0.206793,False
T324C,100uM,7,terciles,orden,paso,8,plugin,111,803,0.0708699,0.0390092,0.0251462,0.00723543,0.000999001,True,0.002997,True
T324C,100uM,7,terciles,orden,paso,8,mm,111,803,0.0672766,0.035416,0.021553,0.00723543,0.000999001,True,0.002997,True
T324C,100uM,7,terciles,orden,paso,8,pt,111,803,0.0672766,0.035416,0.021553,0.00723543,0.000999001,True,0.002997,True
T324C,100uM,7,terciles,orden,paso,8,nsb,111,803,0.0640421,0.0322036,0.0185233,0.00715159,0.000999001,True,0.002997,True
T324C,100uM,7,terciles,orden,dwell_paso,8,plugin,111,803,0.0320954,0.0239224,0.0144404,0.00524501,0.002997,True,0.002997,True
T324C,100uM,7,terciles,orden,dwell_paso,8,mm,111,803,0.019519,0.011346,0.00186396,0.00524501,0.002997,True,0.002997,True
T324C,100uM,7,terciles,orden,dwell_paso,8,pt,111,803,0.019519,0.011346,0.00186396,0.00524501,0.002997,True,0.002997,True
T324C,100uM,7,terciles,orden,dwell_paso,8,nsb,111,803,0.0127142,0.00581379,0.00140999,0.00225745,0.002997,True,0.002997,True
T324C,100uM,7,terciles,paridad,evento,4,plugin,111,803,0.217249,0.17932,0.151078,0.0165224,0.000999001,True,0.002997,True
T324C,100uM,7,terciles,paridad,evento,4,mm,111,803,0.108553,0.0732788,0.0443653,0.0171029,0.001998,True,0.002997,True
T324C,100uM,7,terciles,paridad,evento,4,pt,111,803,0.108553,0.0715223,0.0432092,0.0165838,0.000999001,True,0.002997,True
T324C,100uM,7,terciles,paridad,evento,4,nsb,111,803,0.104539,0.0611819,0.0340664,0.0155832,0.000999001,True,0.002997,True
T324C,100uM,7,terciles,paridad,dwell,4,plugin,111,803,0.0173834,0.0230624,0.0141712,0.00494904,0.238761,False,0.238761,False
T324C,100uM,7,terciles,paridad,dwell,4,mm,111,803,0.00929854,0.0149775,0.00608632,0.00494904,0.238761,False,0.238761,False
T324C,100uM,7,terciles,paridad,dwell,4,pt,111,803,0.00929854,0.0149775,0.00608632,0.00494904,0.238761,False,0.238761,False
T324C,100uM,7,terciles,paridad,dwell,4,nsb,111,803,0.00519203,0.00997478,0.00343862,0.00335661,0.236763,False,0.236763,False
T324C,100uM,7,terciles,paridad,paso,4,plugin,111,803,0.0708699,0.0443608,0.0316723,0.00732361,0.000999001,True,0.002997,True
T324C,100uM,7,terciles,paridad,paso,4,mm,111,803,0.0672766,0.0407676,0.0280791,0.00732361,0.000999001,True,0.002997,True
T324C,100uM,7,terciles,paridad,paso,4,pt,111,803,0.0672766,0.0407676,0.0280791,0.00732361,0.000999001,True,0.002997,True
T324C,100uM,7,terciles,paridad,paso,4,nsb,111,803,0.0640421,0.0376145,0.0249832,0.00727229,0.000999001,True,0.002997,True
T324C,100uM,7,terciles,paridad,dwell_paso,4,plugin,111,803,0.0296104,0.0155105,0.00786033,0.00401428,0.000999001,True,0.002997,True
T324C,100uM,7,terciles,paridad,dwell_paso,4,mm,111,803,0.0242205,0.0101206,0.00247044,0.00401428,0.000999001,True,0.002997,True
T324C,100uM,7,terciles,paridad,dwell_paso,4,pt,111,803,0.0242205,0.0101206,0.00247044,0.00401428,0.000999001,True,0.002997,True
T324C,100uM,7,terciles,paridad,dwell_paso,4,nsb,111,803,0.0201962,0.00657688,0.00142484,0.0024855,0.000999001,True,0.002997,True
T324C,100uM,7,terciles,paridad,evento,8,plugin,111,803,0.704871,0.639804,0.59389,0.0267916,0.000999001,True,0.002997,True
T324C,100uM,7,terciles,paridad,evento,8,mm,111,803,0.399443,0.322131,0.267563,0.032413,0.000999001,True,0.002997,True
T324C,100uM,7,terciles,paridad,evento,8,pt,111,803,0.23056,0.165493,0.119579,0.0267916,0.000999001,True,0.002997,True
T324C,100uM,7,terciles,paridad,evento,8,nsb,111,803,0.177935,0.101397,0.0534538,0.0287823,0.000999001,True,0.002997,True
T324C,100uM,7,terciles,paridad,dwell,8,plugin,111,803,0.0653404,0.0769706,0.0586024,0.0101906,0.22977,False,0.22977,False
T324C,100uM,7,terciles,paridad,dwell,8,mm,111,803,0.0213229,0.0329532,0.0145849,0.0101906,0.22977,False,0.22977,False
T324C,100uM,7,terciles,paridad,dwell,8,pt,111,803,0.0213229,0.0329532,0.0145849,0.0101906,0.22977,False,0.22977,False
T324C,100uM,7,terciles,paridad,dwell,8,nsb,111,803,0.0112041,0.0217132,0.00899212,0.00620126,0.265734,False,0.265734,False
T324C,100uM,7,terciles,paridad,paso,8,plugin,111,803,0.0708699,0.0443608,0.0316723,0.00732361,0.000999001,True,0.002997,True
T324C,100uM,7,terciles,paridad,paso,8,mm,111,803,0.0672766,0.0407676,0.0280791,0.00732361,0.000999001,True,0.002997,True
T324C,100uM,7,terciles,paridad,paso,8,pt,111,803,0.0672766,0.0407676,0.0280791,0.00732361,0.000999001,True,0.002997,True
T324C,100uM,7,terciles,paridad,paso,8,nsb,111,803,0.0640421,0.0376145,0.0249832,0.00727229,0.000999001,True,0.002997,True
T324C,100uM,7,terciles,paridad,dwell_paso,8,plugin,111,803,0.0320954,0.0238506,0.0143978,0.00509991,0.004995,True,0.004995,True
T324C,100uM,7,terciles,paridad,dwell_paso,8,mm,111,803,0.019519,0.0112742,0.00182135,0.00509991,0.004995,True,0.004995,True
T324C,100uM,7,terciles,paridad,dwell_paso,8,pt,111,803,0.019519,0.0112742,0.00182135,0.00509991,0.004995,True,0.004995,True
T324C,100uM,7,terciles,paridad,dwell_paso,8,nsb,111,803,0.0127142,0.00582373,0.00135762,0.00224896,0.003996,True,0.003996,True
T324C,1mM,8,centros_4_8_16,orden,evento,4,plugin,287,2319,0.323526,0.069552,0.0593645,0.00617284,0.000999001,True,0.002997,True
T324C,1mM,8,centros_4_8_16,orden,evento,4,mm,287,2319,0.288688,0.0351015,0.0247224,0.00640544,0.000999001,True,0.002997,True
T324C,1mM,8,centros_4_8_16,orden,evento,4,pt,287,2319,0.286199,0.0322249,0.0220374,0.00617284,0.000999001,True,0.002997,True
T324C,1mM,8,centros_4_8_16,orden,evento,4,nsb,287,2319,0.277831,0.0281442,0.0178822,0.00624245,0.000999001,True,0.002997,True
T324C,1mM,8,centros_4_8_16,orden,dwell,4,plugin,287,2319,0.0229403,0.0109125,0.00696096,0.00227161,0.000999001,True,0.002997,True
T324C,1mM,8,centros_4_8_16,orden,dwell,4,mm,287,2319,0.0201408,0.00811291,0.00416142,0.00227161,0.000999001,True,0.002997,True
T324C,1mM,8,centros_4_8_16,orden,dwell,4,pt,287,2319,0.0201408,0.00811291,0.00416142,0.00227161,0.000999001,True,0.002997,True
T324C,1mM,8,centros_4_8_16,orden,dwell,4,nsb,287,2319,0.0185162,0.00643824,0.00279502,0.00195763,0.000999001,True,0.002997,True
T324C,1mM,8,centros_4_8_16,orden,paso,4,plugin,287,2319,0.0631396,0.018938,0.013442,0.00328865,0.000999001,True,0.002997,True
T324C,1mM,8,centros_4_8_16,orden,paso,4,mm,287,2319,0.0618953,0.0176937,0.0121978,0.00328865,0.000999001,True,0.002997,True
T324C,1mM,8,centros_4_8_16,orden,paso,4,pt,287,2319,0.0618953,0.0176937,0.0121978,0.00328865,0.000999001,True,0.002997,True
T324C,1mM,8,centros_4_8_16,orden,paso,4,nsb,287,2319,0.06151,0.0174377,0.0119466,0.00327982,0.000999001,True,0.002997,True
T324C,1mM,8,centros_4_8_16,orden,dwell_paso,4,plugin,287,2319,0.140618,0.0102659,0.00609365,0.00233916,0.000999001,True,0.002997,True
T324C,1mM,8,centros_4_8_16,orden,dwell_paso,4,mm,287,2319,0.138751,0.00839955,0.00422729,0.00233916,0.000999001,True,0.002997,True
T324C,1mM,8,centros_4_8_16,orden,dwell_paso,4,pt,287,2319,0.138751,0.00839955,0.00422729,0.00233916,0.000999001,True,0.002997,True
T324C,1mM,8,centros_4_8_16,orden,dwell_paso,4,nsb,287,2319,0.137518,0.0076698,0.00351138,0.00233223,0.000999001,True,0.002997,True
T324C,1mM,8,centros_4_8_16,orden,evento,8,plugin,287,2319,0.480017,0.215157,0.198189,0.0102434,0.000999001,True,0.002997,True
T324C,1mM,8,centros_4_8_16,orden,evento,8,mm,287,2319,0.366169,0.0979937,0.0796487,0.0111549,0.000999001,True,0.002997,True
T324C,1mM,8,centros_4_8_16,orden,evento,8,pt,287,2319,0.315777,0.0509176,0.0339552,0.010254,0.000999001,True,0.002997,True
T324C,1mM,8,centros_4_8_16,orden,evento,8,nsb,287,2319,0.313663,0.0527155,0.0345744,0.0110113,0.000999001,True,0.002997,True
T324C,1mM,8,centros_4_8_16,orden,dwell,8,plugin,287,2319,0.0452326,0.0304215,0.0234971,0.00412847,0.000999001,True,0.002997,True
T324C,1mM,8,centros_4_8_16,orden,dwell,8,mm,287,2319,0.0299907,0.0151796,0.0082552,0.00412847,0.000999001,True,0.002997,True
T324C,1mM,8,centros_4_8_16,orden,dwell,8,pt,287,2319,0.0299907,0.0151796,0.0082552,0.00412847,0.000999001,True,0.002997,True
T324C,1mM,8,centros_4_8_16,orden,dwell,8,nsb,287,2319,0.0267693,0.011797,0.00569363,0.00331142,0.000999001,True,0.002997,True
T324C,1mM,8,centros_4_8_16,orden,paso,8,plugin,287,2319,0.0631396,0.018938,0.013442,0.00328865,0.000999001,True,0.002997,True
T324C,1mM,8,centros_4_8_16,orden,paso,8,mm,287,2319,0.0618953,0.0176937,0.0121978,0.00328865,0.000999001,True,0.002997,True
T324C,1mM,8,centros_4_8_16,orden,paso,8,pt,287,2319,0.0618953,0.0176937,0.0121978,0.00328865,0.000999001,True,0.002997,True
T324C,1mM,8,centros_4_8_16,orden,paso,8,nsb,287,2319,0.06151,0.0174377,0.0119466,0.00327982,0.000999001,True,0.002997,True
T324C,1mM,8,centros_4_8_16,orden,dwell_paso,8,plugin,287,2319,0.152423,0.0139123,0.00925025,0.00273755,0.000999001,True,0.002997,True
T324C,1mM,8,centros_4_8_16,orden,dwell_paso,8,mm,287,2319,0.148068,0.00955748,0.00489541,0.00273755,0.000999001,True,0.002997,True
T324C,1mM,8,centros_4_8_16,orden,dwell_paso,8,pt,287,2319,0.148068,0.00955748,0.00489541,0.00273755,0.000999001,True,0.002997,True
T324C,1mM,8,centros_4_8_16,orden,dwell_paso,8,nsb,287,2319,0.146152,0.00835995,0.00381674,0.00273009,0.000999001,True,0.002997,True
T324C,1mM,8,centros_4_8_16,paridad,evento,4,plugin,287,2319,0.323526,0.0970865,0.0839559,0.00746155,0.000999001,True,0.002997,True
T324C,1mM,8,centros_4_8_16,paridad,evento,4,mm,287,2319,0.288688,0.0626023,0.0492335,0.00763968,0.000999001,True,0.002997,True
T324C,1mM,8,centros_4_8_16,paridad,evento,4,pt,287,2319,0.286199,0.0597593,0.0466287,0.00746155,0.000999001,True,0.002997,True
T324C,1mM,8,centros_4_8_16,paridad,evento,4,nsb,287,2319,0.277831,0.0548992,0.041821,0.00750326,0.000999001,True,0.002997,True
T324C,1mM,8,centros_4_8_16,paridad,dwell,4,plugin,287,2319,0.0229403,0.012783,0.00854041,0.00243249,0.000999001,True,0.002997,True
T324C,1mM,8,centros_4_8_16,paridad,dwell,4,mm,287,2319,0.0201408,0.00998349,0.00574088,0.00243249,0.000999001,True,0.002997,True
T324C,1mM,8,centros_4_8_16,paridad,dwell,4,pt,287,2319,0.0201408,0.00998349,0.00574088,0.00243249,0.000999001,True,0.002997,True
T324C,1mM,8,centros_4_8_16,paridad,dwell,4,nsb,287,2319,0.0185162,0.00827878,0.00418168,0.00226225,0.000999001,True,0.002997,True
T324C,1mM,8,centros_4_8_16,paridad,paso,4,plugin,287,2319,0.0631396,0.032486,0.0250412,0.00421621,0.000999001,True,0.002997,True
T324C,1mM,8,centros_4_8_16,paridad,paso,4,mm,287,2319,0.0618953,0.0312417,0.0237969,0.00421621,0.000999001,True,0.002997,True
T324C,1mM,8,centros_4_8_16,paridad,paso,4,pt,287,2319,0.0618953,0.0312417,0.0237969,0.00421621,0.000999001,True,0.002997,True
T324C,1mM,8,centros_4_8_16,paridad,paso,4,nsb,287,2319,0.06151,0.0309455,0.0235189,0.00420583,0.000999001,True,0.002997,True
T324C,1mM,8,centros_4_8_16,paridad,dwell_paso,4,plugin,287,2319,0.140618,0.0150883,0.00989571,0.00294226,0.000999001,True,0.002997,True
T324C,1mM,8,centros_4_8_16,paridad,dwell_paso,4,mm,287,2319,0.138751,0.0132219,0.00802935,0.00294226,0.000999001,True,0.002997,True
T324C,1mM,8,centros_4_8_16,paridad,dwell_paso,4,pt,287,2319,0.138751,0.0132219,0.00802935,0.00294226,0.000999001,True,0.002997,True
T324C,1mM,8,centros_4_8_16,paridad,dwell_paso,4,nsb,287,2319,0.137518,0.0124283,0.00729013,0.00292916,0.000999001,True,0.002997,True
T324C,1mM,8,centros_4_8_16,paridad,evento,8,plugin,287,2319,0.480017,0.240831,0.223105,0.0106763,0.000999001,True,0.002997,True
T324C,1mM,8,centros_4_8_16,paridad,evento,8,mm,287,2319,0.366169,0.124116,0.104499,0.0116264,0.000999001,True,0.002997,True
T324C,1mM,8,centros_4_8_16,paridad,evento,8,pt,287,2319,0.315777,0.0765916,0.0588657,0.0106778,0.000999001,True,0.002997,True
T324C,1mM,8,centros_4_8_16,paridad,evento,8,nsb,287,2319,0.313663,0.0778971,0.0588951,0.0114033,0.000999001,True,0.002997,True
T324C,1mM,8,centros_4_8_16,paridad,dwell,8,plugin,287,2319,0.0452326,0.0308564,0.0243339,0.00370011,0.000999001,True,0.002997,True
T324C,1mM,8,centros_4_8_16,paridad,dwell,8,mm,287,2319,0.0299907,0.0156145,0.00909194,0.00370011,0.000999001,True,0.002997,True
T324C,1mM,8,centros_4_8_16,paridad,dwell,8,pt,287,2319,0.0299907,0.0156145,0.00909194,0.00370011,0.000999001,True,0.002997,True
T324C,1mM,8,centros_4_8_16,paridad,dwell,8,nsb,287,2319,0.0267693,0.0121258,0.00619041,0.00310388,0.000999001,True,0.002997,True
T324C,1mM,8,centros_4_8_16,paridad,paso,8,plugin,287,2319,0.0631396,0.032486,0.0250412,0.00421621,0.000999001,True,0.002997,True
T324C,1mM,8,centros_4_8_16,paridad,paso,8,mm,287,2319,0.0618953,0.0312417,0.0237969,0.00421621,0.000999001,True,0.002997,True
T324C,1mM,8,centros_4_8_16,paridad,paso,8,pt,287,2319,0.0618953,0.0312417,0.0237969,0.00421621,0.000999001,True,0.002997,True
T324C,1mM,8,centros_4_8_16,paridad,paso,8,nsb,287,2319,0.06151,0.0309455,0.0235189,0.00420583,0.000999001,True,0.002997,True
T324C,1mM,8,centros_4_8_16,paridad,dwell_paso,8,plugin,287,2319,0.152423,0.0187085,0.0129917,0.00328255,0.000999001,True,0.002997,True
T324C,1mM,8,centros_4_8_16,paridad,dwell_paso,8,mm,287,2319,0.148068,0.0143536,0.00863685,0.00328255,0.000999001,True,0.002997,True
T324C,1mM,8,centros_4_8_16,paridad,dwell_paso,8,pt,287,2319,0.148068,0.0143536,0.00863685,0.00328255,0.000999001,True,0.002997,True
T324C,1mM,8,centros_4_8_16,paridad,dwell_paso,8,nsb,287,2319,0.146152,0.0131846,0.00752158,0.00325984,0.000999001,True,0.002997,True
T324C,1mM,8,terciles,orden,evento,4,plugin,287,2319,0.278694,0.0666983,0.0566751,0.0062814,0.000999001,True,0.002997,True
T324C,1mM,8,terciles,orden,evento,4,mm,287,2319,0.241367,0.0297521,0.0196151,0.00637111,0.000999001,True,0.002997,True
T324C,1mM,8,terciles,orden,evento,4,pt,287,2319,0.241367,0.0293523,0.0193112,0.00629599,0.000999001,True,0.002997,True
T324C,1mM,8,terciles,orden,evento,4,nsb,287,2319,0.23874,0.0281087,0.0179111,0.00623894,0.000999001,True,0.002997,True
T324C,1mM,8,terciles,orden,dwell,4,plugin,287,2319,0.0229403,0.0109125,0.00696096,0.00227161,0.000999001,True,0.002997,True
T324C,1mM,8,terciles,orden,dwell,4,mm,287,2319,0.0201408,0.00811291,0.00416142,0.00227161,0.000999001,True,0.002997,True
T324C,1mM,8,terciles,orden,dwell,4,pt,287,2319,0.0201408,0.00811291,0.00416142,0.00227161,0.000999001,True,0.002997,True
T324C,1mM,8,terciles,orden,dwell,4,nsb,287,2319,0.0185162,0.00643824,0.00279502,0.00195763,0.000999001,True,0.002997,True
T324C,1mM,8,terciles,orden,paso,4,plugin,287,2319,0.0516321,0.0179675,0.0127059,0.00312304,0.000999001,True,0.002997,True
T324C,1mM,8,terciles,orden,paso,4,mm,287,2319,0.0503879,0.0167233,0.0114617,0.00312304,0.000999001,True,0.002997,True
T324C,1mM,8,terciles,orden,paso,4,pt,287,2319,0.0503879,0.0167233,0.0114617,0.00312304,0.000999001,True,0.002997,True
T324C,1mM,8,terciles,orden,paso,4,nsb,287,2319,0.0493199,0.0156417,0.0103978,0.00311262,0.000999001,True,0.002997,True
T324C,1mM,8,terciles,orden,dwell_paso,4,plugin,287,2319,0.122784,0.0092592,0.00546398,0.00223302,0.000999001,True,0.002997,True
T324C,1mM,8,terciles,orden,dwell_paso,4,mm,287,2319,0.120918,0.00739285,0.00359762,0.00223302,0.000999001,True,0.002997,True
T324C,1mM,8,terciles,orden,dwell_paso,4,pt,287,2319,0.120918,0.00739285,0.00359762,0.00223302,0.000999001,True,0.002997,True
T324C,1mM,8,terciles,orden,dwell_paso,4,nsb,287,2319,0.119856,0.00600697,0.00251016,0.00195415,0.000999001,True,0.002997,True
T324C,1mM,8,terciles,orden,evento,8,plugin,287,2319,0.444143,0.219079,0.199787,0.0115418,0.000999001,True,0.002997,True
T324C,1mM,8,terciles,orden,evento,8,mm,287,2319,0.312564,0.0775949,0.056262,0.0124891,0.000999001,True,0.002997,True
T324C,1mM,8,terciles,orden,evento,8,pt,287,2319,0.279903,0.0548398,0.0355476,0.0115418,0.000999001,True,0.002997,True
T324C,1mM,8,terciles,orden,evento,8,nsb,287,2319,0.270392,0.0367425,0.0166386,0.0118116,0.000999001,True,0.002997,True
T324C,1mM,8,terciles,orden,dwell,8,plugin,287,2319,0.0452326,0.0304215,0.0234971,0.00412847,0.000999001,True,0.002997,True
T324C,1mM,8,terciles,orden,dwell,8,mm,287,2319,0.0299907,0.0151796,0.0082552,0.00412847,0.000999001,True,0.002997,True
T324C,1mM,8,terciles,orden,dwell,8,pt,287,2319,0.0299907,0.0151796,0.0082552,0.00412847,0.000999001,True,0.002997,True
T324C,1mM,8,terciles,orden,dwell,8,nsb,287,2319,0.0267693,0.011797,0.00569363,0.00331142,0.000999001,True,0.002997,True
T324C,1mM,8,terciles,orden,paso,8,plugin,287,2319,0.0516321,0.0179675,0.0127059,0.00312304,0.000999001,True,0.002997,True
T324C,1mM,8,terciles,orden,paso,8,mm,287,2319,0.0503879,0.0167233,0.0114617,0.00312304,0.000999001,True,0.002997,True
T324C,1mM,8,terciles,orden,paso,8,pt,287,2319,0.0503879,0.0167233,0.0114617,0.00312304,0.000999001,True,0.002997,True
T324C,1mM,8,terciles,orden,paso,8,nsb,287,2319,0.0493199,0.0156417,0.0103978,0.00311262,0.000999001,True,0.002997,True
T324C,1mM,8,terciles,orden,dwell_paso,8,plugin,287,2319,0.137536,0.0132283,0.00875552,0.00265277,0.000999001,True,0.002997,True
T324C,1mM,8,terciles,orden,dwell_paso,8,mm,287,2319,0.133181,0.00887351,0.00440069,0.00265277,0.000999001,True,0.002997,True
T324C,1mM,8,terciles,orden,dwell_paso,8,pt,287,2319,0.133181,0.00887351,0.00440069,0.00265277,0.000999001,True,0.002997,True
T324C,1mM,8,terciles,orden,dwell_paso,8,nsb,287,2319,0.132104,0.00664091,0.00274511,0.00207117,0.000999001,True,0.002997,True
T324C,1mM,8,terciles,paridad,evento,4,plugin,287,2319,0.278694,0.0911157,0.0791342,0.00731589,0.000999001,True,0.002997,True
T324C,1mM,8,terciles,paridad,evento,4,mm,287,2319,0.241367,0.0541551,0.0419949,0.0073938,0.000999001,True,0.002997,True
T324C,1mM,8,terciles,paridad,evento,4,pt,287,2319,0.241367,0.0537885,0.0417601,0.00733232,0.000999001,True,0.002997,True
T324C,1mM,8,terciles,paridad,evento,4,nsb,287,2319,0.23874,0.0526235,0.0405811,0.00725811,0.000999001,True,0.002997,True
T324C,1mM,8,terciles,paridad,dwell,4,plugin,287,2319,0.0229403,0.012783,0.00854041,0.00243249,0.000999001,True,0.002997,True
T324C,1mM,8,terciles,paridad,dwell,4,mm,287,2319,0.0201408,0.00998349,0.00574088,0.00243249,0.000999001,True,0.002997,True
T324C,1mM,8,terciles,paridad,dwell,4,pt,287,2319,0.0201408,0.00998349,0.00574088,0.00243249,0.000999001,True,0.002997,True
T324C,1mM,8,terciles,paridad,dwell,4,nsb,287,2319,0.0185162,0.00827878,0.00418168,0.00226225,0.000999001,True,0.002997,True
T324C,1mM,8,terciles,paridad,paso,4,plugin,287,2319,0.0516321,0.0255168,0.0195507,0.00361063,0.000999001,True,0.002997,True
T324C,1mM,8,terciles,paridad,paso,4,mm,287,2319,0.0503879,0.0242726,0.0183065,0.00361063,0.000999001,True,0.002997,True
T324C,1mM,8,terciles,paridad,paso,4,pt,287,2319,0.0503879,0.0242726,0.0183065,0.00361063,0.000999001,True,0.002997,True
T324C,1mM,8,terciles,paridad,paso,4,nsb,287,2319,0.0493199,0.0231838,0.0172349,0.00360256,0.000999001,True,0.002997,True
T324C,1mM,8,terciles,paridad,dwell_paso,4,plugin,287,2319,0.122784,0.0136011,0.00904675,0.00266741,0.000999001,True,0.002997,True
T324C,1mM,8,terciles,paridad,dwell_paso,4,mm,287,2319,0.120918,0.0117348,0.00718039,0.00266741,0.000999001,True,0.002997,True
T324C,1mM,8,terciles,paridad,dwell_paso,4,pt,287,2319,0.120918,0.0117348,0.00718039,0.00266741,0.000999001,True,0.002997,True
T324C,1mM,8,terciles,paridad,dwell_paso,4,nsb,287,2319,0.119856,0.0103971,0.00582391,0.00262872,0.000999001,True,0.002997,True
T324C,1mM,8,terciles,paridad,evento,8,plugin,287,2319,0.444143,0.238563,0.219945,0.0114904,0.000999001,True,0.002997,True
T324C,1mM,8,terciles,paridad,evento,8,mm,287,2319,0.312564,0.0980163,0.0774734,0.0123585,0.000999001,True,0.002997,True
T324C,1mM,8,terciles,paridad,evento,8,pt,287,2319,0.279903,0.0743237,0.0557051,0.0114904,0.000999001,True,0.002997,True
T324C,1mM,8,terciles,paridad,evento,8,nsb,287,2319,0.270392,0.0571234,0.0377422,0.0118629,0.000999001,True,0.002997,True
T324C,1mM,8,terciles,paridad,dwell,8,plugin,287,2319,0.0452326,0.0308564,0.0243339,0.00370011,0.000999001,True,0.002997,True
T324C,1mM,8,terciles,paridad,dwell,8,mm,287,2319,0.0299907,0.0156145,0.00909194,0.00370011,0.000999001,True,0.002997,True
T324C,1mM,8,terciles,paridad,dwell,8,pt,287,2319,0.0299907,0.0156145,0.00909194,0.00370011,0.000999001,True,0.002997,True
T324C,1mM,8,terciles,paridad,dwell,8,nsb,287,2319,0.0267693,0.0121258,0.00619041,0.00310388,0.000999001,True,0.002997,True
T324C,1mM,8,terciles,paridad,paso,8,plugin,287,2319,0.0516321,0.0255168,0.0195507,0.00361063,0.000999001,True,0.002997,True
T324C,1mM,8,terciles,paridad,paso,8,mm,287,2319,0.0503879,0.0242726,0.0183065,0.00361063,0.000999001,True,0.002997,True
T324C,1mM,8,terciles,paridad,paso,8,pt,287,2319,0.0503879,0.0242726,0.0183065,0.00361063,0.000999001,True,0.002997,True
T324C,1mM,8,terciles,paridad,paso,8,nsb,287,2319,0.0493199,0.0231838,0.0172349,0.00360256,0.000999001,True,0.002997,True
T324C,1mM,8,terciles,paridad,dwell_paso,8,plugin,287,2319,0.137536,0.0174544,0.012248,0.00303423,0.000999001,True,0.002997,True
T324C,1mM,8,terciles,paridad,dwell_paso,8,mm,287,2319,0.133181,0.0130996,0.00789312,0.00303423,0.000999001,True,0.002997,True
T324C,1mM,8,terciles,paridad,dwell_paso,8,pt,287,2319,0.133181,0.0130996,0.00789312,0.00303423,0.000999001,True,0.002997,True
T324C,1mM,8,terciles,paridad,dwell_paso,8,nsb,287,2319,0.132104,0.0107654,0.00567671,0.00284504,0.000999001,True,0.002997,True
